# Blender 5.1.0
# www.blender.org
mtllib Untitled.mtl
o Arie_Zipper_Chair001
v 2.051096 0.749382 0.298503
v 1.691409 0.203318 0.456128
v 1.887251 0.162979 0.376332
v 1.557186 0.557906 0.707724
v 1.615705 0.463265 -0.008625
v 2.156402 0.805318 0.221746
v 2.088235 0.031570 0.260639
v 2.261893 0.866156 0.308744
v 2.109652 0.940423 0.797811
v 2.063044 0.915119 0.882006
v 1.779660 0.479755 0.819204
v 1.671731 0.551382 -0.000300
v 1.789651 0.424631 0.829441
v 1.355167 0.267911 0.491320
v 1.572625 0.271678 0.065588
v 2.080896 0.015178 0.274508
v 1.518460 0.320741 0.041389
v 1.428658 0.533852 0.768424
v 2.221175 0.962566 0.259366
v 1.795739 0.414506 0.565317
v 1.891987 0.565681 0.859502
v 1.603906 0.510593 -0.002232
v 1.373434 0.553164 0.739319
v 2.115773 0.372122 0.333612
v 1.952690 0.647180 0.872544
v 1.576496 0.414054 -0.005917
v 1.853669 0.513989 0.124948
v 2.271307 0.917536 0.424672
v 1.719032 0.422085 0.542590
v 1.393937 0.263430 0.647080
v 1.349428 0.262218 0.594127
v 2.148140 0.553722 0.270021
v 1.602090 0.461799 0.142931
v 2.238395 0.797099 0.283497
v 1.935311 0.714743 0.666458
v 1.600540 0.415903 0.014628
v 1.713288 0.171994 0.471998
v 1.903748 0.511351 0.335297
v 1.912335 0.916305 0.927258
v 1.951751 0.500786 0.269237
v 1.301049 0.373705 0.575567
v 1.851555 0.525760 0.851537
v 1.890777 0.003959 0.820320
v 1.615928 0.489627 0.786699
v 2.258683 0.802309 0.438631
v 1.316781 0.311795 0.637296
v 1.929511 0.611858 0.860376
v 1.878971 0.807242 0.784159
v 1.555199 0.375444 -0.003814
v 1.721652 0.217306 0.743836
v 2.215748 0.902013 0.627147
v 2.112513 0.571434 0.253725
v 1.476786 0.371712 0.085014
v 1.920167 0.173652 0.656300
v 2.046920 0.797748 0.883038
v 1.383406 0.480336 0.615055
v 1.531188 0.332820 0.056105
v 1.739924 0.177111 0.433505
v 1.546932 0.204252 0.383400
v 1.567665 0.435528 0.575505
v 2.032431 0.712181 0.358926
v 1.695580 0.163407 0.424701
v 2.166241 0.719578 0.239865
v 2.063147 0.514567 0.210825
v 1.806203 0.424485 0.306079
v 2.002816 0.283438 0.230543
v 2.229183 0.726131 0.505019
v 1.326816 0.288678 0.589507
v 1.641311 0.560225 0.000542
v 1.832390 0.397873 0.489207
v 2.104319 0.930577 0.299592
v 2.264905 0.905782 0.297116
v 1.615186 0.354455 0.775496
v 2.134652 0.726426 0.225310
v 1.332242 0.025029 0.613164
v 2.265819 0.902563 0.502556
v 2.064244 0.325903 0.269490
v 1.370554 0.508987 0.747581
v 2.051757 0.709204 0.308454
v 1.702000 0.170834 0.464335
v 1.371716 0.543521 0.752897
v 1.418788 0.310615 0.204776
v 1.698339 0.151549 0.469614
v 2.124388 0.561271 0.262561
v 1.943591 0.815274 0.610867
v 1.761282 0.170547 0.464765
v 1.311386 0.339339 0.664192
v 2.263573 0.886164 0.302768
v 2.175976 0.871777 0.750172
v 1.956060 0.648151 0.871294
v 1.502488 0.434498 0.618225
v 1.553141 0.038063 0.073878
v 2.159993 0.612266 0.270169
v 2.252072 0.797793 0.324650
v 1.836481 0.400867 0.490703
v 1.803851 0.227764 0.760621
v 2.061667 0.311538 0.570748
v 1.857816 0.651738 0.805605
v 1.934602 0.723792 0.892865
v 1.315877 0.414456 0.701480
v 1.650257 0.542092 -0.008240
v 1.630872 0.520410 -0.012216
v 1.583928 0.410276 -0.002911
v 1.640064 0.532194 -0.010762
v 1.541395 0.545053 0.769831
v 2.001184 0.483976 0.198885
v 2.018538 0.491894 0.193512
v 1.423976 0.441949 0.535728
v 1.316594 0.432797 0.684945
v 2.131548 0.676944 0.234675
v 2.082336 0.948385 0.689444
v 2.171329 0.941230 0.611626
v 2.119305 0.947340 0.713172
v 1.356743 0.264838 0.492262
v 1.853597 0.531060 0.129806
v 2.147742 0.726131 0.728777
v 1.304161 0.375685 0.686561
v 1.878642 0.000000 0.819285
v 2.133112 0.571163 0.255664
v 2.090152 0.003959 0.281833
v 1.614975 0.295354 0.756975
v 2.082625 0.859208 0.866306
v 2.272670 0.908239 0.427709
v 2.163012 0.870105 0.190697
v 1.861466 0.513891 0.108396
v 1.953601 0.872265 0.936975
v 2.205088 0.936926 0.219472
v 1.950421 0.923642 0.935011
v 1.747361 0.156582 0.430038
v 1.745799 0.151549 0.447483
v 1.350082 0.019403 0.625738
v 1.709962 0.565996 0.112562
v 1.794119 0.360632 0.814483
v 1.890777 0.000000 0.820320
v 1.740395 0.171994 0.433286
v 1.858468 0.527737 0.836853
v 1.862887 0.421111 0.112450
v 1.298833 0.341906 0.664420
v 1.903013 0.714295 0.715840
v 1.303073 0.388190 0.599582
v 1.687349 0.163407 0.447316
v 2.220034 0.964290 0.363523
v 1.751509 0.420057 0.677150
v 2.045075 0.901440 0.470922
v 2.217698 0.892681 0.218722
v 1.726978 0.177111 0.469074
v 1.528428 -0.000000 0.068198
v 1.301462 0.316998 0.580884
v 1.610879 0.513491 0.798132
v 1.868868 0.685241 0.759909
v 1.690901 0.171994 0.435803
v 1.502347 0.298860 0.081513
v 2.155838 0.653960 0.246407
v 1.802040 0.290920 0.795389
v 1.837767 0.282955 0.143001
v 2.203330 0.721610 0.270477
v 2.173943 0.853099 0.747931
v 1.691507 0.505213 0.818722
v 1.330311 0.013053 0.624511
v 1.360920 0.516253 0.743979
v 1.530319 0.317641 0.049877
v 1.773591 0.521520 0.050620
v 1.634350 0.459511 0.159118
v 1.552703 -0.000000 0.070377
v 1.612706 0.548523 0.801705
v 1.618607 0.477305 0.006924
v 1.315397 0.396793 0.673328
v 1.339121 0.003959 0.632045
v 1.878089 0.749382 0.773837
v 2.044283 0.939022 0.668321
v 2.236062 0.880408 0.413287
v 1.785431 0.490870 0.833320
v 2.194453 0.913649 0.205520
v 1.892570 0.752205 0.716234
v 2.013343 0.500934 0.192330
v 2.263859 0.927349 0.495314
v 1.913526 0.798206 0.912307
v 2.265608 0.920920 0.293074
v 2.139766 0.917193 0.742671
v 1.885655 0.003959 0.809336
v 1.954935 0.647707 0.874370
v 1.689038 0.116238 0.435761
v 1.592879 0.309915 0.031867
v 1.457821 0.219030 0.350966
v 1.885655 0.000000 0.809336
v 1.830133 0.607654 0.799426
v 2.170230 0.649995 0.610262
v 1.371671 0.267096 0.452994
v 1.739402 0.177111 0.446894
v 1.926064 0.664121 0.865426
v 2.019324 0.495958 0.191881
v 1.709063 0.432681 0.205020
v 1.379999 0.454323 0.597531
v 1.962870 0.606209 0.863199
v 1.797865 0.533182 0.067202
v 2.196884 0.947340 0.500026
v 1.902912 0.003959 0.821354
v 1.915231 0.590314 0.853536
v 1.750846 0.420931 0.459370
v 1.529683 0.003959 0.068376
v 2.116807 0.565681 0.241814
v 1.989029 0.929055 0.939385
v 2.070817 0.439046 0.687610
v 1.594884 0.409779 -0.005639
v 1.707795 0.166609 0.466444
v 1.783045 0.506525 0.729291
v 1.769709 0.169577 0.467917
v 1.683972 0.156582 0.459596
v 2.114666 0.569964 0.238780
v 1.703496 0.570931 0.022279
v 1.691043 0.116248 0.427827
v 1.742294 0.116238 0.453873
v 1.792281 0.538762 0.801569
v 1.750965 0.531097 0.036738
v 2.199371 0.647414 0.304111
v 1.373832 0.527499 0.738855
v 1.333466 0.310615 0.439196
v 1.685813 0.435528 0.250897
v 1.545149 0.003959 0.079140
v 2.013000 0.512695 0.207046
v 1.575863 0.442035 0.140299
v 1.528428 0.003959 0.068198
v 1.942538 0.644755 0.869949
v 1.880256 0.637059 0.587601
v 1.547249 0.019843 0.083645
v 1.363164 0.274337 0.448167
v 1.730446 0.156582 0.476511
v 1.901650 0.003959 0.821258
v 2.037099 0.923934 0.915533
v 1.784467 0.511894 0.832109
v 1.345813 0.024450 0.606836
v 1.862782 0.640904 0.645051
v 1.980876 0.218897 0.262691
v 1.345205 0.291130 0.525628
v 2.164958 0.651763 0.258661
v 1.784899 0.526484 0.814761
v 2.039538 0.904769 0.912337
v 1.329615 0.363673 0.702334
v 1.838538 0.463855 0.491408
v 1.918455 0.754203 0.662883
v 1.309609 0.322517 0.588017
v 1.786102 0.483617 0.218128
v 1.729333 0.171994 0.425299
v 1.711239 0.336903 0.794060
v 1.546844 0.003959 0.060374
v 1.730446 0.103061 0.476511
v 1.711817 0.436014 0.200781
v 1.620638 0.467604 0.011405
v 1.350116 0.003959 0.626917
v 1.592718 0.409446 -0.003262
v 1.534277 0.003959 0.078228
v 1.713590 0.166609 0.468553
v 1.927008 0.659107 0.864591
v 1.656010 0.576116 0.031423
v 1.549377 0.201517 0.482697
v 1.739402 0.166609 0.446894
v 2.019730 0.425848 0.196811
v 1.982599 0.333987 0.737288
v 2.146114 0.611858 0.265264
v 2.181295 0.918801 0.198208
v 1.592674 0.206142 0.288957
v 2.243089 0.926765 0.243860
v 1.872687 0.419038 0.338575
v 2.165126 0.653652 0.264408
v 1.552891 0.468462 0.084648
v 1.683578 0.451160 0.669055
v 1.589718 0.488023 0.119295
v 1.554518 0.429754 0.631027
v 1.489469 0.319694 0.069788
v 1.444808 0.578164 0.731605
v 1.971754 0.944387 0.904939
v 2.099766 0.535940 0.231927
v 2.170275 0.719677 0.243763
v 1.835290 0.514510 0.847155
v 2.214309 0.956293 0.431690
v 1.636392 0.439504 0.228191
v 1.706266 0.162675 0.470644
v 2.102974 0.924760 0.804611
v 1.704355 0.177111 0.420559
v 1.402795 0.267536 0.331854
v 1.510941 0.312965 0.082809
v 1.739026 0.115885 0.472510
v 1.487375 0.572504 0.736839
v 1.938392 0.893455 0.915058
v 2.096015 0.477638 0.239724
v 2.132802 0.892202 0.816075
v 1.410058 0.474371 0.606970
v 2.249321 0.918742 0.353279
v 1.526669 0.303221 0.041163
v 2.223514 0.903281 0.633123
v 1.751362 0.143758 0.438618
v 1.923591 0.659010 0.883332
v 2.071893 0.903259 0.359546
v 1.758945 0.445762 0.052368
v 1.910066 0.892253 0.929706
v 1.540374 0.532345 0.766574
v 2.014854 0.494634 0.188876
v 1.323762 0.333186 0.625381
v 1.798160 0.362449 0.812977
v 2.015913 0.491527 0.189102
v 1.550173 0.441949 0.189007
v 1.766133 0.197108 0.239764
v 1.569532 0.480390 0.102661
v 1.702000 0.171994 0.464335
v 1.560320 0.537230 0.676021
v 1.417766 0.426663 0.337334
v 1.984227 0.218516 0.262719
v 1.335500 0.355444 0.671758
v 1.788864 0.511351 0.650937
v 1.877171 0.422440 0.340033
v 1.524810 0.306389 0.040755
v 1.616826 0.430995 0.645653
v 2.080426 0.923085 0.419603
v 1.771663 0.171520 0.465195
v 1.944323 0.611599 0.866549
v 1.831446 0.514567 0.847416
v 1.675524 0.570853 0.090667
v 1.896587 0.019403 0.810401
v 2.082897 0.025757 0.284021
v 1.871271 0.517064 0.231041
v 1.630096 0.474512 0.150991
v 1.505876 0.310606 0.083646
v 2.091187 0.000000 0.269698
v 1.865672 0.668243 0.704955
v 1.907673 0.596366 0.869986
v 2.126604 0.904454 0.815860
v 2.011889 0.642358 0.290062
v 1.772315 0.416080 0.630308
v 1.657900 0.285425 0.074656
v 2.141625 0.654283 0.267778
v 2.189238 0.647429 0.286672
v 2.160879 0.612580 0.267203
v 2.078345 0.912245 0.877082
v 1.965999 0.800143 0.916620
v 1.341075 0.013053 0.609045
v 1.434097 0.566091 0.754312
v 1.788089 0.509225 0.815714
v 1.540560 0.003959 0.069301
v 1.750531 0.527942 0.036380
v 1.397545 0.541999 0.759374
v 1.914258 0.590292 0.865699
v 1.904736 0.711991 0.716436
v 1.617292 0.204060 0.312873
v 2.090152 0.000000 0.281833
v 2.245415 0.872421 0.258374
v 1.705952 0.537601 0.011911
v 1.303189 0.319343 0.629040
v 1.586999 0.362386 0.001325
v 1.429619 0.552875 0.770047
v 2.031484 0.449886 0.749051
v 1.796074 0.288936 0.793981
v 1.784797 0.507983 0.830648
v 1.945490 0.937991 0.932447
v 2.262573 0.901681 0.502498
v 1.540512 -0.000000 0.069283
v 2.259103 0.922688 0.287585
v 2.182445 0.573927 0.496454
v 2.205947 0.647880 0.500877
v 1.358101 0.477879 0.735965
v 1.610842 0.516051 0.799690
v 1.976136 0.647424 0.871019
v 1.993664 0.609674 0.278493
v 1.446197 0.369698 0.132776
v 1.323344 0.376995 0.695582
v 1.791374 0.411406 0.563955
v 1.743983 0.163407 0.442318
v 1.643834 0.509089 -0.009033
v 1.366309 0.494969 0.726619
v 1.717743 0.170834 0.421081
v 1.333882 0.492351 0.708152
v 1.537709 0.025757 0.085588
v 1.738017 0.171994 0.460467
v 1.401338 0.344947 0.716529
v 1.696148 0.166609 0.431150
v 1.821231 0.609674 0.752248
v 2.195546 0.728468 0.616848
v 1.497481 0.403861 0.095519
v 1.907052 0.806062 0.907626
v 2.268949 0.905887 0.426632
v 2.078093 0.915111 0.875439
v 1.751362 0.115885 0.438618
v 1.878850 0.523693 0.413837
v 2.089858 0.016469 0.280775
v 1.340178 -0.000000 0.619958
v 1.373730 0.278527 0.450565
v 2.065104 0.534072 0.209301
v 2.223054 0.852221 0.632955
v 1.609125 0.490663 0.132846
v 1.927211 0.697237 0.601519
v 2.077334 0.799752 0.854820
v 1.873063 0.535940 0.854789
v 1.526541 0.307889 0.043142
v 2.169289 0.868599 0.199226
v 1.522999 0.371301 0.757679
v 1.624155 0.559228 0.054730
v 1.408726 0.235586 0.598136
v 1.492976 0.322980 0.082695
v 1.820276 0.523693 0.574769
v 1.787075 0.513067 0.837263
v 1.903952 0.921545 0.933969
v 1.443220 0.215857 0.499653
v 2.046297 0.919258 0.566844
v 1.913359 0.918801 0.934357
v 1.717999 0.203318 0.418154
v 2.003184 0.538758 0.222094
v 1.339661 0.035340 0.609705
v 1.446853 0.442998 0.541579
v 2.225063 0.888601 0.630219
v 1.928008 0.671160 0.524351
v 1.310021 0.312365 0.516504
v 1.922852 0.775930 0.901772
v 1.501379 0.447858 0.368074
v 2.010721 0.754200 0.409452
v 1.914313 0.798234 0.914999
v 1.462372 0.550191 0.778402
v 2.153192 0.448179 0.416897
v 1.437708 0.260957 0.267655
v 2.095086 0.311246 0.465813
v 2.021247 0.540480 0.201000
v 1.765773 0.427631 0.232959
v 1.968467 0.876489 0.628771
v 1.352979 0.485455 0.709700
v 2.132476 0.573255 0.252658
v 2.074640 0.577920 0.223769
v 1.849760 0.411406 0.403543
v 1.371625 0.307561 0.320177
v 2.182020 0.600538 0.299651
v 1.700016 0.171994 0.467167
v 1.767124 0.419042 0.628447
v 2.165569 0.957007 0.431047
v 2.167734 0.798206 0.213875
v 2.083634 0.699346 0.267578
v 2.010110 0.528143 0.217476
v 1.777654 0.173746 0.399062
v 2.035080 0.685241 0.303245
v 1.405711 0.289867 0.332736
v 1.617298 0.351416 0.016962
v 1.564197 0.349045 0.027556
v 2.060590 0.230201 0.442192
v 1.768124 0.424714 0.227820
v 1.298770 0.342967 0.619544
v 1.366779 0.528422 0.748581
v 1.789396 0.532533 0.762608
v 1.645251 0.509915 -0.011196
v 1.951505 0.604280 0.857694
v 1.336806 0.308448 0.527528
v 1.741796 0.165661 0.432633
v 2.132469 0.672996 0.239123
v 1.358161 0.518626 0.742400
v 1.718165 0.163407 0.473134
v 1.555128 0.245739 0.111270
v 2.112190 0.906330 0.233413
v 2.221868 0.852620 0.629056
v 2.005075 0.920924 0.648635
v 2.134723 0.591350 0.250013
v 1.623337 0.556997 0.757830
v 2.108946 0.620496 0.237900
v 1.578766 0.438943 0.135790
v 2.091050 0.549029 0.240350
v 1.737261 0.166609 0.434747
v 1.737261 0.166609 0.434747
v 2.179161 0.895138 0.193325
v 1.727740 0.490137 0.187628
v 2.264793 0.923748 0.293005
v 1.599560 0.440251 0.145709
v 1.933046 0.637059 0.442560
v 1.938927 0.710713 0.667541
v 1.884908 0.871117 0.930789
v 1.472199 0.272986 0.179043
v 1.888994 0.570450 0.861174
v 1.911223 0.439575 0.290064
v 2.115223 0.601399 0.264861
v 2.171346 0.649249 0.614135
v 1.627102 0.549764 0.721766
v 2.242978 0.929055 0.241666
v 2.090257 0.003959 0.280589
v 2.158055 0.870787 0.189357
v 1.515428 0.347674 0.057423
v 1.678250 0.496539 0.161690
v 1.591706 0.516047 0.051681
v 2.011909 0.493429 0.190757
v 1.886879 0.709334 0.767743
v 1.725066 0.162675 0.418990
v 2.016788 0.583657 0.239154
v 1.954124 0.698357 0.533890
v 1.771646 0.169577 0.462595
v 1.702000 0.177111 0.464335
v 1.907715 0.893299 0.932937
v 2.130750 0.905538 0.818904
v 1.432014 0.504203 0.624448
v 1.886184 0.003959 0.810494
v 1.789619 0.525911 0.764443
v 1.904026 0.905689 0.800559
v 1.470551 0.445900 0.467903
v 1.689027 0.273268 0.093620
v 2.041261 0.876068 0.411667
v 2.091215 0.000000 0.269685
v 2.021752 0.580310 0.816157
v 1.717743 0.177111 0.421081
v 1.353086 0.018965 0.613891
v 1.983496 0.950190 0.773274
v 1.358978 0.468461 0.617420
v 1.552686 0.396834 0.021125
v 1.340688 0.467613 0.636100
v 1.475980 0.564492 0.773372
v 1.457419 0.237359 0.276552
v 1.787189 0.526958 0.820023
v 1.723958 0.537586 0.022826
v 2.074616 0.453812 0.226880
v 2.112692 0.438509 0.592786
v 2.046130 0.631638 0.255391
v 1.717001 0.432459 0.347461
v 2.228138 0.937648 0.501276
v 2.090220 0.548599 0.228570
v 1.433038 0.490675 0.616642
v 2.092222 0.003959 0.257563
v 1.679971 0.143758 0.451016
v 1.705597 0.171994 0.423223
v 1.506522 0.289739 0.085587
v 1.320371 0.357187 0.655387
v 1.479162 0.284069 0.142034
v 1.603889 0.441981 0.213811
v 1.412321 0.442035 0.589676
v 1.508971 0.344365 0.045822
v 1.333579 0.409381 0.711918
v 2.018022 0.965584 0.801463
v 2.051982 0.712100 0.307901
v 2.032659 0.207492 0.351682
v 1.933258 0.903259 0.740443
v 1.615124 0.485295 -0.009576
v 1.672354 0.551572 -0.001983
v 1.879894 0.003959 0.819408
v 1.865212 0.499160 0.110530
v 1.497042 0.407371 0.090566
v 1.932552 0.424555 0.817403
v 1.924673 0.519849 0.170901
v 1.623428 0.483617 0.665073
v 2.225739 0.870380 0.633932
v 2.087971 0.022450 0.281655
v 1.742330 0.177111 0.447150
v 2.086605 0.038063 0.282292
v 2.173275 0.916305 0.210331
v 2.088723 0.956295 0.776718
v 2.226771 0.900433 0.628213
v 1.320154 0.322028 0.674133
v 1.691771 0.539740 0.004577
v 2.156734 0.502397 0.318377
v 1.927999 0.612705 0.868327
v 2.081226 0.003959 0.262690
v 1.325398 0.283773 0.590425
v 1.804331 0.182178 0.694526
v 2.084426 0.702780 0.266126
v 2.055987 0.651738 0.261137
v 1.573295 0.367174 -0.003594
v 1.796364 0.528188 0.068411
v 1.907487 0.895362 0.934864
v 1.535980 0.038063 0.081881
v 1.511959 0.273531 0.708323
v 2.269282 0.877937 0.360603
v 2.181517 0.720761 0.248379
v 1.616672 0.528410 -0.002496
v 1.340072 -0.000000 0.619949
v 1.339121 -0.000000 0.632045
v 1.380832 0.440909 0.589658
v 1.739402 0.171994 0.446894
v 2.080204 0.000000 0.274819
v 2.222485 0.899992 0.629281
v 1.851352 0.346769 0.128767
v 2.058310 0.902130 0.415186
v 1.882066 0.165372 0.508832
v 2.148800 0.574479 0.605928
v 2.187556 0.947968 0.207390
v 2.020924 0.362947 0.215680
v 1.847960 0.525204 0.494864
v 1.535409 -0.000000 0.058275
v 1.621931 0.503855 -0.011863
v 2.158452 0.611887 0.267527
v 1.626187 0.500727 -0.010158
v 1.732993 0.151549 0.420020
v 1.684490 0.432589 0.435130
v 2.143259 0.582129 0.260660
v 1.879235 0.903711 0.905424
v 1.996519 0.815274 0.465449
v 1.765238 0.173658 0.462857
v 1.955861 0.164609 0.532238
v 1.436016 0.264473 0.267195
v 1.634875 0.566267 0.022390
v 1.951311 0.925196 0.936883
v 1.891770 0.413714 0.290595
v 2.066202 0.671886 0.265376
v 1.691930 0.166609 0.442740
v 1.417267 0.365625 0.206404
v 2.184377 0.913099 0.205857
v 1.729333 0.177111 0.425299
v 1.577707 0.492184 0.095840
v 1.946259 0.719982 0.893616
v 2.101148 0.000000 0.276705
v 2.012434 0.813555 0.407263
v 1.950584 0.536013 0.846142
v 1.984322 0.643908 0.334103
v 2.174468 0.891849 0.199720
v 2.015876 0.510915 0.211373
v 1.863383 0.469778 0.408847
v 1.383706 0.241607 0.498160
v 1.563594 0.480755 0.078298
v 1.371767 0.513044 0.733982
v 1.862363 0.488977 0.122662
v 1.903389 0.443141 0.289759
v 1.694072 0.166609 0.454887
v 1.630675 0.538155 0.009693
v 1.381763 0.566267 0.717810
v 1.935874 0.541115 0.147413
v 1.704876 0.554425 0.013003
v 1.797875 0.518054 0.065815
v 2.257478 0.799932 0.368610
v 1.723930 0.535349 0.019954
v 1.630545 0.430303 0.592517
v 1.530158 0.025029 0.069395
v 2.067186 0.573428 0.763367
v 2.017668 0.362449 0.216596
v 1.893855 0.798750 0.916067
v 1.440196 0.532772 0.771512
v 1.559115 0.490137 0.650922
v 1.780920 0.500948 0.830903
v 1.382388 0.435108 0.588067
v 2.180066 0.719675 0.249613
v 1.550552 0.332399 0.009269
v 1.768564 0.430998 0.228760
v 2.189303 0.578926 0.361027
v 1.946626 0.932069 0.932934
v 1.353789 0.509750 0.673496
v 1.709468 0.143758 0.409121
v 1.612092 0.425470 0.794295
v 1.794082 0.426691 0.821285
v 1.359667 0.429238 0.521562
v 1.943268 0.876070 0.680813
v 2.017776 0.536385 0.202259
v 2.167960 0.800256 0.214568
v 1.492572 0.212281 0.363614
v 1.521573 0.428714 0.103917
v 2.273587 0.905328 0.427913
v 1.689003 0.177111 0.442484
v 1.694039 0.166609 0.436945
v 2.145431 0.930723 0.204934
v 1.877685 0.024450 0.814671
v 2.213127 0.924296 0.219190
v 2.079505 0.017703 0.275156
v 1.347937 0.440839 0.594508
v 2.182009 0.891896 0.197840
v 1.318413 0.297761 0.592082
v 1.685643 0.116248 0.442664
v 1.365782 0.527753 0.684980
v 1.550319 0.564380 0.745711
v 1.451348 0.440856 0.349699
v 1.515616 0.214676 0.300633
v 2.021542 0.492354 0.191684
v 2.005198 0.482310 0.199174
v 1.700314 0.203318 0.466742
v 2.129621 0.621130 0.269337
v 1.661133 0.437372 0.181474
v 1.348732 0.427270 0.575559
v 2.187669 0.588745 0.329717
v 1.740403 0.151549 0.462309
v 1.520925 0.444981 0.260906
v 1.942458 0.719217 0.893196
v 1.772485 0.466786 0.696253
v 1.592109 0.410834 -0.001898
v 1.549740 0.336905 0.011636
v 1.989717 0.926116 0.939950
v 1.787114 0.541920 0.800319
v 1.319503 0.368413 0.694125
v 2.078603 0.038063 0.265130
v 1.328879 0.428038 0.689274
v 1.713590 0.170834 0.468553
v 1.707392 0.381217 0.047616
v 1.692380 0.485598 0.813524
v 2.064537 0.310364 0.569165
v 1.351138 -0.000000 0.614788
v 1.765484 0.439718 0.690354
v 1.930010 0.911245 0.934755
v 1.360687 0.545907 0.731985
v 1.375459 0.537422 0.752760
v 1.849820 0.643908 0.703643
v 2.066616 0.722879 0.836881
v 1.314090 0.324228 0.583748
v 1.378589 0.540030 0.743072
v 2.101022 0.003959 0.265123
v 1.305354 0.318897 0.584570
v 1.692986 0.473373 0.799318
v 2.171697 0.921545 0.198347
v 1.938163 0.648910 0.870334
v 1.834756 0.451171 0.253715
v 1.731018 0.177111 0.422892
v 1.557608 0.463610 0.639137
v 2.077161 0.261025 0.375693
v 2.269150 0.925063 0.348667
v 1.688485 0.171994 0.442439
v 1.678845 0.425909 0.660802
v 1.442063 0.535009 0.769330
v 1.998428 0.541920 0.219739
v 1.403760 0.576116 0.724475
v 2.153124 0.728416 0.253613
v 2.016356 0.511948 0.195091
v 1.900364 0.676177 0.870129
v 2.078127 0.563131 0.244131
v 1.564823 0.322946 0.015308
v 1.920636 0.913099 0.930479
v 1.356452 0.520410 0.741746
v 2.181770 0.894577 0.194974
v 1.942676 0.178122 0.312464
v 2.121356 0.420857 0.300396
v 1.883769 0.003959 0.830281
v 1.410691 0.260456 0.333812
v 1.715666 0.104136 0.444817
v 2.123413 0.559252 0.247718
v 1.953367 0.922262 0.937629
v 1.621663 0.550963 0.019396
v 1.434265 0.446681 0.600354
v 1.540565 0.003959 0.069288
v 1.540618 -0.000000 0.069293
v 1.709468 0.115885 0.409121
v 1.685533 0.151549 0.442151
v 2.123861 0.920405 0.816248
v 1.713590 0.166609 0.468553
v 1.882360 0.165434 0.502871
v 1.714332 0.319401 0.073713
v 1.330311 0.003959 0.624511
v 2.031271 0.810933 0.350199
v 1.745690 0.116248 0.446970
v 1.362620 0.533458 0.747365
v 1.311809 0.302837 0.633972
v 1.692038 0.578164 0.052347
v 1.950680 0.922915 0.935012
v 2.100110 0.003959 0.275995
v 2.095829 0.802500 0.238759
v 1.408532 0.500859 0.623311
v 1.897784 0.003959 0.810358
v 1.340155 -0.000000 0.619910
v 1.542253 0.445900 0.270901
v 1.428787 0.460013 0.760296
v 1.555374 0.436046 0.630624
v 2.188021 0.897995 0.232029
v 1.884738 0.708699 0.766551
v 1.996850 0.890321 0.933499
v 2.171966 0.869999 0.190277
v 1.767525 0.464519 0.698232
v 2.204446 0.944387 0.265622
v 1.315087 0.304327 0.632096
v 1.322524 0.310431 0.588206
v 1.300842 0.319694 0.588035
v 2.228847 0.917193 0.497922
v 1.984013 0.949082 0.940862
v 1.904050 0.694981 0.654727
v 2.066418 0.531218 0.226374
v 1.977962 0.697237 0.462081
v 1.897474 0.416888 0.292304
v 1.386456 0.510612 0.733771
v 1.850552 0.453812 0.842490
v 2.077057 0.527737 0.236287
v 1.689537 0.165661 0.457001
v 1.411663 0.438951 0.594922
v 1.539985 0.452161 0.064184
v 2.172194 0.798152 0.215230
v 2.016835 0.511890 0.193686
v 1.694039 0.171994 0.436945
v 1.535187 0.531244 0.786663
v 1.896355 0.571434 0.847616
v 1.682041 0.225824 0.167526
v 2.273114 0.930146 0.422866
v 2.165009 0.684259 0.249111
v 1.944417 0.649208 0.871213
v 2.178799 0.719739 0.246195
v 1.948435 0.378671 0.790405
v 1.713590 0.171994 0.468553
v 2.153312 0.948385 0.494439
v 1.877687 0.876485 0.859490
v 1.664044 0.569786 0.007176
v 1.950970 0.926240 0.750764
v 2.261870 0.904367 0.501541
v 1.613716 0.410283 -0.004497
v 1.551763 0.441054 0.119839
v 2.166564 0.918103 0.752212
v 1.644977 0.401789 0.009467
v 1.341190 0.003959 0.607774
v 1.641404 0.189086 0.467998
v 1.735783 0.163407 0.424731
v 1.885703 0.016429 0.809461
v 2.174742 0.868967 0.192916
v 1.803055 0.179697 0.689036
v 1.915522 0.474391 0.837496
v 2.168965 0.958192 0.223300
v 1.820444 0.599745 0.702233
v 2.165425 0.804102 0.739948
v 1.733743 0.173746 0.519707
v 2.001636 0.872421 0.928151
v 1.306094 0.397755 0.670471
v 2.153592 0.536013 0.288381
v 1.340985 0.040210 0.619534
v 1.756551 0.419661 0.674412
v 1.308182 0.369698 0.511969
v 1.555994 0.432683 0.625561
v 1.307416 0.369299 0.650992
v 1.883018 0.160865 0.376563
v 2.054913 0.934071 0.856291
v 2.036884 0.887540 0.862565
v 2.007171 0.876016 0.552810
v 1.370596 0.363218 0.319871
v 1.781931 0.564380 0.109362
v 1.315569 0.372190 0.688758
v 1.375852 0.518346 0.751444
v 1.806738 0.160919 0.609206
v 1.890825 0.000000 0.820297
v 1.428754 0.524086 0.755752
v 1.691930 0.171994 0.442740
v 1.330194 0.003959 0.612902
v 1.899956 0.869090 0.930957
v 1.551945 0.435106 0.122203
v 2.088377 0.699805 0.268355
v 1.365165 0.530983 0.747269
v 1.316062 0.303472 0.587342
v 1.331366 0.027548 0.624019
v 1.328994 0.433664 0.610031
v 1.412198 0.225948 0.500937
v 1.693281 0.544211 0.141932
v 1.705940 0.151541 0.471718
v 2.137851 0.590292 0.251382
v 2.211817 0.922455 0.220014
v 1.329172 0.003959 0.625031
v 2.173195 0.905489 0.753788
v 2.268650 0.921789 0.423781
v 2.044981 0.866473 0.902277
v 1.447787 0.444981 0.461851
v 1.567105 0.386154 0.015578
v 2.165557 0.648882 0.265505
v 1.756791 0.413559 0.674292
v 1.601530 0.527753 0.037266
v 1.417138 0.568502 0.687775
v 1.582929 0.380113 0.017402
v 1.717743 0.166609 0.421081
v 1.896131 0.810933 0.721492
v 1.642668 0.568502 0.068137
v 1.613358 0.504203 0.126210
v 1.713167 0.163407 0.416500
v 1.547600 -0.000000 0.059370
v 2.245134 0.892866 0.249870
v 1.917698 0.799201 0.915682
v 1.692704 0.541115 0.815515
v 1.592012 0.410885 -0.005298
v 2.133493 0.873405 0.813079
v 1.979605 0.600538 0.855782
v 2.078304 0.935428 0.874075
v 1.977177 0.721610 0.891828
v 1.935289 0.502081 0.145918
v 1.570942 0.368920 -0.003479
v 1.694072 0.166609 0.454887
v 2.075953 0.927273 0.874379
v 2.213161 0.807048 0.629354
v 1.737261 0.171994 0.434747
v 1.643176 0.528422 -0.010814
v 1.734045 0.547879 0.053539
v 1.737293 0.170834 0.452689
v 2.001832 0.589475 0.837880
v 1.619161 0.461849 -0.008153
v 1.695359 0.424485 0.610618
v 2.188380 0.876220 0.621382
v 2.062472 0.531166 0.210227
v 2.172488 0.647180 0.271273
v 2.167582 0.927349 0.759832
v 2.150155 0.959832 0.255260
v 1.551438 0.003959 0.070226
v 2.023601 0.707834 0.417024
v 1.475453 0.308448 0.146599
v 1.721459 0.260601 0.113379
v 2.101058 0.020046 0.265106
v 1.797906 0.530866 0.068441
v 1.691737 0.540892 0.001833
v 1.788179 0.502926 0.832859
v 1.750805 0.413849 0.677570
v 2.096238 0.031570 0.277800
v 1.956593 0.640900 0.387321
v 1.543793 0.043619 0.076233
v 1.412294 0.256610 0.334395
v 1.505530 0.297761 0.077982
v 1.644929 0.210905 0.236773
v 1.533531 -0.000000 0.079206
v 1.822982 0.556622 0.839278
v 1.468802 0.444607 0.608996
v 1.538559 0.216883 0.237424
v 1.333596 0.409779 0.712243
v 1.403409 0.539950 0.657309
v 1.521709 0.412250 0.050325
v 1.504325 0.288512 0.083597
v 1.356926 0.311924 0.681785
v 1.733315 0.116248 0.420434
v 1.890772 0.003959 0.820333
v 1.705487 0.116238 0.471036
v 1.482219 0.371350 0.084885
v 1.615885 0.424714 0.646093
v 1.312178 0.332405 0.669343
v 1.535972 0.013053 0.059462
v 1.683895 0.330390 0.056398
v 1.926321 0.915091 0.935323
v 1.920956 0.868193 0.917626
v 1.905604 0.444185 0.294751
v 1.526974 0.441510 0.778508
v 2.236526 0.722879 0.370060
v 1.747361 0.103061 0.430038
v 1.861972 0.497782 0.107880
v 1.497244 0.565996 0.696999
v 1.980907 0.965473 0.880757
v 1.455318 0.268715 0.220397
v 1.362561 0.273132 0.643482
v 1.610360 0.501996 0.799848
v 1.703482 0.165661 0.418687
v 1.689839 0.162675 0.435417
v 1.705597 0.166609 0.423223
v 1.504318 0.469197 0.626756
v 1.643157 0.190040 0.418423
v 1.353815 0.024450 0.623997
v 1.381680 0.401789 0.732871
v 1.363095 0.480755 0.629164
v 1.730336 0.526463 0.041065
v 1.477754 0.547879 0.757694
v 1.721865 0.143758 0.480513
v 1.907014 0.868266 0.927788
v 2.064440 0.514539 0.213622
v 1.502155 0.295097 0.084395
v 1.670400 0.520062 0.012584
v 1.853979 0.414506 0.405305
v 1.904338 0.798658 0.914210
v 1.549160 0.438600 0.125975
v 2.080781 0.897125 0.873343
v 1.915640 0.569548 0.860565
v 1.536464 0.027548 0.060517
v 1.901175 0.025029 0.820239
v 1.555824 0.454544 0.113720
v 1.321537 0.419458 0.594259
v 1.377833 0.246077 0.598204
v 1.892089 0.419794 0.291366
v 2.223716 0.899720 0.629729
v 2.170546 0.904367 0.752451
v 1.841483 0.575955 0.578773
v 1.878966 0.741526 0.832111
v 1.531233 0.514615 0.786831
v 1.823293 0.422535 0.261403
v 1.933499 0.684364 0.882058
v 1.516770 0.318824 0.738079
v 1.330104 0.286517 0.637518
v 1.591988 0.492351 -0.000989
v 2.175234 0.648290 0.272279
v 1.341075 0.003959 0.609045
v 1.695756 0.566091 0.035410
v 1.545721 0.003959 0.080300
v 1.366436 0.354525 0.711127
v 1.324433 0.454072 0.649088
v 1.795144 0.510932 0.817961
v 1.612314 0.544333 0.045512
v 2.154645 0.656600 0.247759
v 1.924563 0.655094 0.880970
v 1.581457 0.460254 0.130942
v 1.340244 0.025029 0.630325
v 1.594057 0.197292 0.400552
v 1.596010 0.260571 0.084541
v 2.167382 0.720214 0.237396
v 1.436504 0.554859 0.753725
v 1.483545 0.222156 0.291641
v 1.551438 0.013053 0.070226
v 2.079267 0.525352 0.223071
v 2.249910 0.804102 0.507828
v 1.833279 0.525977 0.848584
v 1.617387 0.427631 0.640647
v 1.891158 0.897062 0.933047
v 1.535425 0.533182 0.788249
v 1.569392 0.443562 0.393011
v 2.208899 0.647424 0.336090
v 1.538837 0.343133 0.011870
v 1.936739 0.504859 0.144181
v 2.229741 0.877443 0.488682
v 1.333347 0.365625 0.436971
v 1.983220 0.962566 0.913142
v 2.111625 0.439527 0.588931
v 1.545721 -0.000000 0.080300
v 2.163074 0.644389 0.264287
v 1.860897 0.395168 0.826419
v 2.225473 0.903281 0.627740
v 1.648488 0.341631 0.036099
v 1.779643 0.511152 0.835423
v 1.890729 0.000000 0.820342
v 1.325640 0.313137 0.592110
v 1.469643 0.441075 0.603886
v 1.584961 0.509750 0.038355
v 2.172482 0.799201 0.213747
v 1.725393 0.151541 0.417916
v 1.365341 0.520476 0.724662
v 1.540568 -0.000000 0.069257
v 2.079968 0.022450 0.264494
v 2.264564 0.871777 0.506778
v 1.696148 0.171994 0.431150
v 2.135563 0.596366 0.243865
v 1.929988 0.266042 0.192650
v 2.175014 0.870036 0.192278
v 1.329172 -0.000000 0.625031
v 2.163198 0.649059 0.263428
v 2.035437 0.921274 0.914342
v 2.091159 0.000000 0.269711
v 1.538698 0.443385 0.486939
v 1.348325 0.484816 0.730466
v 1.573349 0.428038 0.017599
v 1.498054 0.303951 0.078713
v 2.215609 0.872469 0.221759
v 1.518163 0.226399 0.211766
v 1.348402 0.273806 0.526038
v 1.492224 0.444851 0.247514
v 2.077182 0.876901 0.292177
v 1.336116 0.321270 0.633908
v 2.192330 0.915091 0.204469
v 1.323854 0.287450 0.589619
v 1.471886 0.266827 0.177910
v 1.786417 0.493462 0.833633
v 1.450521 0.312365 0.130484
v 1.390081 0.303721 0.688438
v 2.084250 0.043619 0.272944
v 1.765602 0.364370 0.081115
v 1.357722 0.277940 0.446532
v 1.551907 0.019403 0.071231
v 1.987280 0.943079 0.938400
v 1.960911 0.599745 0.316301
v 2.024668 0.900131 0.559074
v 1.508630 0.286222 0.085144
v 2.050947 0.556622 0.212950
v 1.300914 0.371712 0.568219
v 1.901714 0.870682 0.920356
v 1.610936 0.500431 0.797444
v 1.827986 0.588432 0.641774
v 2.243892 0.940424 0.428983
v 1.609640 0.533261 0.019841
v 1.771539 0.422387 0.630213
v 1.339226 0.013053 0.630801
v 1.718997 0.463596 0.195707
v 2.015560 0.504393 0.194748
v 1.540512 -0.000000 0.069283
v 1.382552 0.525383 0.756679
v 2.018234 0.428272 0.206324
v 2.204523 0.937573 0.217769
v 1.648682 0.540030 0.000997
v 1.639649 0.553164 0.007902
v 2.114651 0.438509 0.587405
v 1.381597 0.432711 0.445201
v 1.535409 0.003959 0.058275
v 1.618261 0.207047 0.642875
v 1.784429 0.489842 0.832776
v 1.800115 0.362947 0.815789
v 2.020159 0.502925 0.195496
v 1.900270 0.558766 0.858434
v 2.147688 0.575254 0.602057
v 1.739026 0.143758 0.472510
v 2.111273 0.724906 0.785778
v 2.189922 0.572818 0.428697
v 2.183346 0.967223 0.322993
v 2.003397 0.895219 0.893483
v 1.870882 0.538278 0.851663
v 1.784185 0.504409 0.830456
v 1.356863 0.476416 0.737009
v 2.027084 0.876489 0.467724
v 2.061232 0.516154 0.226904
v 1.540618 -0.000000 0.069293
v 1.700887 0.103061 0.413123
v 1.687973 0.115885 0.468177
v 1.973279 0.670600 0.396775
v 1.862991 0.516051 0.106915
v 1.815889 0.231068 0.168933
v 1.999446 0.755066 0.468219
v 2.078935 0.910747 0.875266
v 2.006215 0.484878 0.201320
v 1.739924 0.203318 0.433506
v 1.459277 0.530756 0.773267
v 2.080204 0.003959 0.274819
v 1.676418 0.189430 0.375968
v 1.456940 0.278527 0.221948
v 1.901871 0.677487 0.869118
v 2.036137 0.711991 0.360158
v 2.270324 0.914552 0.352413
v 1.660021 0.547975 0.122008
v 1.426917 0.546523 0.655402
v 1.781061 0.492160 0.833156
v 2.190339 0.876220 0.616000
v 1.304992 0.371350 0.571809
v 1.940770 0.612671 0.866708
v 2.224812 0.900433 0.633595
v 2.019816 0.311246 0.672614
v 1.930359 0.719884 0.892113
v 2.065608 0.946385 0.854828
v 1.574215 0.367638 -0.001027
v 1.733189 0.452950 0.037257
v 2.169662 0.895847 0.190937
v 1.883050 0.906330 0.862969
v 2.237891 0.724908 0.437913
v 1.611320 0.508684 0.796262
v 2.194822 0.912894 0.207758
v 2.076838 0.019843 0.276400
v 1.705597 0.166609 0.423223
v 1.692016 0.484271 0.812457
v 1.871315 0.549029 0.844067
v 1.932977 0.709352 0.665282
v 2.089226 0.741526 0.254426
v 1.751850 0.416763 0.672190
v 1.663639 0.440769 0.177069
v 1.503223 0.440807 0.617822
v 1.742847 0.171994 0.447195
v 1.700845 0.526956 0.024044
v 1.779860 0.490955 0.829899
v 1.335249 0.450261 0.623277
v 1.718167 0.151549 0.414624
v 1.711433 0.429745 0.199908
v 1.779023 0.481703 0.817550
v 1.477502 0.558390 0.759569
v 1.379645 0.530421 0.755559
v 1.368069 0.296779 0.455269
v 1.700887 0.156582 0.413123
v 2.006360 0.719867 0.882246
v 1.851569 0.525561 0.848403
v 1.934969 0.485618 0.147446
v 1.762774 0.557906 0.142876
v 1.331223 0.003959 0.613639
v 1.909036 0.920519 0.932069
v 1.610265 0.497517 0.796020
v 1.786202 0.490143 0.832304
v 1.761776 0.172696 0.461623
v 1.641269 0.488234 0.150459
v 1.763156 0.170547 0.459616
v 1.394338 0.559228 0.686145
v 2.121611 0.907676 0.820703
v 1.882859 0.698834 0.818339
v 1.695550 0.163407 0.464903
v 1.799994 0.160865 0.604669
v 2.159820 0.905507 0.748370
v 1.717335 0.271139 0.776595
v 1.899789 0.679680 0.872443
v 1.372649 0.560225 0.738684
v 1.303027 0.342369 0.662359
v 1.975928 0.532488 0.250082
v 1.349830 0.503855 0.735729
v 2.015472 0.360632 0.212820
v 2.136393 0.570221 0.254660
v 1.788055 0.489858 0.835138
v 1.884489 0.013053 0.829260
v 1.325981 0.410276 0.705790
v 1.669385 0.465629 0.171710
v 2.144022 0.663941 0.266558
v 1.602857 0.226676 0.168586
v 1.379345 0.544334 0.685594
v 1.945792 0.934419 0.933499
v 2.242213 0.942785 0.242818
v 2.091103 0.000000 0.269737
v 1.416658 0.390734 0.737126
v 1.942289 0.649203 0.871860
v 1.360793 0.533261 0.703541
v 1.707795 0.171994 0.466444
v 1.545630 0.016429 0.080173
v 2.110584 0.939022 0.486161
v 1.430703 0.276649 0.341096
v 1.725736 0.177111 0.466411
v 1.890790 0.000000 0.820347
v 1.351307 0.518664 0.693599
v 1.542348 0.317309 0.057946
v 1.679727 0.422534 0.655859
v 1.883449 0.620496 0.857446
v 2.223942 0.901542 0.629811
v 1.547319 0.025029 0.061393
v 1.347663 0.035340 0.626866
v 1.895360 0.003959 0.830172
v 1.503344 0.544211 0.663778
v 1.385045 0.528454 0.661393
v 1.934783 0.938361 0.924141
v 1.728078 0.177756 0.641365
v 1.652027 0.520538 -0.010107
v 1.612568 0.539950 0.082650
v 2.048277 0.647458 0.822030
v 2.098102 0.584166 0.257018
v 1.939713 0.647689 0.874303
v 2.224627 0.913712 0.630327
v 1.876507 0.873414 0.904237
v 1.890816 0.000000 0.820403
v 1.939293 0.408757 0.155431
v 2.037337 0.921030 0.916378
v 1.703478 0.461242 0.019827
v 1.691802 0.503184 0.815835
v 2.175963 0.890493 0.752358
v 1.942819 0.612042 0.865867
v 1.902912 0.000000 0.821354
v 2.241164 0.942533 0.244039
v 1.895898 0.000000 0.831303
v 1.740387 0.565739 0.039453
v 2.122646 0.943696 0.426662
v 2.225013 0.852221 0.627573
v 1.744796 0.537230 0.169177
v 1.354176 0.455825 0.606161
v 1.396417 0.466872 0.755879
v 2.264759 0.905489 0.502221
v 1.853434 0.522972 0.851886
v 1.934623 0.553359 0.855614
v 1.383539 0.529757 0.755732
v 1.397534 0.549157 0.759353
v 1.336398 0.418507 0.697562
v 1.535052 0.528188 0.786359
v 2.198587 0.965473 0.282687
v 1.796934 0.516779 0.068531
v 2.220283 0.902175 0.631947
v 1.702000 0.166609 0.464335
v 1.726978 0.203318 0.469074
v 1.894005 0.876901 0.795450
v 2.224521 0.870554 0.630022
v 1.737261 0.177111 0.434747
v 1.875096 0.477774 0.846572
v 2.081226 0.000000 0.262690
v 2.227697 0.870380 0.628550
v 2.224806 0.924598 0.630171
v 1.430437 0.279748 0.207836
v 2.174223 0.902563 0.754213
v 1.870920 0.538517 0.854593
v 1.785782 0.438272 0.068112
v 2.015265 0.943699 0.721647
v 1.790699 0.536385 0.826145
v 1.364009 0.467931 0.715635
v 2.025916 0.714755 0.417543
v 1.426936 0.276760 0.351454
v 1.688041 0.103718 0.457699
v 2.096086 0.538278 0.232920
v 1.783226 0.500829 0.732362
v 2.208877 0.898661 0.246039
v 1.894084 0.419661 0.296543
v 2.157928 0.797520 0.206372
v 1.934695 0.488741 0.147768
v 2.091209 0.000000 0.269746
v 2.228230 0.888651 0.628744
v 1.713590 0.177111 0.468553
v 2.265960 0.890493 0.505094
v 1.469156 0.473915 0.618145
v 1.687973 0.143758 0.468177
v 2.102170 0.003959 0.264576
v 1.694072 0.177111 0.454887
v 1.896598 0.505767 0.849369
v 1.620352 0.457896 0.653594
v 1.571458 0.442998 0.199230
v 1.367519 0.473253 0.748029
v 1.965718 0.898661 0.914114
v 1.742526 0.151541 0.454658
v 1.325507 0.386122 0.679496
v 2.153067 0.871393 0.185344
v 1.532520 0.516487 0.784390
v 2.130778 0.590314 0.261324
v 2.101148 0.003959 0.276705
v 1.754960 0.519197 0.056426
v 1.330194 -0.000000 0.612902
v 1.925006 0.654244 0.862897
v 2.003252 0.545292 0.222777
v 1.899846 0.870810 0.933099
v 2.150759 0.574479 0.600547
v 1.897715 0.035340 0.812820
v 1.877841 0.416103 0.340473
v 1.408413 0.535493 0.766490
v 1.911615 0.561271 0.847149
v 1.791955 0.528151 0.816912
v 1.309633 0.348066 0.621543
v 1.735184 0.170834 0.458483
v 1.866547 0.497541 0.107348
v 2.018546 0.220853 0.558523
v 2.261567 0.853099 0.507187
v 1.315938 0.367968 0.694513
v 1.729333 0.166609 0.425299
v 1.693316 0.171994 0.429167
v 1.897056 0.003959 0.811405
v 1.934576 0.495606 0.149028
v 1.821954 0.505255 0.830152
v 1.942777 0.719739 0.894661
v 1.318249 0.298871 0.587331
v 1.413077 0.263694 0.334680
v 1.894838 0.414146 0.293024
v 1.410487 0.537129 0.764306
v 1.920200 0.617581 0.872618
v 1.725736 0.166609 0.466411
v 1.349078 0.003959 0.626206
v 1.866539 0.500768 0.107693
v 2.118222 0.911209 0.809194
v 1.785438 0.538821 0.827760
v 2.133960 0.798269 0.204770
v 2.123814 0.932759 0.239130
v 2.092065 0.551262 0.225351
v 2.077348 0.925063 0.876247
v 2.102170 0.000000 0.264576
v 1.679971 0.115885 0.451016
v 1.732385 0.558390 0.059283
v 1.713334 0.203318 0.471480
v 2.114918 0.574580 0.234564
v 1.604940 0.485455 0.017443
v 1.627766 0.193910 0.545280
v 1.442657 0.278183 0.215436
v 1.924719 0.728416 0.881149
v 1.434258 0.570931 0.762003
v 1.865883 0.543438 0.851039
v 1.885587 0.699805 0.817626
v 1.786125 0.488936 0.832267
v 1.500553 0.301664 0.081154
v 1.535972 0.003959 0.059462
v 1.704439 0.544970 0.013880
v 1.551604 0.468558 0.058263
v 1.736878 0.552821 0.026905
v 1.867671 0.576294 0.502156
v 2.064816 0.525977 0.212440
v 1.349078 0.013053 0.626206
v 1.545645 0.396368 0.010180
v 1.885880 0.574580 0.863840
v 2.188468 0.938361 0.227148
v 1.327312 0.289653 0.589501
v 1.893726 0.538588 0.211493
v 2.030808 0.607654 0.248075
v 1.991688 0.709567 0.547548
v 1.431976 0.276760 0.329829
v 1.735184 0.171994 0.458483
v 1.452955 0.296779 0.222048
v 1.932283 0.944719 0.933368
v 1.772784 0.462390 0.701060
v 1.642772 0.511601 -0.007577
v 1.743291 0.103718 0.431935
v 1.409661 0.269920 0.334125
v 1.949966 0.703641 0.882969
v 1.890208 0.930723 0.906152
v 1.628955 0.248833 0.115164
v 1.319950 0.295097 0.585000
v 1.401546 0.268583 0.330587
v 1.945986 0.503390 0.267864
v 1.911428 0.847730 0.909141
v 1.901152 0.671283 0.593074
v 2.018137 0.222545 0.554904
v 1.740289 0.116248 0.461807
v 2.270523 0.897085 0.356828
v 1.596944 0.443108 0.150767
v 1.913993 0.892881 0.934910
v 1.359359 0.477305 0.719200
v 1.705597 0.170834 0.423223
v 2.210704 0.800143 0.244301
v 1.848086 0.577920 0.846220
v 2.156098 0.473301 0.351753
v 1.587109 0.418507 0.008741
v 1.354186 0.500727 0.737158
v 1.864493 0.550048 0.852646
v 2.091271 0.000000 0.269659
v 1.799894 0.290626 0.793982
v 1.654805 0.237880 0.140807
v 1.573907 0.414456 -0.007451
v 2.092107 0.003959 0.258833
v 1.955650 0.162618 0.535628
v 1.992085 0.908479 0.937688
v 2.088142 0.905689 0.294705
v 2.176790 0.703641 0.259773
v 1.434132 0.461838 0.604396
v 2.264323 0.914274 0.339390
v 1.895049 0.726426 0.883615
v 1.862451 0.551262 0.856208
v 1.507611 0.309607 0.088903
v 1.350956 0.415903 0.700354
v 1.661187 0.530565 -0.006955
v 1.690938 0.171994 0.456348
v 1.621471 0.297565 0.052489
v 2.106433 0.573927 0.705296
v 1.737591 0.203318 0.460169
v 1.881637 0.670601 0.648533
v 1.534277 0.013053 0.078228
v 1.707795 0.170834 0.466444
v 1.497245 0.241608 0.191145
v 1.696148 0.166609 0.431150
v 2.091164 0.000000 0.269649
v 1.741493 0.162675 0.454217
v 1.538934 0.555921 0.787120
v 1.565345 0.371942 0.001836
v 1.725736 0.171994 0.466411
v 1.787723 0.532345 0.086988
v 1.781759 0.482382 0.818159
v 1.737020 0.176133 0.453423
v 1.354589 0.479710 0.734421
v 1.713165 0.151549 0.475010
v 2.226271 0.888651 0.634126
v 1.691930 0.170834 0.442740
v 1.802059 0.564360 0.707769
v 2.193587 0.728468 0.622230
v 1.358067 0.522429 0.687758
v 1.994432 0.694987 0.406437
v 1.435214 0.443109 0.595136
v 1.693741 0.177111 0.429465
v 1.490698 0.318897 0.075343
v 1.833043 0.511612 0.847822
v 1.319986 0.407404 0.577005
v 2.120623 0.639029 0.240389
v 1.642327 0.527499 0.001171
v 2.030095 0.706950 0.480647
v 1.912594 0.589934 0.864316
v 1.739402 0.166609 0.446894
v 2.009048 0.509223 0.208561
v 2.082348 0.878238 0.869682
v 1.797651 0.226204 0.759344
v 1.433972 0.440274 0.600675
v 1.750302 0.530075 0.039325
v 1.631607 0.444607 0.161694
v 1.971927 0.528835 0.247035
v 1.700780 0.408756 0.810744
v 1.995140 0.967223 0.840085
v 1.918359 0.813550 0.665660
v 2.130000 0.908469 0.817750
v 1.673682 0.541999 0.000694
v 1.614652 0.245996 0.725715
v 1.846572 0.631638 0.803670
v 2.212931 0.647458 0.369648
v 2.097998 0.538517 0.230701
v 2.246804 0.946385 0.356995
v 1.385164 0.492294 0.624933
v 2.095291 0.603378 0.232698
v 1.370723 0.512745 0.743877
v 1.383944 0.273688 0.324623
v 2.177613 0.719217 0.247113
v 1.673347 0.468122 0.001607
v 1.855549 0.664013 0.756750
v 1.906553 0.868890 0.931839
v 1.340127 -0.000000 0.619923
v 1.545149 0.013053 0.079140
v 1.910797 0.209124 0.222687
v 2.042575 0.885511 0.907407
v 2.023580 0.647426 0.845042
v 1.692306 0.115885 0.417124
v 2.058407 0.807242 0.291162
v 1.978646 0.217007 0.259700
v 1.461991 0.543315 0.776894
v 2.223942 0.899844 0.629810
v 2.171789 0.903207 0.754561
v 1.318025 0.429799 0.635690
v 1.468111 0.438259 0.609394
v 1.898849 0.896473 0.933247
v 1.497792 0.302548 0.073168
v 1.526054 0.213262 0.569824
v 2.128083 0.944348 0.596224
v 1.447305 0.274337 0.216993
v 1.527543 0.436392 0.069801
v 2.061219 0.514375 0.213184
v 1.855066 0.408372 0.404894
v 1.721865 0.115885 0.480513
v 1.704355 0.203318 0.420559
v 1.571523 0.370085 -0.000231
v 1.745988 0.308027 0.091825
v 1.705597 0.177111 0.423223
v 1.392747 0.563849 0.746651
v 1.648328 0.509468 0.010277
v 2.137668 0.877443 0.741650
v 1.807729 0.583731 0.751654
v 1.777875 0.503390 0.729744
v 1.557047 0.207623 0.320697
v 1.470074 0.269901 0.177619
v 1.971024 0.504698 0.826681
v 2.005528 0.708030 0.552585
v 1.861154 0.508684 0.109848
v 1.907020 0.636289 0.516645
v 2.091914 0.880328 0.805592
v 1.987995 0.938464 0.939652
v 1.897056 0.013053 0.811405
v 1.873278 0.536206 0.851397
v 2.161724 0.604280 0.280124
v 1.456661 0.523220 0.760617
v 2.044778 0.505255 0.217949
v 1.320282 0.413620 0.702322
v 1.320576 0.290050 0.520043
v 1.914498 0.802293 0.913140
v 1.920287 0.797550 0.914036
v 1.409464 0.488029 0.614529
v 1.926991 0.501593 0.165261
v 1.893920 0.897922 0.930721
v 1.694039 0.170834 0.436945
v 1.585325 0.474359 0.125447
v 2.016534 0.706873 0.475781
v 1.440836 0.535888 0.771582
v 1.307871 0.374389 0.685799
v 1.330195 0.408086 0.515580
v 1.805858 0.529317 0.200267
v 1.637613 0.513044 0.003576
v 1.417193 0.444851 0.453661
v 2.146851 0.617581 0.249901
v 1.895898 0.003959 0.831303
v 2.212007 0.807649 0.625467
v 1.881367 0.167404 0.505124
v 1.731316 0.171994 0.422467
v 1.344357 0.279748 0.444339
v 1.868367 0.671886 0.808923
v 2.194657 0.912242 0.619683
v 1.510314 0.420638 0.077414
v 1.624027 0.520476 0.013928
v 2.180812 0.918714 0.199369
v 1.925504 0.473373 0.160482
v 1.891450 0.431390 0.832226
v 1.723538 0.170834 0.423190
v 2.136557 0.903711 0.198438
v 1.728011 0.572504 0.075698
v 2.037002 0.708493 0.421810
v 1.623510 0.502364 -0.010255
v 1.341905 0.384286 0.688688
v 1.381215 0.467645 0.606109
v 1.894847 0.024450 0.806668
v 2.158543 0.721182 0.229690
v 2.268109 0.926487 0.349269
v 2.125638 0.802229 0.800406
v 2.263564 0.922451 0.294585
v 1.489017 0.285577 0.187184
v 1.881316 0.798269 0.898905
v 1.350141 0.423910 0.579683
v 1.645026 0.468295 -0.010623
v 1.548561 0.334896 0.008842
v 1.397115 0.551276 0.748338
v 1.702000 0.166609 0.464335
v 2.064631 0.511612 0.211541
v 1.615687 0.531060 0.783458
v 1.561749 0.467752 0.108373
v 1.410627 0.460268 0.600272
v 1.299019 0.366582 0.650071
v 1.382668 0.438600 0.583440
v 1.919560 0.930577 0.807214
v 1.773939 0.524709 0.050978
v 2.020506 0.220853 0.553136
v 1.727197 0.171994 0.469545
v 1.850347 0.174150 0.303958
v 1.846964 0.474791 0.248005
v 1.497228 0.327428 0.082609
v 1.342080 0.019403 0.608577
v 1.717999 0.177111 0.418154
v 1.932778 0.483701 0.151276
v 1.795373 0.514979 0.069495
v 1.977477 0.754546 0.542336
v 1.947614 0.755066 0.610627
v 1.460881 0.290050 0.134558
v 1.656589 0.439277 0.321874
v 2.050967 0.957011 0.745879
v 1.717743 0.171994 0.421081
v 1.801301 0.228088 0.758443
v 1.532300 0.369299 0.033129
v 2.169450 0.798234 0.212094
v 1.764283 0.444290 0.683047
v 2.178027 0.892871 0.194952
v 1.920399 0.466599 0.289865
v 2.269284 0.854241 0.435610
v 1.978444 0.928510 0.908229
v 2.206781 0.932069 0.221275
v 1.731018 0.203318 0.422892
v 2.156808 0.658391 0.245154
v 1.395315 0.440052 0.529310
v 2.049297 0.964290 0.832620
v 1.845656 0.556997 0.147014
v 1.333875 0.410834 0.707594
v 2.133703 0.873414 0.197594
v 2.161614 0.648600 0.262429
v 1.559567 0.374271 -0.000895
v 1.916822 0.621130 0.853996
v 1.504531 0.496539 0.638981
v 1.693009 0.495960 0.813498
v 1.901650 0.013053 0.821258
v 1.796296 0.408370 0.566339
v 1.893995 0.639029 0.863045
v 2.180137 0.869403 0.216727
v 1.462718 0.552821 0.780152
v 1.861174 0.563131 0.840205
v 1.919541 0.875854 0.733530
v 1.394328 0.569786 0.748213
v 1.351138 0.003959 0.614788
v 1.780609 0.422085 0.373408
v 1.350116 -0.000000 0.626917
v 1.340155 0.003959 0.619909
v 1.700314 0.177111 0.466742
v 1.639209 0.533458 -0.012555
v 2.098950 0.535306 0.232821
v 2.032272 0.714625 0.359010
v 1.737591 0.177111 0.460169
v 1.693742 0.203318 0.429465
v 2.165255 0.894656 0.206532
v 1.724465 0.538465 0.020312
v 1.606694 0.443385 0.300123
v 1.694072 0.170834 0.454887
v 1.331615 0.410885 0.710136
v 1.977271 0.525890 0.248801
v 1.522887 0.297516 0.099548
v 1.958593 0.902133 0.689077
v 1.825816 0.425939 0.257013
v 1.696148 0.177111 0.431150
v 1.988847 0.926745 0.939259
v 1.842629 0.642358 0.755101
v 1.691930 0.166609 0.442740
v 1.349495 0.463558 0.725052
v 1.735184 0.166609 0.458483
v 1.679039 0.535480 -0.002181
v 1.776369 0.457897 0.224943
v 1.883160 0.701571 0.819956
v 1.883769 0.000000 0.830281
v 1.717743 0.166609 0.421081
v 2.255182 0.934638 0.296844
v 1.887362 0.466465 0.337383
v 2.166316 0.895305 0.190475
v 2.065146 0.918742 0.859292
v 1.494022 0.300141 0.079347
v 1.660921 0.531649 -0.010016
v 1.692382 0.482474 0.813946
v 2.092222 0.000000 0.257563
v 1.712854 0.116248 0.474600
v 1.368504 0.512947 0.746366
v 1.659156 0.563849 0.014700
v 1.787133 0.493341 0.835144
v 1.883029 0.690896 0.708536
v 1.990507 0.477317 0.802212
v 1.743359 0.143758 0.421457
v 1.978208 0.230201 0.668535
v 2.074895 0.025757 0.266859
v 1.491803 0.429238 0.158522
v 2.099271 0.431503 0.261043
v 1.974556 0.816374 0.541219
v 1.473339 0.287274 0.139399
v 1.701607 0.538588 0.739335
v 2.168107 0.775930 0.227941
v 2.072211 0.395168 0.245840
v 1.605400 0.476419 0.138294
v 1.494269 0.324296 0.088682
v 1.642672 0.511802 -0.010911
v 1.578683 0.445521 0.135384
v 1.623461 0.218953 0.201979
v 1.533076 0.515482 0.784014
v 1.713333 0.177111 0.471480
v 1.920042 0.958192 0.907210
v 1.825631 0.419615 0.256269
v 1.537029 0.341906 0.009983
v 1.792550 0.540480 0.829342
v 1.688807 0.151541 0.434976
v 1.535121 0.433145 0.043571
v 1.320742 0.406543 0.569748
v 1.889054 0.416763 0.295224
v 1.369717 0.550963 0.711610
v 1.554870 0.025757 0.077586
v 1.902668 0.798044 0.913683
v 1.782038 0.489053 0.833621
v 1.933991 0.485199 0.148385
v 1.691526 0.538130 0.001597
v 1.367712 0.538155 0.732178
v 1.524091 0.440052 0.175500
v 1.546635 0.286711 0.049342
v 2.174205 0.606395 0.281042
v 1.310475 0.300141 0.583639
v 1.540618 -0.000000 0.069293
v 1.547600 0.003959 0.059370
v 2.239600 0.949082 0.238641
v 1.347418 0.428630 0.582483
v 1.927824 0.588434 0.367463
v 2.008263 0.173652 0.414257
v 1.629350 0.546523 0.099222
v 1.916039 0.547945 0.185152
v 2.024346 0.427166 0.200792
v 1.913890 0.570781 0.858000
v 2.217159 0.907670 0.218284
v 1.547722 0.357187 0.030746
v 1.736418 0.550585 0.028300
v 2.173054 0.647823 0.269120
v 1.902915 0.601399 0.848171
v 2.189357 0.886551 0.221245
v 1.599583 0.446634 0.146131
v 2.022846 0.664013 0.297104
v 1.884489 0.003959 0.829260
v 1.728548 0.103577 0.472442
v 1.723538 0.166609 0.423190
v 1.346122 0.485267 0.729527
v 1.428398 0.555743 0.771553
v 1.936765 0.336903 0.174430
v 1.590901 0.439277 0.502349
v 2.196942 0.933529 0.620629
v 1.696148 0.170834 0.431150
v 2.121176 0.474391 0.272467
v 1.540512 -0.000000 0.069283
v 1.895360 0.013053 0.830172
v 1.635730 0.516253 -0.011055
v 1.756324 0.417045 0.679941
v 1.649732 0.543521 -0.010946
v 2.175381 0.647707 0.271317
v 1.592963 0.201509 0.338089
v 2.015267 0.511137 0.188051
v 1.317730 0.316243 0.630160
v 2.025163 0.752205 0.351938
v 1.928709 0.720214 0.893144
v 1.865715 0.548523 0.106569
v 1.797618 0.514830 0.065458
v 2.231721 0.886779 0.337104
v 1.978378 0.923088 0.699912
v 1.375628 0.540502 0.751335
v 1.765921 0.171982 0.460551
v 2.215177 0.921276 0.219922
v 2.105845 0.876485 0.232631
v 2.055235 0.546260 0.231001
v 1.903467 0.870846 0.933526
v 1.895630 0.932759 0.866061
v 1.546498 0.339339 0.018226
v 1.349990 0.013053 0.615335
v 2.128111 0.930144 0.821283
v 1.614969 0.502835 0.016444
v 2.081385 0.525417 0.220691
v 1.987719 0.927481 0.937006
v 1.884013 0.025029 0.828241
v 2.092032 0.018926 0.258868
v 1.541972 0.505226 0.774588
v 2.051291 0.262094 0.301470
v 1.342712 0.504282 0.682575
v 1.342217 0.510598 0.716748
v 1.427795 0.234230 0.340037
v 1.967874 0.712963 0.616835
v 1.483338 0.291130 0.146110
v 1.678221 0.419619 0.661290
v 2.038332 0.720817 0.862410
v 1.521863 0.423909 0.107880
v 2.211125 0.922983 0.220063
v 1.674507 0.390734 0.028691
v 1.697372 0.501593 0.796133
v 1.744917 0.430303 0.278284
v 1.885729 0.711736 0.768158
v 1.889418 0.869895 0.928371
v 1.357722 0.271011 0.491597
v 2.081343 0.003959 0.274299
v 1.978974 0.706923 0.620767
v 1.916166 0.721182 0.895616
v 2.018071 0.493353 0.191215
v 1.617395 0.484816 -0.008799
v 1.840237 0.516314 0.833841
v 2.250545 0.905507 0.499105
v 1.635956 0.493251 -0.007843
v 1.414551 0.263238 0.336091
v 1.950387 0.564360 0.300242
v 1.531641 0.517734 0.786722
v 2.260011 0.917173 0.499649
v 1.601125 0.528454 0.067717
v 1.413200 0.263786 0.334725
v 2.214140 0.647541 0.435675
v 1.610152 0.498875 0.800110
v 1.428046 0.475865 0.609549
v 1.465059 0.547975 0.657662
v 2.127280 0.647880 0.717013
v 2.144051 0.937648 0.732304
v 2.132096 0.671418 0.236780
v 1.813658 0.583657 0.797248
v 2.100034 0.018926 0.276030
v 1.340183 -0.000000 0.619896
v 1.790290 0.511776 0.819641
v 1.653627 0.432459 0.521580
v 1.694072 0.171994 0.454887
v 1.353187 0.408742 0.439446
v 2.173305 0.649249 0.608753
v 2.143794 0.439046 0.487108
v 1.304739 0.318840 0.627613
v 1.309390 0.302548 0.590796
v 1.704135 0.171994 0.420089
v 1.492966 0.406543 0.096572
v 1.348756 0.410283 0.723474
v 1.947104 0.264293 0.732186
v 1.743359 0.115885 0.421457
v 1.613394 0.487068 -0.011344
v 1.360019 0.502835 0.716912
v 1.787927 0.545053 0.092491
v 1.691930 0.177111 0.442740
v 1.894868 0.027548 0.829117
v 2.091182 0.003959 0.269711
v 1.699895 0.554859 0.030065
v 2.131481 0.950190 0.366689
v 1.891100 0.160919 0.377422
v 1.339385 0.284069 0.526066
v 1.531088 0.262218 0.095020
v 2.091371 0.543438 0.231517
v 1.959183 0.637552 0.863441
v 2.091187 0.003959 0.269698
v 1.351266 0.502629 0.735590
v 1.615606 0.463341 -0.005109
v 2.257770 0.911211 0.425771
v 1.514429 0.234060 0.644529
v 2.107863 0.331208 0.394590
v 1.481070 0.441981 0.551255
v 1.540563 -0.000000 0.069319
v 1.692641 0.483701 0.811046
v 2.091664 0.647540 0.772252
v 1.901491 0.711341 0.715136
v 1.340150 0.003959 0.619923
v 1.535380 0.446756 0.380546
v 1.928176 0.656405 0.875813
v 2.190942 0.874240 0.618848
v 1.597406 0.522429 0.030179
v 1.434056 0.408742 0.217261
v 1.468392 0.502028 0.630645
v 2.214358 0.928510 0.260060
v 1.627081 0.529317 0.691453
v 1.689255 0.474791 0.681307
v 2.267238 0.858635 0.363298
v 1.403158 0.519302 0.746824
v 2.160702 0.870682 0.208792
v 1.709853 0.190686 0.324726
v 2.240422 0.924790 0.426811
v 1.574416 0.445350 0.285670
v 2.191317 0.913067 0.205992
v 1.831486 0.514375 0.844370
v 1.880554 0.035340 0.820823
v 1.942680 0.611888 0.864668
v 2.149059 0.615802 0.255726
v 2.154259 0.797538 0.199311
v 1.919215 0.319818 0.782654
v 1.926176 0.959832 0.870636
v 1.792762 0.545292 0.801093
v 1.831482 0.534072 0.851174
v 1.698017 0.116248 0.469200
v 1.724680 0.171994 0.420051
v 2.132516 0.854436 0.810200
v 1.340133 -0.000000 0.619861
v 1.884740 0.018965 0.807397
v 1.615292 0.513989 0.779884
v 1.890738 0.000000 0.820236
v 1.343624 0.487068 0.729843
v 1.897671 0.575955 0.424401
v 2.028077 0.922873 0.916041
v 1.628331 0.477850 -0.006462
v 2.008432 0.285402 0.233340
v 2.160868 0.896516 0.188090
v 1.739402 0.170834 0.446894
v 1.515211 0.439504 0.561132
v 1.806290 0.182155 0.689738
v 1.940895 0.178214 0.317025
v 1.723538 0.171994 0.423190
v 1.825359 0.549764 0.177061
v 1.465381 0.408086 0.144160
v 1.683972 0.103061 0.459596
v 1.341190 -0.000000 0.607774
v 2.137492 0.956359 0.309784
v 1.735184 0.166609 0.458483
v 2.128003 0.918048 0.819117
v 1.595982 0.518664 0.021360
v 1.381182 0.528214 0.757829
v 1.879426 0.019403 0.818403
v 1.485347 0.316998 0.075665
v 1.540618 -0.000000 0.069293
v 1.627842 0.545907 -0.002016
v 1.729333 0.170834 0.425299
v 1.312333 0.327613 0.590811
v 2.088013 0.312206 0.320668
v 2.224868 0.915459 0.630276
v 1.725736 0.170834 0.466411
v 1.873953 0.802500 0.848357
v 1.737293 0.171994 0.452689
v 2.028334 0.935887 0.908817
v 1.645208 0.502028 0.144846
v 1.997308 0.668243 0.343288
v 1.351822 0.528410 0.725173
v 1.886184 0.013053 0.810494
v 1.773139 0.523564 0.053628
v 1.691409 0.177111 0.456128
v 1.628967 0.441075 0.166149
v 1.754746 0.414249 0.677717
v 2.192451 0.729142 0.618350
v 2.062578 0.310364 0.574547
v 1.349990 0.003959 0.615335
v 2.270232 0.910615 0.352611
v 2.268799 0.907290 0.420879
v 1.735752 0.163407 0.464933
v 1.897784 0.000000 0.810358
v 2.215120 0.807048 0.623972
v 1.481613 0.373705 0.079472
v 1.546844 0.013053 0.060374
v 1.869646 0.603378 0.852654
v 1.313155 0.303951 0.586717
v 1.884758 0.584166 0.843174
v 2.226459 0.893630 0.287966
v 1.363013 0.494145 0.741244
v 1.306772 0.332522 0.670893
v 1.367521 0.516047 0.667623
v 1.803088 0.162979 0.607567
v 1.878642 0.003959 0.819285
v 1.994207 0.715328 0.548462
v 1.594639 0.500859 0.111987
v 1.582312 0.504282 0.024280
v 1.521488 0.323992 0.043235
v 1.805236 0.469775 0.568639
v 2.114310 0.505767 0.251208
v 2.082255 0.003959 0.263427
v 1.540512 -0.000000 0.069283
v 1.631331 0.438255 0.160949
v 1.725736 0.166609 0.466411
v 2.081855 0.016469 0.263614
v 1.984305 0.901440 0.637886
v 1.776307 0.512898 0.069742
v 1.735899 0.372966 0.064022
v 2.007940 0.528831 0.212227
v 2.273237 0.892109 0.431337
v 1.319606 0.367330 0.694317
v 2.144219 0.659037 0.267780
v 1.701768 0.547945 0.773856
v 1.913079 0.571335 0.860611
v 1.894078 0.869164 0.929903
v 1.375832 0.283589 0.496171
v 1.937937 0.175756 0.315495
v 1.331223 0.013053 0.613639
v 1.438286 0.267641 0.268299
v 1.942522 0.653896 0.874153
v 1.951524 0.956359 0.820729
v 1.725845 0.116238 0.418598
v 2.096169 0.035603 0.267385
v 1.529683 0.013053 0.068376
v 2.017235 0.492397 0.191296
v 2.067895 0.920924 0.476038
v 2.056440 0.709332 0.309743
v 2.158472 0.613600 0.266484
v 1.323520 0.403861 0.573470
v 2.171299 0.637552 0.280657
v 1.311615 0.407062 0.620515
v 1.632150 0.519870 -0.010744
v 1.540618 -0.000000 0.069293
v 1.837460 0.394690 0.491070
v 2.260076 0.913719 0.500936
v 2.012906 0.690896 0.351701
v 1.327019 0.309615 0.585078
v 1.529860 0.306021 0.043962
v 1.345523 0.299263 0.588261
v 1.621520 0.439190 0.412097
v 1.995763 0.647414 0.863518
v 1.702784 0.103577 0.417192
v 1.796292 0.425945 0.829566
v 1.552703 0.003959 0.070377
v 1.950305 0.683833 0.883220
v 1.506025 0.284835 0.083972
v 1.408702 0.538273 0.766423
v 2.271880 0.873202 0.434053
v 1.923657 0.462332 0.286473
v 2.244623 0.911346 0.243923
v 1.949654 0.506406 0.271475
v 2.176049 0.965584 0.367287
v 2.243869 0.926116 0.241675
v 1.939681 0.652055 0.876091
v 1.759158 0.443283 0.685593
v 1.663346 0.434487 0.176270
v 1.831218 0.530718 0.848203
v 1.784359 0.528835 0.762375
v 1.731626 0.534805 0.027184
v 1.340239 -0.000000 0.619870
v 1.737261 0.170834 0.434747
v 1.734312 0.543315 0.028698
v 2.170438 0.868240 0.191849
v 1.313017 0.330895 0.669069
v 2.177462 0.684178 0.260470
v 1.799827 0.555921 0.070323
v 1.547600 0.455225 0.037864
v 1.905123 0.373552 0.811036
v 1.652512 0.537422 -0.008435
v 1.957609 0.162618 0.530246
v 1.952571 0.671283 0.451800
v 1.486390 0.276162 0.146488
v 1.890383 0.040210 0.819498
v 1.926523 0.913067 0.933505
v 1.533531 0.003959 0.079206
v 1.951089 0.887337 0.938866
v 1.897887 0.211158 0.722134
v 2.092096 0.926240 0.363025
v 1.890764 0.000000 0.820292
v 1.534745 0.019403 0.079233
v 1.928502 0.617618 0.868468
v 1.735184 0.177111 0.458483
v 2.014783 0.538821 0.197641
v 1.879894 0.013053 0.819408
v 2.164092 0.847730 0.214952
v 2.240446 0.927481 0.242646
v 1.529965 0.441492 0.095001
v 1.398782 0.531612 0.761646
v 2.005772 0.285106 0.232848
v 2.231268 0.720817 0.332323
v 1.934827 0.886551 0.920560
v 1.965217 0.706785 0.615688
v 1.331724 0.287551 0.522970
v 2.268902 0.935428 0.350412
v 1.567245 0.210999 0.265604
v 1.946262 0.720761 0.894735
v 1.729333 0.166609 0.425299
v 1.928623 0.913649 0.935882
v 1.737293 0.166609 0.452689
v 2.219526 0.719867 0.296576
v 1.628699 0.494969 0.005709
v 2.020814 0.495837 0.191118
v 1.718479 0.116248 0.415034
v 1.574187 0.235927 0.128688
v 2.022146 0.513068 0.191414
v 1.727851 0.165661 0.470947
v 1.541976 0.455826 0.090186
v 1.630386 0.195138 0.356212
v 1.764010 0.171982 0.465803
v 1.835198 0.546260 0.835549
v 2.164095 0.646606 0.261366
v 1.666259 0.551276 0.008873
v 1.456790 0.570853 0.691635
v 1.910587 0.894778 0.935289
v 1.390540 0.403060 0.327280
v 1.394807 0.551572 0.760572
v 1.499989 0.390565 0.061286
v 1.843463 0.531218 0.838939
v 1.951741 0.647823 0.874557
v 1.562456 0.430264 0.006266
v 1.339226 0.003959 0.630801
v 1.692306 0.143758 0.417124
v 2.236879 0.934071 0.356342
v 2.160865 0.797823 0.207218
v 1.705060 0.555743 0.011431
v 1.917801 0.464519 0.285350
v 1.689003 0.203318 0.442484
v 1.662016 0.529139 -0.009725
v 1.879366 0.270615 0.773947
v 1.411348 0.445521 0.595131
v 2.095981 0.369406 0.287510
v 2.271135 0.911691 0.352503
v 1.504682 0.445350 0.477263
v 1.696970 0.517064 0.709926
v 1.740432 0.171994 0.453831
v 1.518127 0.427271 0.110145
v 2.017982 0.491419 0.192473
v 1.540512 -0.000000 0.069283
v 1.798549 0.506336 0.083617
v 2.018957 0.712963 0.476486
v 2.012407 0.797099 0.904394
v 1.777678 0.466436 0.638799
v 2.150067 0.612705 0.258200
v 2.056942 0.875854 0.356025
v 1.478974 0.445793 0.359848
v 1.459519 0.432711 0.231114
v 1.504145 0.437373 0.612783
v 1.903749 0.894656 0.925013
v 1.925626 0.579967 0.860562
v 2.082930 0.522755 0.221631
v 2.003361 0.526485 0.214605
v 1.429582 0.544970 0.769044
v 2.222242 0.902175 0.626564
v 1.370296 0.511060 0.748243
v 1.696549 0.519849 0.797665
v 1.869511 0.330589 0.804406
v 1.351022 0.016429 0.614853
v 1.690929 0.151549 0.427325
v 1.950406 0.902590 0.939126
v 1.718044 0.171994 0.417636
v 1.742330 0.203318 0.447150
v 2.168298 0.913719 0.753094
v 1.314275 0.304871 0.632525
v 1.661421 0.529059 -0.010245
v 1.706652 0.171994 0.469583
v 1.316038 0.347215 0.677193
v 2.085492 0.936885 0.580939
v 1.551219 0.332086 0.010917
v 1.982939 0.583731 0.270269
v 1.894185 0.413557 0.296853
v 1.527948 0.366582 0.021094
v 1.540568 -0.000000 0.069257
v 1.540563 -0.000000 0.069319
vn 0.0754 -0.0141 -0.9971
vn -0.0918 -0.0132 -0.9957
vn 0.3485 -0.3022 -0.8873
vn 0.3171 -0.3077 -0.8971
vn 0.4267 -0.2825 -0.8592
vn 0.4194 -0.2635 -0.8687
vn 0.4856 -0.2610 -0.8343
vn 0.4944 -0.2707 -0.8260
vn 0.8062 -0.2712 -0.5258
vn 0.8078 -0.2668 -0.5256
vn 0.8077 -0.2671 -0.5256
vn 0.8060 -0.2716 -0.5258
vn 0.8335 -0.2534 -0.4910
vn 0.8334 -0.3225 -0.4488
vn 0.9136 -0.2898 -0.2853
vn 0.8527 -0.3011 -0.4268
vn 0.9108 -0.2925 -0.2914
vn 0.9189 -0.2841 -0.2737
vn 0.9155 -0.2740 -0.2945
vn 0.9133 -0.2766 -0.2989
vn 0.9137 -0.2761 -0.2981
vn 0.9160 -0.2735 -0.2936
vn 0.9216 -0.2086 -0.3274
vn 0.9328 -0.1893 -0.3068
vn 0.9152 -0.1677 -0.3665
vn 0.9377 -0.0827 -0.3373
vn 0.9202 -0.1403 -0.3655
vn 0.9205 -0.0124 -0.3906
vn 0.0639 -0.1555 -0.9858
vn 0.2744 -0.1843 -0.9438
vn 0.3911 -0.1014 -0.9147
vn 0.3939 -0.1006 -0.9136
vn 0.3933 -0.1008 -0.9139
vn 0.3905 -0.1015 -0.9150
vn 0.4786 -0.0813 -0.8742
vn 0.4829 -0.0813 -0.8719
vn 0.4789 -0.0813 -0.8741
vn 0.4966 -0.0620 -0.8658
vn 0.4681 -0.0751 -0.8805
vn 0.4604 -0.0661 -0.8853
vn 0.4609 -0.0666 -0.8850
vn 0.4689 -0.0761 -0.8800
vn 0.6480 -0.1141 -0.7530
vn 0.6166 -0.1909 -0.7638
vn 0.6468 -0.1641 -0.7448
vn 0.6517 -0.2136 -0.7278
vn 0.6750 -0.1845 -0.7144
vn 0.6696 -0.1732 -0.7222
vn 0.7110 -0.2762 -0.6467
vn 0.6906 -0.2688 -0.6714
vn 0.6872 -0.2870 -0.6673
vn 0.6066 -0.2616 -0.7507
vn 0.6047 -0.2737 -0.7480
vn 0.6066 -0.2619 -0.7507
vn 0.6046 -0.2741 -0.7479
vn 0.5781 -0.2555 -0.7749
vn 0.4884 -0.0079 -0.8726
vn 0.5525 0.0908 -0.8286
vn 0.5515 0.0917 -0.8291
vn 0.5483 0.0949 -0.8309
vn 0.5172 0.1762 -0.8375
vn 0.2357 -0.9440 -0.2309
vn 0.0877 -0.8305 -0.5500
vn 0.9071 -0.3821 -0.1765
vn 0.9208 -0.3684 -0.1278
vn 0.9338 -0.3413 -0.1079
vn 0.9305 -0.3538 -0.0949
vn 0.9589 -0.2765 -0.0639
vn 0.9543 -0.2969 -0.0355
vn 0.9520 -0.3040 -0.0362
vn 0.9540 -0.2977 -0.0356
vn 0.9559 -0.2934 -0.0108
vn 0.9543 -0.2984 -0.0171
vn 0.9544 -0.2981 -0.0167
vn 0.9560 -0.2932 -0.0105
vn 0.9657 -0.2595 -0.0115
vn 0.9657 -0.2593 -0.0117
vn 0.9649 -0.2624 -0.0079
vn 0.9649 -0.2625 -0.0077
vn 0.9796 -0.2006 -0.0100
vn 0.9852 -0.1672 -0.0380
vn 0.9964 -0.0738 -0.0409
vn 0.9962 -0.0773 -0.0402
vn 0.9963 -0.0761 -0.0405
vn 0.9965 -0.0727 -0.0412
vn 0.9986 -0.0365 -0.0388
vn 0.9979 -0.0527 -0.0369
vn 0.6079 -0.2681 -0.7473
vn 0.6077 -0.2671 -0.7479
vn 0.6079 -0.2678 -0.7475
vn 0.6647 -0.3087 -0.6803
vn 0.4542 -0.1041 -0.8848
vn 0.5123 -0.1365 -0.8479
vn 0.5962 -0.7899 -0.1434
vn 0.4680 -0.6794 -0.5651
vn 0.8850 -0.2371 -0.4006
vn 0.6791 -0.2495 -0.6903
vn 0.8521 -0.0119 -0.5233
vn 0.9886 0.0360 0.1464
vn 0.6800 -0.7318 -0.0449
vn 0.6598 -0.7477 -0.0744
vn -0.2441 -0.1633 -0.9559
vn 0.2029 -0.2484 -0.9472
vn -0.6781 -0.1600 -0.7173
vn -0.1779 -0.1437 -0.9735
vn -0.0787 -0.7407 -0.6672
vn -0.8571 0.3849 -0.3425
vn -0.1123 -0.6498 -0.7518
vn -0.2189 -0.6327 -0.7428
vn 0.1041 -0.6883 -0.7179
vn 0.0454 -0.6959 -0.7167
vn 0.0262 -0.9085 -0.4171
vn 0.0328 -0.9267 -0.3744
vn -0.7894 0.5304 0.3090
vn -0.8604 0.4913 0.1354
vn -0.4025 0.7136 0.5734
vn -0.6905 0.6609 0.2940
vn -0.6905 0.6609 0.2939
vn -0.6905 0.6609 0.2938
vn -0.6244 0.7058 0.3345
vn -0.6131 0.7119 0.3425
vn -0.8472 0.4401 0.2976
vn -0.8473 0.4400 0.2973
vn -0.8473 0.4400 0.2974
vn -0.8472 0.4402 0.2977
vn -0.3886 0.6766 0.6255
vn -0.4264 0.6975 0.5760
vn -0.1723 0.7740 0.6092
vn -0.1646 0.7742 0.6112
vn -0.1735 0.7740 0.6089
vn -0.2217 0.7312 0.6451
vn -0.3798 0.7501 0.5414
vn -0.3412 0.8048 0.4856
vn -0.5024 0.8323 -0.2342
vn -0.4807 0.8454 -0.2330
vn -0.7002 0.7033 0.1230
vn -0.5007 0.8469 -0.1788
vn -0.8139 0.3759 0.4430
vn -0.7532 0.6577 -0.0094
vn -0.9958 0.0837 0.0383
vn -0.9961 0.0635 -0.0610
vn -0.8509 -0.2906 -0.4377
vn -0.8701 -0.2824 -0.4040
vn -0.9468 -0.0628 -0.3158
vn -0.9937 -0.0712 -0.0865
vn -0.8420 0.3144 0.4384
vn -0.8343 0.3328 0.4395
vn -0.9922 0.0016 -0.1246
vn -0.6032 0.7210 0.3410
vn -0.6452 0.7574 0.1003
vn -0.6456 0.7571 0.1001
vn -0.5293 0.8180 0.2251
vn -0.4527 0.8825 0.1273
vn 0.0328 0.5906 0.8063
vn 0.1611 0.5320 0.8312
vn -0.7262 0.5867 -0.3584
vn -0.7431 0.5073 -0.4364
vn -0.7333 0.6603 0.1624
vn -0.6387 0.7399 0.2112
vn -0.1027 0.0102 -0.9947
vn 0.0895 -0.1112 -0.9898
vn 0.0922 -0.1048 -0.9902
vn 0.0896 -0.1110 -0.9898
vn -0.0407 0.0827 -0.9957
vn -0.0389 0.0807 -0.9960
vn -0.0438 0.0861 -0.9953
vn -0.0457 0.0881 -0.9951
vn 0.9000 0.2508 -0.3565
vn 0.8962 0.2705 -0.3517
vn -0.1126 0.0135 -0.9935
vn -0.1155 0.0062 -0.9933
vn -0.1129 0.0132 -0.9935
vn -0.0615 -0.0167 -0.9980
vn 0.3443 0.0538 -0.9373
vn 0.3240 0.1453 -0.9348
vn 0.5154 0.0924 -0.8520
vn 0.5197 0.1326 -0.8440
vn 0.4461 0.1305 -0.8854
vn 0.4494 0.0887 -0.8889
vn 0.5355 -0.0343 -0.8439
vn 0.5441 -0.0259 -0.8386
vn 0.5359 -0.0339 -0.8436
vn 0.5211 0.0011 -0.8535
vn 0.4914 0.0613 -0.8687
vn 0.5444 -0.0256 -0.8384
vn 0.3273 0.1107 -0.9384
vn 0.4553 0.0004 -0.8903
vn 0.6600 -0.2753 -0.6990
vn 0.6630 -0.2749 -0.6963
vn 0.6556 -0.2760 -0.7029
vn 0.6526 -0.2763 -0.7055
vn 0.5272 -0.2850 -0.8005
vn 0.6612 -0.2380 -0.7115
vn 0.5297 -0.2636 -0.8062
vn 0.5315 -0.2634 -0.8050
vn 0.5270 -0.2638 -0.8079
vn 0.5251 -0.2640 -0.8090
vn 0.5121 0.1357 -0.8481
vn 0.5466 0.0964 -0.8318
vn 0.5235 0.1579 -0.8372
vn 0.5230 0.1597 -0.8372
vn 0.5244 0.1548 -0.8373
vn 0.5249 0.1532 -0.8373
vn 0.9539 0.3002 -0.0046
vn 0.9621 0.2725 -0.0083
vn 0.4379 -0.0544 -0.8974
vn 0.4243 -0.0062 -0.9055
vn 0.3566 -0.5207 -0.7757
vn 0.8296 0.2463 -0.5011
vn -0.0431 -0.5431 -0.8386
vn 0.0925 -0.1410 -0.9857
vn -0.4353 -0.4777 -0.7631
vn -0.5235 -0.4038 -0.7503
vn -0.8743 0.4841 -0.0350
vn -0.8688 0.4919 0.0559
vn -0.7361 0.6740 0.0629
vn -0.6905 0.6609 0.2941
vn -0.4298 0.8611 0.2717
vn -0.4144 0.8707 0.2649
vn -0.8937 0.4486 -0.0012
vn -0.8916 0.4517 0.0323
vn -0.3871 0.8580 0.3375
vn -0.3902 0.8471 0.3607
vn -0.1088 0.8859 0.4510
vn -0.2969 0.6189 0.7272
vn -0.3933 0.6212 0.6778
vn -0.2343 0.9427 0.2374
vn -0.4326 0.8255 -0.3625
vn -0.4605 0.8330 -0.3068
vn -0.5293 0.7616 -0.3738
vn -0.7277 0.4813 0.4888
vn -0.8173 0.3774 0.4355
vn -0.8072 0.3639 0.4648
vn -0.9667 -0.0043 -0.2558
vn -0.5275 -0.2362 -0.8161
vn -0.4436 -0.4010 -0.8015
vn -0.6699 -0.3576 -0.6507
vn -0.7067 -0.1830 -0.6834
vn -0.5567 -0.2296 -0.7984
vn -0.8562 0.5056 0.1063
vn -0.8563 0.5052 0.1072
vn -0.8560 0.5062 0.1046
vn -0.8559 0.5066 0.1036
vn -0.6097 0.6484 0.4559
vn -0.5090 0.8530 0.1154
vn -0.2369 0.9675 0.0885
vn -0.3998 0.9111 0.1000
vn -0.1677 0.8689 -0.4657
vn -0.3164 0.9309 -0.1826
vn -0.0273 0.8604 0.5089
vn -0.0717 0.1459 0.9867
vn -0.3917 0.3999 -0.8286
vn -0.5829 0.4526 -0.6749
vn -0.8148 0.5755 -0.0699
vn -0.7168 0.6921 0.0848
vn -0.5776 0.8143 -0.0573
vn -0.5908 -0.0916 0.8016
vn -0.5908 -0.0915 0.8016
vn -0.5909 -0.0905 0.8017
vn -0.7253 -0.0516 0.6865
vn -0.3150 -0.4821 0.8176
vn -0.3050 -0.4931 0.8148
vn -0.2768 -0.5133 0.8123
vn -0.2773 -0.5087 0.8151
vn -0.2760 -0.5150 0.8116
vn -0.2757 -0.5157 0.8112
vn -0.0695 -0.5226 0.8497
vn -0.1206 -0.4821 0.8677
vn 0.4244 -0.3334 0.8419
vn 0.4494 -0.3323 0.8292
vn 0.4703 -0.3209 0.8221
vn 0.5326 -0.3209 0.7832
vn 0.5509 -0.3029 0.7777
vn 0.6410 -0.2906 0.7104
vn 0.6513 -0.2962 0.6986
vn 0.6518 -0.2960 0.6982
vn 0.6586 -0.2617 0.7055
vn 0.6570 -0.2628 0.7066
vn 0.6650 -0.2573 0.7012
vn 0.6665 -0.2563 0.7001
vn 0.6753 -0.1811 0.7150
vn 0.6567 -0.1990 0.7274
vn 0.6771 -0.0824 0.7312
vn 0.6782 -0.0801 0.7305
vn 0.6778 -0.0812 0.7308
vn 0.6755 -0.0893 0.7319
vn 0.6753 -0.0905 0.7320
vn 0.6823 -0.0701 0.7277
vn -0.5458 -0.3623 0.7555
vn -0.5019 -0.4039 0.7648
vn -0.3055 -0.2551 0.9174
vn -0.3261 -0.2575 0.9096
vn -0.2239 -0.2532 0.9412
vn -0.2286 -0.2584 0.9386
vn -0.2283 -0.2580 0.9388
vn -0.2221 -0.2511 0.9421
vn -0.1601 -0.2361 0.9584
vn -0.1650 -0.2458 0.9552
vn -0.1646 -0.2451 0.9554
vn -0.1597 -0.2352 0.9587
vn 0.1931 -0.2432 0.9506
vn 0.1953 -0.2263 0.9543
vn 0.2237 -0.3004 0.9272
vn 0.3030 -0.2922 0.9071
vn 0.2686 -0.2594 0.9277
vn 0.2868 -0.2625 0.9213
vn 0.3424 -0.2818 0.8963
vn 0.3425 -0.2806 0.8966
vn 0.2296 -0.2629 0.9371
vn 0.2296 -0.2631 0.9370
vn 0.2836 -0.2848 0.9157
vn 0.1762 -0.2387 0.9550
vn 0.1762 -0.2385 0.9550
vn 0.1762 -0.2392 0.9549
vn 0.2297 -0.2627 0.9371
vn 0.1172 -0.0117 0.9930
vn 0.0632 -0.2086 0.9760
vn 0.0242 0.0723 0.9971
vn -0.0490 -0.1335 0.9898
vn -0.1940 -0.9192 0.3426
vn -0.0147 -0.8345 0.5509
vn 0.6137 -0.3638 0.7008
vn 0.5685 -0.3784 0.7305
vn 0.6427 -0.3553 0.6787
vn 0.6357 -0.3386 0.6937
vn 0.7029 -0.3014 0.6443
vn 0.7011 -0.3075 0.6434
vn 0.7032 -0.3006 0.6444
vn 0.6869 -0.2764 0.6721
vn 0.7254 -0.2931 0.6228
vn 0.7257 -0.2928 0.6226
vn 0.7201 -0.2981 0.6266
vn 0.7197 -0.2984 0.6268
vn 0.7329 -0.2552 0.6307
vn 0.7297 -0.2502 0.6364
vn 0.7298 -0.2504 0.6362
vn 0.7330 -0.2554 0.6304
vn 0.7252 -0.1923 0.6612
vn 0.7349 -0.2173 0.6425
vn 0.7356 -0.0722 0.6736
vn 0.7354 -0.0696 0.6740
vn 0.7360 -0.0775 0.6725
vn 0.7362 -0.0801 0.6720
vn 0.7395 -0.0470 0.6715
vn 0.7386 -0.0291 0.6735
vn 0.1619 -0.4723 0.8664
vn 0.0914 -0.4390 0.8939
vn -0.0557 -0.2165 0.9747
vn -0.0855 -0.2773 0.9570
vn 0.0869 -0.8198 0.5660
vn 0.2077 -0.6051 0.7686
vn 0.2072 -0.4689 0.8586
vn 0.4230 -0.4405 0.7919
vn 0.3845 -0.0944 0.9183
vn 0.8827 -0.0477 0.4676
vn 0.4423 -0.7304 0.5204
vn 0.4910 -0.7087 0.5066
vn -0.4459 -0.4498 0.7738
vn -0.6264 -0.3896 0.6751
vn -0.8041 -0.1262 0.5810
vn -0.9626 -0.1124 0.2467
vn -0.8373 0.4244 -0.3446
vn -0.5067 -0.7114 0.4870
vn -0.6177 -0.6519 0.4399
vn -0.6450 -0.6287 0.4344
vn -0.3254 -0.7214 0.6112
vn -0.3930 -0.6744 0.6251
vn -0.2998 -0.8683 0.3952
vn -0.2383 -0.9110 0.3366
vn -0.4557 0.3985 -0.7960
vn -0.5817 0.3601 -0.7293
vn -0.3212 0.6923 -0.6462
vn 0.1103 0.7564 -0.6447
vn -0.3402 0.7578 -0.5567
vn -0.3736 0.7444 -0.5534
vn -0.4696 0.5222 -0.7119
vn -0.4318 0.5482 -0.7162
vn 0.0406 0.6910 -0.7217
vn 0.1317 0.6659 -0.7343
vn 0.2578 0.7386 -0.6229
vn 0.2550 0.7294 -0.6348
vn 0.0669 0.7498 -0.6583
vn 0.0638 0.7962 -0.6016
vn 0.0640 0.7958 -0.6022
vn 0.0637 0.7966 -0.6011
vn -0.5083 0.8491 -0.1437
vn -0.5247 0.8369 -0.1558
vn -0.4986 0.8469 -0.1849
vn -0.4610 0.7130 -0.5283
vn -0.5938 0.6627 -0.4563
vn -0.3473 0.3822 -0.8564
vn -0.7697 0.0798 -0.6334
vn -0.7334 0.0890 -0.6740
vn -0.9262 -0.2824 -0.2498
vn -0.9331 -0.2906 -0.2117
vn -0.8168 -0.0712 -0.5725
vn -0.9080 -0.0649 -0.4139
vn -0.3072 0.3721 -0.8759
vn -0.3221 0.3319 -0.8866
vn -0.8402 0.0017 -0.5423
vn -0.2153 0.5967 -0.7730
vn -0.1389 0.5840 -0.7998
vn -0.0238 0.6329 -0.7739
vn -0.4235 0.7534 -0.5030
vn -0.4217 0.7545 -0.5029
vn -0.4307 0.7489 -0.5037
vn -0.4323 0.7478 -0.5038
vn -0.3177 0.8136 -0.4870
vn -0.3258 0.8799 -0.3459
vn 0.9696 0.1598 -0.1855
vn 0.5304 0.5805 -0.6178
vn -0.8007 0.5801 -0.1497
vn -0.8629 0.4962 -0.0956
vn -0.4476 0.6601 -0.6033
vn -0.4338 0.6698 -0.6027
vn -0.7286 -0.0002 0.6849
vn -0.7434 0.0122 0.6687
vn -0.7011 0.0420 0.7118
vn -0.7073 0.0455 0.7055
vn -0.6997 0.0457 0.7129
vn -0.7514 0.1399 0.6448
vn 0.6971 0.2524 0.6711
vn 0.6817 0.4083 0.6071
vn -0.1594 0.5815 -0.7978
vn -0.2131 0.5793 -0.7867
vn -0.3820 0.5198 0.7641
vn -0.3639 0.0605 0.9295
vn -0.1472 0.0926 0.9848
vn -0.1371 0.1328 0.9816
vn -0.2216 0.1307 0.9663
vn -0.2209 0.0760 0.9723
vn -0.1575 0.0173 0.9874
vn -0.1331 -0.0351 0.9905
vn -0.1174 -0.0218 0.9928
vn -0.0573 -0.1080 0.9925
vn -0.0547 -0.1043 0.9930
vn -0.0575 -0.1082 0.9925
vn -0.0546 -0.1041 0.9931
vn 0.0003 -0.1462 0.9893
vn 0.0538 -0.2625 0.9634
vn 0.0471 -0.2630 0.9636
vn 0.0498 -0.2628 0.9636
vn 0.0565 -0.2623 0.9633
vn 0.0500 -0.2407 0.9693
vn -0.1102 -0.2865 0.9517
vn -0.1127 -0.2614 0.9586
vn -0.1184 -0.2621 0.9578
vn -0.1161 -0.2618 0.9581
vn -0.1104 -0.2612 0.9590
vn -0.1198 0.0834 0.9893
vn -0.1578 0.1279 0.9792
vn -0.1268 0.1635 0.9784
vn -0.1291 0.1727 0.9765
vn -0.1282 0.1694 0.9772
vn -0.1260 0.1606 0.9789
vn -0.0827 0.1907 0.9782
vn -0.0825 0.1696 0.9821
vn 0.7020 0.4062 0.5850
vn 0.7037 0.3992 0.5878
vn 0.7030 0.4020 0.5867
vn 0.7013 0.4090 0.5839
vn -0.2413 -0.0654 0.9682
vn -0.2627 -0.0095 0.9648
vn 0.3117 0.2357 0.9205
vn -0.1849 -0.5203 0.8337
vn -0.6107 -0.5363 0.5826
vn -0.6035 -0.1610 0.7810
vn -0.1648 0.7576 -0.6316
vn -0.7106 0.5434 -0.4469
vn -0.7106 0.5431 -0.4473
vn -0.7102 0.5365 -0.4559
vn -0.9626 0.2606 0.0742
vn -0.6683 0.4355 -0.6030
vn -0.6722 0.4249 -0.6063
vn -0.6683 0.4358 -0.6029
vn 0.1238 0.5029 -0.8554
vn -0.5499 0.6356 -0.5418
vn -0.1287 0.9327 -0.3369
vn -0.1634 0.9122 -0.3757
vn -0.8223 0.4311 -0.3715
vn -0.8655 0.3913 -0.3127
vn -0.0684 0.8525 -0.5182
vn 0.1364 0.5931 -0.7935
vn 0.2522 0.8374 -0.4850
vn 0.2488 0.8378 -0.4860
vn 0.2520 0.8374 -0.4850
vn 0.2515 0.7809 -0.5717
vn 0.0641 0.7955 -0.6026
vn 0.0081 0.9368 -0.3497
vn -0.5427 0.8380 -0.0572
vn -0.5416 0.8384 -0.0616
vn -0.5420 0.8382 -0.0599
vn -0.5431 0.8378 -0.0557
vn -0.5373 0.7756 -0.3313
vn -0.6082 0.7918 -0.0569
vn -0.5363 0.4874 -0.6891
vn -0.7529 0.5563 -0.3517
vn -0.9362 -0.2131 0.2795
vn -0.9036 0.0071 -0.4284
vn -0.8838 -0.3872 0.2624
vn -0.8578 -0.3960 0.3276
vn -0.9678 -0.2182 0.1254
vn -0.9278 -0.2533 0.2740
vn -0.5396 0.5321 -0.6525
vn -0.5479 0.5379 -0.6406
vn -0.2353 0.6364 -0.7346
vn -0.2905 0.7995 -0.5257
vn -0.0590 0.8473 -0.5279
vn -0.0379 0.7776 -0.6276
vn -0.1934 0.9347 -0.2983
vn -0.0801 0.9795 -0.1848
vn -0.4585 0.8418 0.2848
vn -0.4170 0.9067 -0.0627
vn 0.5217 -0.0585 -0.8511
vn 0.2713 0.8658 -0.4205
vn -0.8601 0.2751 0.4297
vn -0.5621 0.1148 0.8191
vn -0.8433 0.4062 -0.3518
vn -0.6089 0.5876 -0.5330
vn -0.5312 0.8228 -0.2019
vn -0.5757 0.6909 -0.4373
vn -0.0260 0.7627 -0.6462
vn -0.4206 0.8235 0.3808
vn -0.7165 0.5111 0.4748
vn 0.1209 -0.9918 -0.0416
vn -0.0492 -0.9983 0.0325
vn 0.8621 -0.4401 0.2511
vn 0.8452 -0.4634 0.2663
vn 0.8882 -0.3814 0.2563
vn 0.8883 -0.3812 0.2561
vn 0.8866 -0.3834 0.2586
vn 0.8865 -0.3835 0.2588
vn 0.9173 -0.2823 0.2807
vn 0.9246 -0.2714 0.2672
vn 0.9159 -0.2865 0.2812
vn 0.9157 -0.2868 0.2814
vn 0.9160 -0.2863 0.2811
vn 0.9162 -0.2859 0.2809
vn 0.9242 -0.2559 0.2833
vn 0.9320 -0.2250 0.2842
vn 0.9342 -0.2186 0.2821
vn 0.9337 -0.2201 0.2826
vn 0.9314 -0.2267 0.2847
vn 0.9557 -0.0451 0.2909
vn 0.9567 -0.0310 0.2893
vn 0.9520 0.0736 0.2971
vn 0.9477 0.1305 0.2911
vn 0.3779 -0.6893 0.6181
vn 0.2683 -0.8328 0.4843
vn -0.3437 -0.8517 -0.3955
vn -0.2762 -0.9130 -0.3003
vn -0.5903 0.7880 -0.1751
vn -0.5867 0.7913 -0.1721
vn 0.8910 0.3552 0.2829
vn 0.8566 0.4361 0.2758
vn -0.3418 0.9354 -0.0905
vn -0.2976 0.9515 -0.0776
vn 0.0991 -0.9946 0.0302
vn -0.0636 -0.9954 0.0723
vn 0.8290 -0.4428 0.3416
vn 0.8110 -0.4630 0.3578
vn 0.8460 -0.3815 0.3726
vn 0.8461 -0.3814 0.3724
vn 0.8442 -0.3832 0.3747
vn 0.8440 -0.3834 0.3749
vn 0.8769 -0.2825 0.3889
vn 0.8858 -0.2716 0.3762
vn 0.8822 -0.2865 0.3738
vn 0.8820 -0.2868 0.3740
vn 0.8821 -0.2867 0.3739
vn 0.8825 -0.2859 0.3735
vn 0.8900 -0.2559 0.3773
vn 0.8957 -0.2250 0.3836
vn 0.8981 -0.2183 0.3818
vn 0.8975 -0.2200 0.3823
vn 0.8951 -0.2266 0.3840
vn 0.9182 -0.0453 0.3936
vn 0.9195 -0.0310 0.3918
vn 0.9182 0.0725 0.3895
vn 0.9151 0.1305 0.3815
vn 0.6900 -0.6835 -0.2382
vn 0.5136 -0.8357 -0.1947
vn -0.5196 -0.8497 0.0893
vn -0.4038 -0.9135 0.0499
vn -0.5618 0.7902 -0.2449
vn -0.5640 0.7879 -0.2471
vn 0.8643 0.3552 0.3562
vn 0.8334 0.4361 0.3395
vn -0.3206 0.9354 -0.1493
vn -0.2774 0.9515 -0.1331
vn -0.2389 -0.7816 0.5762
vn -0.2383 -0.7836 0.5738
vn -0.2387 -0.7824 0.5752
vn -0.2402 -0.7784 0.5800
vn 0.1484 -0.8557 -0.4958
vn 0.1478 -0.8569 -0.4939
vn 0.1482 -0.8562 -0.4950
vn 0.1496 -0.8536 -0.4990
vn -0.4361 -0.7195 0.5405
vn -0.4749 -0.7728 0.4210
vn -0.0963 -0.7761 -0.6232
vn -0.0925 -0.8484 -0.5212
vn 0.8815 -0.3817 -0.2781
vn 0.8708 -0.3705 -0.3233
vn 0.3906 -0.3450 0.8535
vn 0.3502 -0.3276 0.8775
vn 0.8996 -0.3070 -0.3106
vn 0.8948 -0.3033 -0.3278
vn 0.3766 -0.2733 0.8851
vn 0.3606 -0.2677 0.8935
vn 0.9258 -0.2159 -0.3102
vn 0.9250 -0.2155 -0.3130
vn 0.9253 -0.2157 -0.3118
vn 0.9261 -0.2161 -0.3092
vn 0.3928 -0.1913 0.8995
vn 0.3902 -0.1907 0.9008
vn 0.3913 -0.1909 0.9003
vn 0.3939 -0.1916 0.8990
vn 0.9232 -0.2275 -0.3098
vn 0.9232 -0.2275 -0.3097
vn 0.3916 -0.2017 0.8977
vn 0.3917 -0.2017 0.8977
vn 0.9295 -0.2037 -0.3075
vn 0.9295 -0.2037 -0.3074
vn 0.3973 -0.1805 0.8998
vn 0.3973 -0.1805 0.8997
vn 0.9354 -0.1807 -0.3039
vn 0.9349 -0.1806 -0.3054
vn 0.9351 -0.1807 -0.3048
vn 0.9356 -0.1807 -0.3033
vn 0.4036 -0.1603 0.9008
vn 0.4022 -0.1599 0.9015
vn 0.4028 -0.1601 0.9012
vn 0.4042 -0.1605 0.9005
vn 0.9549 -0.0249 -0.2959
vn 0.9541 -0.0254 -0.2983
vn 0.9544 -0.0253 -0.2975
vn 0.9552 -0.0247 -0.2950
vn 0.4217 -0.0224 0.9065
vn 0.4193 -0.0218 0.9076
vn 0.4201 -0.0220 0.9072
vn 0.4225 -0.0226 0.9061
vn 0.9512 0.1042 -0.2903
vn 0.9500 0.1021 -0.2950
vn 0.9504 0.1027 -0.2937
vn 0.9515 0.1048 -0.2891
vn 0.4241 0.0916 0.9010
vn 0.4193 0.0926 0.9031
vn 0.4207 0.0923 0.9025
vn 0.4255 0.0913 0.9003
vn 0.3890 -0.7877 -0.4777
vn 0.5229 -0.8161 -0.2462
vn 0.0829 -0.6512 0.7543
vn 0.0137 -0.8069 0.5905
vn 0.9615 -0.1077 -0.2528
vn 0.9118 0.4002 -0.0925
vn 0.3632 0.3112 0.8782
vn 0.8459 -0.1282 0.5178
vn -0.2678 0.6251 -0.7332
vn -0.2570 0.6182 -0.7428
vn -0.6357 0.5667 0.5242
vn -0.6367 0.5723 0.5168
vn -0.6363 0.5702 0.5196
vn -0.6352 0.5645 0.5270
vn -0.3176 0.7561 0.5722
vn -0.3015 0.7264 0.6176
vn -0.1495 0.9109 0.3845
vn -0.1114 0.9448 0.3080
vn 0.4934 0.0366 -0.8690
vn 0.4938 0.0152 -0.8694
vn 0.4820 -0.1305 -0.8664
vn 0.4917 -0.1278 -0.8613
vn 0.4896 -0.1284 -0.8624
vn 0.4801 -0.1310 -0.8674
vn 0.4156 -0.3478 -0.8404
vn 0.4078 -0.3496 -0.8435
vn 0.4088 -0.3494 -0.8431
vn 0.4167 -0.3475 -0.8400
vn 0.1895 -0.7040 -0.6844
vn 0.2008 -0.7168 -0.6678
vn -0.2926 -0.6977 0.6539
vn -0.3027 -0.6916 0.6558
vn -0.3011 -0.6926 0.6555
vn -0.2910 -0.6987 0.6535
vn -0.2658 -0.5059 0.8206
vn -0.2858 -0.4851 0.8264
vn -0.1881 -0.2817 0.9409
vn -0.2040 -0.2849 0.9366
vn -0.1526 0.0399 0.9875
vn -0.1607 0.0111 0.9869
vn -0.1578 0.0105 0.9874
vn -0.1578 0.0104 0.9874
vn 0.1124 0.9448 -0.3077
vn 0.1296 0.9140 -0.3845
vn 0.1589 0.6873 -0.7087
vn 0.1440 0.6973 -0.7021
vn -0.9217 0.3231 0.2147
vn -0.8985 0.2528 0.3590
vn -0.8301 0.3184 0.4578
vn -0.9302 0.3375 -0.1442
vn 0.2701 -0.0410 -0.9620
vn 0.6688 -0.1920 -0.7182
vn 0.6780 -0.1496 -0.7197
vn 0.7220 -0.2213 -0.6556
vn 0.9139 -0.3011 -0.2722
vn 0.9059 -0.3077 -0.2909
vn 0.9516 -0.3051 -0.0362
vn 0.9459 -0.3240 -0.0169
vn 0.9104 -0.3055 0.2791
vn 0.9103 -0.3060 0.2787
vn 0.9104 -0.3057 0.2790
vn 0.9104 -0.3052 0.2794
vn 0.3874 -0.2152 0.8964
vn 0.3868 -0.2151 0.8967
vn 0.3872 -0.2152 0.8965
vn 0.3876 -0.2153 0.8963
vn 0.9186 -0.2428 -0.3118
vn 0.9185 -0.2427 -0.3123
vn 0.9185 -0.2428 -0.3121
vn 0.9187 -0.2428 -0.3115
vn 0.8766 -0.3057 0.3718
vn 0.8764 -0.3060 0.3720
vn 0.8767 -0.3055 0.3717
vn 0.8768 -0.3052 0.3715
vn 0.7106 -0.3348 0.6188
vn 0.7007 -0.3085 0.6433
vn 0.6259 -0.3226 0.7101
vn 0.6470 -0.3162 0.6939
vn 0.3425 -0.2804 0.8967
vn 0.3164 -0.2596 0.9124
vn -0.0183 -0.2065 0.9783
vn 0.0487 -0.2321 0.9715
vn -0.8054 0.3372 -0.4875
vn -0.6133 0.3496 -0.7083
vn -0.4564 0.2527 -0.8532
vn -0.5684 0.3295 -0.7539
vn -0.5633 -0.7492 -0.3483
vn -0.5362 -0.7667 -0.3532
vn -0.3399 -0.8879 -0.3100
vn -0.3865 -0.8689 -0.3094
vn -0.1016 -0.9907 -0.0906
vn -0.1611 -0.9839 -0.0772
vn -0.6733 -0.6756 -0.3004
vn -0.6732 -0.6756 -0.3005
vn -0.7198 -0.5905 -0.3650
vn -0.3933 -0.8930 -0.2187
vn -0.3896 -0.8930 -0.2252
vn -0.3939 -0.8930 -0.2178
vn -0.3758 -0.9003 -0.2197
vn -0.1262 -0.9905 -0.0553
vn -0.0751 -0.9909 -0.1114
vn -0.5626 0.8199 -0.1057
vn -0.4315 0.9021 0.0033
vn -0.5541 0.8165 -0.1619
vn -0.5903 0.7875 -0.1772
vn -0.5678 0.8039 -0.1773
vn -0.5422 0.8255 -0.1566
vn -0.7809 -0.4965 -0.3790
vn -0.8230 -0.4196 -0.3829
vn -0.8281 -0.4435 -0.3429
vn -0.8281 -0.4435 -0.3430
vn -0.8276 -0.4434 -0.3441
vn -0.8462 -0.4052 -0.3461
vn -0.7761 0.6094 -0.1621
vn -0.4759 0.8793 -0.0172
vn -0.7458 0.6189 -0.2463
vn -0.7472 0.6170 -0.2471
vn -0.7464 0.6181 -0.2466
vn -0.7435 0.6222 -0.2451
vn -0.6430 -0.7630 -0.0658
vn -0.6605 -0.7478 -0.0667
vn -0.4827 -0.8756 0.0156
vn -0.4946 -0.8691 0.0051
vn -0.1801 -0.9832 0.0289
vn -0.1812 -0.9831 0.0242
vn -0.1799 -0.9832 0.0296
vn -0.1405 -0.9892 -0.0426
vn -0.1384 -0.9895 -0.0425
vn -0.1401 -0.9892 -0.0425
vn -0.7837 -0.5910 -0.1910
vn -0.6196 -0.7644 -0.1782
vn -0.4278 -0.9006 -0.0773
vn -0.4713 -0.8759 -0.1030
vn -0.1377 -0.9902 -0.0239
vn -0.1375 -0.9902 -0.0239
vn -0.1376 -0.9902 -0.0239
vn -0.1378 -0.9902 -0.0239
vn -0.4898 0.8182 -0.3010
vn -0.4916 0.8172 -0.3009
vn -0.4864 0.8202 -0.3011
vn -0.4847 0.8212 -0.3012
vn -0.5314 0.8165 -0.2256
vn -0.5180 0.8263 -0.2212
vn -0.5151 0.8282 -0.2208
vn -0.5170 0.8269 -0.2211
vn -0.5141 0.8289 -0.2207
vn -0.8526 -0.4915 -0.1774
vn -0.8870 -0.4162 -0.1998
vn -0.8680 -0.4054 -0.2868
vn -0.8233 -0.5028 -0.2635
vn -0.7118 0.6168 -0.3360
vn -0.3755 0.8789 -0.2943
vn -0.7285 0.6224 -0.2862
vn -0.7268 0.6246 -0.2858
vn -0.7310 0.6192 -0.2868
vn -0.7327 0.6170 -0.2872
vn -0.1388 -0.9866 -0.0854
vn -0.1862 -0.9778 -0.0962
vn -0.1379 -0.9895 -0.0425
vn -0.2216 -0.9751 -0.0062
vn -0.3002 -0.7468 0.5934
vn 0.0691 -0.8284 -0.5558
vn -0.1473 -0.9598 -0.2389
vn -0.2552 -0.9347 -0.2473
vn -0.1895 -0.9728 -0.1334
vn -0.1894 -0.9728 -0.1336
vn -0.1565 -0.9831 -0.0946
vn -0.1866 -0.9824 -0.0115
vn -0.3114 -0.9462 -0.0881
vn -0.3048 -0.9483 0.0886
vn -0.3205 -0.9441 0.0769
vn -0.1015 0.0907 0.9907
vn -0.0797 0.0449 0.9958
vn -0.1592 -0.0240 0.9870
vn -0.0580 -0.2804 0.9581
vn -0.0141 -0.2443 0.9696
vn -0.0126 -0.3027 0.9530
vn 0.0973 -0.2235 0.9698
vn 0.0975 -0.2701 0.9579
vn 0.1479 -0.2492 0.9571
vn 0.1489 -0.2304 0.9616
vn 0.1046 -0.2398 0.9652
vn 0.1169 -0.2020 0.9724
vn 0.0861 -0.1977 0.9765
vn 0.0862 -0.1975 0.9765
vn 0.0863 -0.1974 0.9765
vn 0.0865 -0.1972 0.9765
vn 0.0038 -0.1740 0.9847
vn 0.0510 -0.1380 0.9891
vn -0.0527 -0.1415 0.9885
vn -0.1774 -0.1081 0.9782
vn -0.2004 -0.1500 0.9682
vn -0.9566 -0.1647 0.2404
vn -0.7966 -0.1536 0.5847
vn 0.8755 0.0268 0.4825
vn 0.3138 -0.0245 0.9492
vn -0.1944 -0.0647 0.9788
vn -0.2074 -0.0877 0.9743
vn -0.1968 -0.0826 0.9770
vn -0.1778 -0.0629 0.9821
vn -0.1642 -0.1231 0.9787
vn -0.1603 -0.1258 0.9790
vn -0.1611 -0.1252 0.9790
vn -0.1651 -0.1225 0.9786
vn -0.2777 -0.1009 0.9554
vn -0.2811 -0.0985 0.9546
vn -0.2806 -0.0988 0.9547
vn -0.2768 -0.1016 0.9555
vn -0.7111 0.0483 0.7014
vn -0.7036 0.0477 0.7090
vn -0.7164 0.0521 0.6958
vn -0.7028 0.0389 0.7103
vn -0.6261 0.4994 -0.5988
vn -0.7999 0.4693 -0.3741
vn -0.5727 0.4967 -0.6521
vn -0.4063 0.5300 -0.7444
vn -0.5269 0.6427 0.5561
vn -0.4242 0.6791 0.5991
vn -0.3992 0.8472 0.3505
vn -0.4005 0.8456 0.3529
vn -0.3971 0.8498 0.3466
vn -0.3957 0.8514 0.3442
vn 0.5703 0.1935 -0.7983
vn 0.5765 0.1722 -0.7987
vn 0.5752 0.1782 -0.7984
vn 0.5760 0.1744 -0.7986
vn 0.5748 0.1799 -0.7982
vn 0.6858 -0.0752 -0.7239
vn 0.6822 0.0032 -0.7312
vn 0.7375 -0.1883 -0.6485
vn 0.7783 -0.2627 -0.5703
vn 0.7783 -0.2629 -0.5702
vn 0.7523 -0.2420 -0.6127
vn 0.7520 -0.2439 -0.6124
vn 0.7521 -0.2432 -0.6125
vn 0.8059 -0.2848 -0.5191
vn 0.7782 -0.2631 -0.5702
vn 0.8297 -0.2810 -0.4823
vn 0.8106 -0.2677 -0.5209
vn 0.8531 -0.2735 -0.4443
vn 0.8392 -0.2405 -0.4878
vn 0.8186 -0.2723 -0.5057
vn 0.8340 -0.3185 -0.4505
vn 0.7589 -0.2432 -0.6041
vn 0.7580 -0.2440 -0.6049
vn 0.7570 -0.2448 -0.6058
vn 0.7703 -0.3291 -0.5462
vn 0.7612 -0.2270 -0.6075
vn 0.7569 -0.2449 -0.6059
vn 0.5379 -0.2175 -0.8145
vn 0.6076 -0.2668 -0.7481
vn -0.2470 -0.1474 -0.9577
vn -0.6782 -0.1315 -0.7230
vn 0.9866 -0.0248 0.1615
vn 0.8781 -0.0811 -0.4716
vn 0.4830 -0.2385 -0.8425
vn 0.4839 -0.2396 -0.8417
vn 0.4833 -0.2389 -0.8422
vn 0.4829 -0.2384 -0.8426
vn 0.4324 -0.2568 -0.8643
vn 0.4373 -0.2570 -0.8618
vn 0.4332 -0.2568 -0.8639
vn 0.4453 -0.2435 -0.8616
vn 0.4456 -0.2898 -0.8471
vn 0.4435 -0.2902 -0.8480
vn 0.4438 -0.2901 -0.8479
vn 0.4460 -0.2897 -0.8469
vn 0.3295 -0.2733 -0.9038
vn 0.3806 -0.2677 -0.8852
vn -0.0795 -0.0621 -0.9949
vn 0.0624 -0.0771 -0.9951
vn 0.0922 -0.1046 -0.9902
vn -0.1155 0.0059 -0.9933
vn -0.9114 0.4101 -0.0344
vn -0.9116 0.4099 0.0323
vn -0.9123 0.3661 0.1835
vn -0.8591 0.4037 0.3145
vn -0.4447 0.5119 -0.7350
vn -0.5142 0.2323 -0.8256
vn -0.8492 0.3073 -0.4294
vn -0.9075 0.3033 -0.2905
vn -0.1166 -0.0384 0.9924
vn -0.1407 -0.0274 0.9897
vn -0.0960 -0.0447 0.9944
vn -0.0642 -0.1347 0.9888
vn 0.1225 -0.1034 0.9871
vn 0.1762 -0.2382 0.9551
vn 0.6723 -0.1183 0.7308
vn 0.6753 -0.1111 0.7291
vn 0.6745 -0.1129 0.7296
vn 0.6716 -0.1199 0.7312
vn 0.7330 -0.1085 0.6716
vn 0.7342 -0.1386 0.6646
vn 0.9086 -0.1483 0.3904
vn 0.9088 -0.1458 0.3908
vn 0.9083 -0.1527 0.3895
vn 0.9081 -0.1552 0.3891
vn 0.9457 -0.1237 -0.3005
vn 0.9458 -0.1237 -0.3002
vn 0.9459 -0.1237 -0.3001
vn 0.4125 -0.1096 0.9043
vn 0.4125 -0.1096 0.9044
vn 0.4128 -0.1097 0.9042
vn 0.4129 -0.1098 0.9042
vn 0.9461 -0.1527 0.2858
vn 0.9473 -0.1458 0.2851
vn 0.9469 -0.1483 0.2854
vn 0.9456 -0.1552 0.2860
vn 0.9893 -0.1391 -0.0440
vn 0.9933 -0.1100 -0.0348
vn 0.9215 -0.1801 -0.3440
vn 0.9389 -0.1211 -0.3222
vn 0.7395 -0.1741 -0.6503
vn 0.7519 -0.2444 -0.6124
vn 0.5359 -0.1794 -0.8250
vn 0.5889 -0.0737 -0.8048
vn 0.5265 -0.0478 -0.8489
vn 0.5482 -0.0593 -0.8342
vn -0.9262 0.2937 -0.2363
vn -0.8319 0.3140 -0.4576
vn -0.9089 0.2368 0.3433
vn -0.7826 0.5565 0.2791
vn -0.1371 -0.9885 -0.0643
vn 0.0021 -0.9960 -0.0889
vn -0.0849 -0.9810 -0.1745
vn 0.0374 -0.8123 -0.5821
vn 0.0948 -0.8676 -0.4882
vn 0.4023 -0.3174 -0.8587
vn 0.3898 -0.3011 -0.8703
vn 0.4228 -0.2680 -0.8657
vn 0.4234 -0.2679 -0.8654
vn 0.4276 -0.2735 -0.8616
vn 0.4288 -0.2736 -0.8610
vn 0.4814 -0.1046 -0.8703
vn 0.4982 -0.1161 -0.8592
vn 0.5323 0.0512 -0.8450
vn 0.5348 0.0507 -0.8435
vn 0.5349 0.0508 -0.8434
vn 0.5331 0.0366 -0.8452
vn 0.5321 0.0284 -0.8462
vn 0.5338 0.0365 -0.8448
vn -0.0095 0.9066 0.4220
vn 0.0111 0.9167 0.3995
vn 0.0111 0.9166 0.3995
vn 0.0111 0.9166 0.3996
vn -0.1120 0.8230 0.5569
vn -0.1099 0.8188 0.5635
vn -0.1287 0.8089 0.5737
vn -0.7444 0.6209 -0.2456
vn -0.7422 0.6241 -0.2444
vn -0.7969 -0.5019 -0.3363
vn -0.8285 -0.4435 -0.3419
vn -0.6732 -0.6756 -0.3006
vn -0.5843 -0.7501 -0.3098
vn -0.4162 -0.8804 -0.2272
vn -0.3892 -0.8930 -0.2259
vn -0.1894 -0.9728 -0.1337
vn -0.2762 -0.9518 -0.1335
vn -0.1234 -0.9880 -0.0924
vn 0.1563 -0.9570 -0.2442
vn -0.0402 -0.9810 -0.1898
vn -0.1286 -0.9858 -0.1081
vn -0.1249 -0.9831 -0.1338
vn -0.0195 -0.8961 -0.4433
vn 0.1127 -0.8713 -0.4776
vn 0.4078 -0.2806 -0.8689
vn 0.4134 -0.3069 -0.8573
vn 0.4381 -0.2570 -0.8614
vn 0.4253 -0.2682 -0.8644
vn 0.4832 -0.0813 -0.8717
vn 0.4967 -0.1067 -0.8613
vn 0.5338 0.0912 -0.8407
vn 0.5294 0.0516 -0.8468
vn -0.0618 0.8805 0.4699
vn -0.0258 0.9084 0.4173
vn -0.1635 0.7742 0.6114
vn -0.1448 0.8062 0.5736
vn 0.2552 0.7477 -0.6130
vn 0.2486 0.8378 -0.4861
vn 0.2461 0.8903 -0.3831
vn -0.1536 0.0544 0.9866
vn -0.1846 -0.1006 0.9777
vn -0.2240 -0.2655 0.9377
vn -0.2286 -0.2704 0.9352
vn -0.2781 -0.5066 0.8161
vn -0.2757 -0.5122 0.8134
vn -0.2092 -0.8352 0.5086
vn -0.1276 -0.9910 0.0393
vn -0.1656 -0.9822 0.0881
vn -0.1227 -0.9903 -0.0647
vn -0.1303 -0.9887 -0.0742
vn -0.1236 -0.9895 -0.0753
vn -0.1280 -0.9883 -0.0832
vn -0.1039 -0.9902 -0.0928
vn -0.1275 -0.9883 -0.0841
vn -0.0415 -0.9863 -0.1599
vn -0.0694 -0.9805 -0.1839
vn 0.2203 -0.7969 -0.5625
vn 0.2310 -0.7984 -0.5561
vn 0.2215 -0.7971 -0.5618
vn 0.3825 -0.3114 -0.8699
vn 0.3953 -0.3308 -0.8569
vn 0.3893 -0.3324 -0.8590
vn 0.3968 -0.3313 -0.8560
vn 0.4190 -0.2758 -0.8651
vn 0.4184 -0.2754 -0.8655
vn 0.4792 -0.1127 -0.8704
vn 0.4959 -0.1247 -0.8594
vn 0.5317 0.0312 -0.8463
vn 0.5306 0.0230 -0.8473
vn 0.0266 0.9274 0.3732
vn 0.0266 0.9274 0.3731
vn -0.1105 0.8200 0.5616
vn -0.1126 0.8242 0.5550
vn 0.2580 0.7602 -0.5963
vn 0.2290 0.9426 -0.2432
vn -0.1637 0.0117 0.9864
vn -0.2026 -0.1181 0.9721
vn -0.2247 -0.2663 0.9373
vn -0.2303 -0.2722 0.9343
vn -0.2661 -0.4921 0.8289
vn -0.2602 -0.5107 0.8194
vn -0.2842 -0.8202 0.4965
vn -0.1597 -0.7145 0.6812
vn -0.1072 -0.9814 0.1591
vn -0.1268 -0.9884 -0.0832
vn -0.1255 -0.9888 -0.0811
vn -0.1246 -0.9890 -0.0797
vn -0.0336 -0.9846 -0.1714
vn -0.0532 -0.9805 -0.1891
vn 0.1770 -0.7112 -0.6803
vn 0.2319 -0.7985 -0.5556
vn 0.3936 -0.3369 -0.8553
vn 0.3941 -0.3378 -0.8547
vn 0.4241 -0.2815 -0.8607
vn 0.4254 -0.2829 -0.8597
vn 0.4771 -0.1205 -0.8706
vn 0.4932 -0.1347 -0.8594
vn 0.5299 0.0232 -0.8477
vn 0.5282 0.0070 -0.8491
vn 0.0551 0.9390 0.3396
vn -0.0913 0.8357 0.5416
vn -0.4543 0.7622 -0.4611
vn -0.4596 0.7578 -0.4631
vn -0.7502 0.5372 -0.3856
vn -0.3538 0.8107 -0.4665
vn -0.7102 0.5361 -0.4563
vn -0.9176 -0.3950 -0.0445
vn -0.6733 -0.7312 0.1099
vn -0.6734 -0.7311 0.1099
vn -0.6731 -0.7313 0.1099
vn -0.6730 -0.7314 0.1099
vn -0.4103 -0.8613 0.2996
vn -0.5028 -0.8061 0.3121
vn -0.3121 -0.8582 0.4075
vn -0.2933 -0.8663 0.4042
vn -0.2260 -0.9470 0.2285
vn -0.0500 -0.8745 0.4824
vn -0.2491 -0.9627 0.1053
vn -0.2547 -0.9613 0.1046
vn -0.2488 -0.9628 0.1054
vn -0.1229 -0.9608 0.2484
vn -0.2550 -0.9613 0.1046
vn -0.1813 -0.9831 0.0240
vn 0.0048 -0.9994 0.0332
vn -0.4400 -0.8729 0.2108
vn 0.4264 -0.8844 0.1898
vn 0.5756 -0.8023 0.1582
vn -0.5504 -0.8081 0.2100
vn -0.5270 0.8211 -0.2194
vn 0.2213 -0.9448 0.2417
vn -0.0957 -0.8785 0.4681
vn 0.7260 -0.4009 0.5588
vn 0.7161 -0.4063 0.5675
vn 0.7506 -0.3720 0.5461
vn 0.7466 -0.3633 0.5574
vn 0.7938 -0.2913 0.5339
vn 0.7854 -0.2798 0.5522
vn 0.7960 -0.3242 0.5112
vn 0.7898 -0.3068 0.5311
vn 0.8090 -0.2888 0.5119
vn 0.8093 -0.2885 0.5116
vn 0.8044 -0.2938 0.5163
vn 0.8041 -0.2941 0.5166
vn 0.8159 -0.2587 0.5171
vn 0.8122 -0.2505 0.5268
vn 0.8124 -0.2508 0.5264
vn 0.8161 -0.2591 0.5166
vn 0.8121 -0.2092 0.5448
vn 0.8165 -0.2283 0.5303
vn 0.8205 -0.1268 0.5574
vn 0.8209 -0.1553 0.5495
vn 0.8259 -0.0604 0.5606
vn 0.8258 -0.0591 0.5609
vn 0.8261 -0.0634 0.5600
vn 0.8262 -0.0648 0.5596
vn 0.8302 0.0096 0.5574
vn 0.8279 0.0333 0.5599
vn 0.7712 0.3939 0.5001
vn 0.7839 0.3498 0.5131
vn -0.2728 0.9315 -0.2407
vn -0.1427 0.9795 -0.1420
vn -0.5041 0.7675 -0.3959
vn -0.5049 0.7670 -0.3959
vn -0.5011 0.7694 -0.3960
vn -0.5004 0.7699 -0.3961
vn -0.6358 0.7714 -0.0267
vn -0.6313 0.7752 -0.0224
vn -0.2528 0.9675 0.0089
vn -0.3624 0.9320 0.0026
vn 0.9456 0.3057 0.1117
vn 0.9304 0.3497 0.1098
vn 0.9946 0.0324 0.0988
vn 0.9946 0.0005 0.1035
vn 0.9935 -0.0593 0.0972
vn 0.9930 -0.0651 0.0986
vn 0.9932 -0.0633 0.0982
vn 0.9936 -0.0574 0.0968
vn 0.9871 -0.1272 0.0968
vn 0.9824 -0.1554 0.1034
vn 0.9652 -0.2280 0.1283
vn 0.9758 -0.1933 0.1021
vn 0.9574 -0.2587 0.1285
vn 0.9572 -0.2591 0.1289
vn 0.9573 -0.2588 0.1286
vn 0.9575 -0.2584 0.1281
vn 0.9488 -0.2889 0.1280
vn 0.9480 -0.2945 0.1207
vn 0.9481 -0.2941 0.1212
vn 0.9488 -0.2885 0.1284
vn 0.9454 -0.3070 0.1094
vn 0.9411 -0.3162 0.1199
vn 0.9556 -0.2802 0.0915
vn 0.9506 -0.2905 0.1097
vn 0.9283 -0.3659 0.0659
vn 0.9289 -0.3648 0.0644
vn 0.9255 -0.3715 0.0735
vn 0.9249 -0.3728 0.0753
vn 0.9118 -0.4090 0.0376
vn 0.9135 -0.4036 0.0508
vn 0.3119 -0.9501 -0.0040
vn 0.2213 -0.8913 -0.3957
vn -0.3022 -0.8211 -0.4843
vn -0.5607 0.7940 -0.2349
vn 0.5256 -0.8046 0.2765
vn 0.4473 -0.8762 0.1795
vn 0.0172 -0.9998 0.0089
vn -0.1939 -0.8986 -0.3935
vn -0.1395 -0.9762 -0.1662
vn -0.1315 -0.9858 -0.1047
vn -0.1705 -0.9676 -0.1861
vn -0.0111 -0.9763 -0.2163
vn -0.0131 -0.9760 -0.2173
vn -0.0133 -0.9760 -0.2174
vn -0.0869 -0.9383 -0.3348
vn -0.0134 -0.9760 -0.2175
vn -0.0729 -0.9416 -0.3287
vn 0.1555 -0.9370 -0.3127
vn 0.0990 -0.8889 -0.4473
vn 0.1420 -0.9370 -0.3193
vn -0.0086 -0.8687 -0.4953
vn -0.0098 -0.8679 -0.4966
vn -0.0041 -0.8717 -0.4899
vn -0.0028 -0.8726 -0.4885
vn -0.1504 -0.8339 -0.5311
vn -0.2173 -0.8275 -0.5177
vn -0.3973 -0.7456 -0.5350
vn -0.4319 -0.7344 -0.5237
vn -0.6941 -0.4767 -0.5395
vn -0.7503 -0.4006 -0.5259
vn -0.6616 0.7498 0.0086
vn -0.5451 0.8338 0.0873
vn -0.5829 0.8050 0.1103
vn -0.5099 0.8513 0.1235
vn -0.4686 0.8523 -0.2325
vn -0.4437 0.8716 -0.2082
vn -0.4761 0.8773 -0.0606
vn -0.4769 0.8770 -0.0578
vn -0.4766 0.8771 -0.0589
vn -0.4758 0.8774 -0.0616
vn -0.2073 0.0222 0.9780
vn -0.1958 -0.0093 0.9806
vn -0.0348 -0.1331 0.9905
vn -0.1245 -0.1285 0.9839
vn 0.0969 -0.2628 0.9600
vn 0.1075 -0.2451 0.9635
vn 0.2992 -0.3836 0.8737
vn 0.2994 -0.3830 0.8739
vn 0.2958 -0.3932 0.8706
vn 0.2957 -0.3935 0.8705
vn 0.3883 -0.5054 0.7706
vn 0.4561 -0.4997 0.7364
vn 0.4988 -0.6387 0.5859
vn 0.5613 -0.6230 0.5449
vn 0.6347 -0.7149 0.2935
vn 0.6081 -0.7542 0.2478
vn 0.7048 -0.6300 -0.3260
vn 0.7005 -0.6128 -0.3657
vn 0.2433 -0.5710 0.7841
vn 0.2139 -0.5466 0.8096
vn 0.6747 -0.7149 0.1835
vn 0.6251 -0.7542 0.2012
vn 0.7766 -0.6289 -0.0373
vn 0.7561 -0.6450 -0.1106
vn 0.8243 -0.5091 -0.2478
vn 0.7940 -0.5153 -0.3227
vn 0.7440 -0.2947 -0.5997
vn 0.7444 -0.2948 -0.5992
vn 0.7370 -0.2932 -0.6090
vn 0.7362 -0.2930 -0.6101
vn 0.7098 -0.2536 -0.6572
vn 0.6870 -0.2489 -0.6827
vn 0.6150 -0.1333 -0.7772
vn 0.5376 -0.1283 -0.8334
vn 0.4873 -0.0254 -0.8729
vn 0.4718 0.0234 -0.8814
vn -0.3631 0.8824 -0.2992
vn -0.3977 0.8819 -0.2531
vn -0.4704 0.8752 -0.1130
vn -0.5064 0.8552 -0.1104
vn -0.6411 0.7447 0.1856
vn -0.6538 0.7367 0.1727
vn -0.3385 0.9246 0.1746
vn -0.4466 0.8749 0.1871
vn 0.9610 0.2724 -0.0471
vn 0.9601 0.2757 -0.0467
vn 0.9605 0.2744 -0.0469
vn 0.9614 0.2711 -0.0473
vn 0.9919 -0.0735 -0.1037
vn 0.9920 -0.0723 -0.1039
vn 0.9919 -0.0727 -0.1038
vn 0.9919 -0.0738 -0.1037
vn 0.9900 -0.0887 -0.1094
vn 0.9894 -0.0981 -0.1074
vn 0.9896 -0.0954 -0.1080
vn 0.9902 -0.0858 -0.1100
vn 0.9863 -0.1194 -0.1134
vn 0.9866 -0.1169 -0.1140
vn 0.9865 -0.1176 -0.1138
vn 0.9863 -0.1202 -0.1132
vn 0.9785 -0.1685 -0.1188
vn 0.9785 -0.1683 -0.1191
vn 0.9786 -0.1723 -0.1127
vn 0.9786 -0.1728 -0.1119
vn 0.9574 -0.2692 -0.1046
vn 0.9575 -0.2626 -0.1190
vn 0.9484 -0.2952 -0.1156
vn 0.9484 -0.2950 -0.1160
vn 0.9484 -0.2959 -0.1141
vn 0.9484 -0.2961 -0.1136
vn 0.9382 -0.3273 -0.1124
vn 0.9409 -0.3061 -0.1451
vn 0.9390 -0.3111 -0.1466
vn 0.9408 -0.3064 -0.1452
vn 0.9370 -0.3163 -0.1481
vn 0.9356 -0.2747 -0.2216
vn 0.9039 -0.3068 -0.2982
vn 0.9032 -0.3319 -0.2721
vn 0.8710 -0.3408 -0.3539
vn 0.8748 -0.3284 -0.3562
vn 0.8710 -0.3409 -0.3538
vn 0.7879 -0.3958 -0.4718
vn 0.7939 -0.3839 -0.4715
vn 0.7935 -0.3848 -0.4715
vn 0.7876 -0.3964 -0.4718
vn 0.6954 -0.4847 -0.5306
vn 0.6466 -0.4426 -0.6213
vn 0.2109 -0.4665 -0.8590
vn -0.0369 -0.3907 -0.9198
vn 0.6913 -0.4862 -0.5346
vn 0.8265 -0.4582 -0.3270
vn 0.4875 -0.5304 -0.6935
vn 0.4603 -0.4919 -0.7390
vn 0.3245 -0.5252 -0.7867
vn 0.3251 -0.5289 -0.7840
vn 0.3250 -0.5283 -0.7844
vn 0.3244 -0.5247 -0.7870
vn 0.3015 -0.5242 -0.7965
vn 0.3007 -0.5248 -0.7964
vn 0.3053 -0.5212 -0.7970
vn 0.3061 -0.5206 -0.7971
vn 0.2843 -0.5079 -0.8132
vn 0.2836 -0.5068 -0.8140
vn 0.2890 -0.5152 -0.8069
vn 0.2895 -0.5161 -0.8061
vn 0.2812 -0.5061 -0.8154
vn 0.2984 -0.5021 -0.8117
vn 0.3099 -0.4925 -0.8133
vn 0.3175 -0.5086 -0.8003
vn 0.3575 -0.4948 -0.7920
vn 0.3329 -0.5012 -0.7988
vn 0.2842 -0.4583 -0.8421
vn 0.2690 -0.4618 -0.8452
vn 0.1754 -0.4151 -0.8927
vn 0.1125 -0.4086 -0.9057
vn -0.2042 -0.2118 -0.9557
vn -0.1307 -0.2677 -0.9546
vn -0.8411 0.5396 -0.0359
vn -0.8417 0.5383 -0.0426
vn -0.8415 0.5388 -0.0401
vn -0.8409 0.5401 -0.0334
vn -0.8065 0.5539 0.2067
vn -0.7677 0.5919 0.2458
vn -0.2819 0.7194 -0.6348
vn -0.2448 0.7346 -0.6327
vn -0.1498 0.8606 -0.4868
vn -0.1293 0.8867 -0.4439
vn 0.4502 0.2692 0.8514
vn 0.4503 0.2833 0.8468
vn 0.4675 -0.0504 0.8825
vn 0.4235 -0.1641 0.8909
vn 0.4886 -0.0724 0.8695
vn 0.4564 -0.1524 0.8766
vn 0.4960 -0.1241 0.8594
vn 0.4744 -0.1726 0.8632
vn 0.5193 -0.1886 0.8335
vn 0.4766 -0.2245 0.8500
vn 0.5124 -0.2738 0.8139
vn 0.5129 -0.2735 0.8137
vn 0.5102 -0.2751 0.8149
vn 0.5096 -0.2755 0.8151
vn 0.5306 -0.2840 0.7986
vn 0.5286 -0.2960 0.7956
vn 0.5305 -0.2846 0.7985
vn 0.5102 -0.2938 0.8083
vn 0.5001 -0.3061 0.8101
vn 0.5285 -0.2966 0.7954
vn 0.3755 -0.2999 0.8770
vn 0.5078 -0.2916 0.8106
vn 0.2662 -0.2808 0.9221
vn 0.3903 -0.2886 0.8743
vn 0.2861 -0.2707 0.9192
vn 0.2819 -0.2706 0.9205
vn 0.2823 -0.2706 0.9204
vn 0.2904 -0.2708 0.9178
vn 0.1747 -0.2971 0.9387
vn 0.1863 -0.2989 0.9359
vn 0.1859 -0.2988 0.9360
vn 0.1736 -0.2969 0.9390
vn -0.0235 -0.2730 0.9617
vn 0.0587 -0.3151 0.9473
vn -0.7942 -0.1732 0.5825
vn -0.5074 -0.2473 0.8254
vn 0.4310 -0.2372 0.8706
vn 0.1110 -0.2516 0.9614
vn -0.1573 -0.2675 0.9506
vn -0.1578 -0.2671 0.9507
vn -0.1480 -0.2752 0.9499
vn -0.1474 -0.2756 0.9499
vn -0.2324 -0.2901 0.9283
vn -0.2425 -0.2699 0.9318
vn -0.2353 -0.3154 0.9193
vn -0.2419 -0.3142 0.9180
vn -0.2360 -0.3153 0.9192
vn -0.2470 -0.2890 0.9249
vn -0.2371 -0.3315 0.9132
vn -0.2337 -0.3328 0.9136
vn -0.2366 -0.3317 0.9133
vn -0.2424 -0.3141 0.9179
vn -0.2208 -0.3480 0.9111
vn -0.2328 -0.3331 0.9137
vn -0.3288 -0.2748 0.9035
vn -0.2944 -0.3194 0.9007
vn -0.5909 -0.0904 0.8017
vn -0.5276 -0.1616 0.8340
vn -0.7390 -0.0427 0.6724
vn -0.1512 0.4394 -0.8855
vn -0.6724 0.4245 -0.6064
vn -0.7157 0.4157 -0.5612
vn -0.4570 0.4201 -0.7840
vn -0.4564 0.4204 -0.7842
vn -0.0167 -0.9982 -0.0568
vn 0.1492 -0.8544 -0.4977
vn 0.1502 -0.8525 -0.5007
vn -0.2398 -0.7796 0.5785
vn -0.2408 -0.7767 0.5820
vn -0.0000 1.0000 -0.0000
vn -0.0894 -0.0000 0.9960
vn 0.8179 -0.0000 0.5754
vn 0.9073 -0.0000 -0.4206
vn 0.0894 -0.0000 -0.9960
vn -0.0000 -1.0000 -0.0000
vn -0.9073 -0.0000 0.4206
vn -0.8179 -0.0000 -0.5754
vn -0.9965 -0.0000 -0.0840
vn -0.4226 -0.0000 -0.9063
vn 0.5762 -0.0000 -0.8173
vn -0.5762 -0.0000 0.8173
vn 0.4226 -0.0000 0.9063
vn 0.9965 -0.0000 0.0840
vn 0.0840 -0.0000 -0.9965
vn 0.9063 -0.0000 -0.4226
vn 0.8173 -0.0000 0.5762
vn -0.8173 -0.0000 -0.5762
vn -0.9063 -0.0000 0.4226
vn -0.0840 -0.0000 0.9965
vn 0.5853 -0.7688 -0.2574
vn 0.1716 -0.9181 -0.3572
vn 0.2056 0.0127 -0.9786
vn 0.3395 0.1203 -0.9329
vn -0.1644 0.2281 -0.9597
vn -0.1634 0.2292 -0.9596
vn -0.1690 0.2234 -0.9600
vn -0.1693 0.2231 -0.9600
vn 0.2130 0.2397 -0.9472
vn 0.4126 0.0995 -0.9054
vn 0.4146 -0.0123 -0.9099
vn 0.4355 -0.0066 -0.9002
vn 0.1736 -0.0000 0.9848
vn 0.8171 -0.0000 0.5765
vn 0.0836 -0.0000 -0.9965
vn 0.8319 -0.1460 0.5353
vn 0.7842 -0.2810 0.5533
vn 0.0834 0.0695 -0.9941
vn 0.0987 0.0805 -0.9919
vn 0.1881 0.6343 -0.7499
vn 0.2072 0.6341 -0.7450
vn 0.5855 -0.8089 -0.0531
vn 0.7794 -0.5885 -0.2148
vn 0.3715 0.8142 -0.4462
vn 0.6481 0.5856 -0.4868
vn 0.7191 -0.6323 0.2883
vn 0.7192 -0.6328 0.2869
vn 0.7186 -0.6301 0.2943
vn 0.7185 -0.6299 0.2948
vn 0.6023 -0.7771 -0.1824
vn 0.4779 -0.5367 -0.6954
vn 0.5487 -0.0049 -0.8360
vn 0.5345 -0.0000 -0.8451
vn 0.3223 0.2790 -0.9046
vn 0.0695 0.3392 -0.9381
vn -0.0657 0.5350 -0.8423
vn -0.3420 -0.0000 0.9397
vn -0.2373 -0.8437 -0.4816
vn 0.1962 -0.5737 -0.7952
vn 0.4625 0.1192 -0.8786
vn 0.3412 -0.0697 -0.9374
vn 0.7447 0.2221 -0.6293
vn 0.7446 0.2212 -0.6298
vn 0.7455 0.2287 -0.6260
vn 0.7456 0.2295 -0.6256
vn 0.2654 0.1003 -0.9589
vn 0.4460 0.2379 -0.8628
vn 0.2668 -0.0152 -0.9636
vn 0.2387 -0.0092 -0.9711
vn -0.7660 -0.0000 0.6428
vn -0.9955 -0.0343 -0.0879
vn -0.9960 -0.0305 -0.0835
vn -0.9951 -0.0376 -0.0918
vn -0.9950 -0.0379 -0.0921
vn 0.5757 0.0040 -0.8177
vn 0.5687 -0.0022 -0.8225
vn 0.5694 -0.0015 -0.8221
vn 0.5765 0.0048 -0.8171
vn -0.9519 -0.2831 -0.1174
vn -0.8765 -0.4245 -0.2271
vn 0.5244 0.2705 -0.8074
vn 0.5331 0.2843 -0.7969
vn -0.6199 -0.7065 -0.3415
vn -0.6771 -0.6792 -0.2832
vn 0.1866 0.7314 -0.6559
vn 0.1866 0.7309 -0.6564
vn 0.1866 0.7311 -0.6563
vn 0.1866 0.7319 -0.6553
vn -0.3673 -0.7706 -0.5208
vn 0.0659 -0.5406 -0.8387
vn 0.1010 -0.0107 -0.9948
vn 0.1373 -0.0000 -0.9905
vn 0.3344 0.2790 -0.9002
vn 0.6859 0.3690 -0.6272
vn 0.3426 0.4463 -0.8267
vn 0.4673 -0.8522 -0.2351
vn 0.7971 -0.5690 0.2021
vn 0.8786 0.1192 0.4625
vn 0.9374 -0.0697 0.3412
vn 0.6293 0.2221 0.7447
vn 0.6298 0.2212 0.7446
vn 0.6260 0.2287 0.7455
vn 0.6256 0.2295 0.7456
vn 0.9589 0.0995 0.2659
vn 0.8625 0.2397 0.4457
vn 0.9636 -0.0069 0.2673
vn 0.9695 -0.0118 0.2450
vn -0.6428 -0.0000 -0.7660
vn 0.0826 -0.1498 -0.9853
vn 0.1555 -0.2685 -0.9506
vn 0.8144 0.0812 0.5746
vn 0.8225 0.0690 0.5646
vn 0.7300 0.5582 0.3944
vn 0.7548 0.5307 0.3856
vn 0.2226 -0.5633 -0.7957
vn 0.2271 -0.5273 -0.8188
vn 0.6598 -0.5876 -0.4684
vn 0.4145 -0.8170 -0.4009
vn 0.5640 0.8256 0.0171
vn 0.7901 0.5854 -0.1819
vn 0.5269 -0.7771 -0.3442
vn 0.8399 -0.5367 0.0809
vn 0.9931 -0.0049 0.1170
vn 0.9910 -0.0000 0.1338
vn 0.9001 0.2790 0.3346
vn 0.6272 0.3690 0.6859
vn 0.8267 0.4463 0.3426
vn -0.9397 -0.0000 -0.3420
vn 0.2164 -0.8437 0.4913
vn 0.7353 -0.5737 0.3608
vn 0.9703 0.1192 0.2104
vn 0.9597 0.2281 -0.1644
vn 0.9596 0.2292 -0.1634
vn 0.9600 0.2234 -0.1690
vn 0.9600 0.2231 -0.1693
vn 0.9477 0.2379 0.2130
vn 0.9051 0.1003 0.4131
vn 0.9097 -0.0152 0.4150
vn 0.8973 -0.0092 0.4413
vn -0.9848 -0.0000 0.1736
vn -0.9848 -0.0000 0.1737
vn -0.5758 -0.0378 0.8167
vn -0.5761 -0.0381 0.8165
vn -0.5730 -0.0343 0.8188
vn -0.5699 -0.0304 0.8212
vn 0.9957 -0.0015 0.0922
vn 0.9957 -0.0022 0.0931
vn 0.9964 0.0040 0.0846
vn 0.9965 0.0048 0.0836
vn 0.9521 0.2819 0.1181
vn 0.9567 0.2734 0.0996
vn 0.6227 0.7315 0.2779
vn 0.6221 0.7315 0.2792
vn 0.6224 0.7315 0.2785
vn 0.0531 -0.8089 0.5855
vn 0.2148 -0.5885 0.7794
vn 0.4462 0.8142 0.3715
vn 0.4868 0.5856 0.6481
vn -0.4665 -0.4522 0.7602
vn -0.4837 -0.2749 0.8309
vn -0.1894 -0.6589 0.7280
vn -0.1521 -0.7186 0.6786
vn 0.1629 -0.7706 0.6162
vn 0.6848 -0.5406 0.4886
vn 0.8270 -0.0107 0.5621
vn 0.8470 -0.0000 0.5315
vn 0.9046 0.2790 0.3224
vn 0.9381 0.3392 0.0695
vn 0.8423 0.5350 -0.0657
vn -0.4673 -0.8522 0.2351
vn -0.7971 -0.5690 -0.2021
vn -0.8786 0.1192 -0.4625
vn -0.9374 -0.0697 -0.3412
vn -0.6267 0.2234 -0.7465
vn -0.6301 0.2292 -0.7420
vn -0.6295 0.2281 -0.7428
vn -0.6266 0.2231 -0.7467
vn -0.9589 0.0995 -0.2659
vn -0.8625 0.2397 -0.4457
vn -0.9636 -0.0069 -0.2673
vn -0.9695 -0.0118 -0.2450
vn 0.6428 -0.0000 0.7660
vn -0.0836 -0.0000 0.9965
vn -0.8171 -0.0000 -0.5765
vn -0.0826 -0.1498 0.9853
vn -0.1555 -0.2685 0.9506
vn -0.8151 0.0695 -0.5751
vn -0.8233 0.0805 -0.5619
vn -0.6953 0.6343 -0.3379
vn -0.7039 0.6341 -0.3201
vn -0.2374 -0.6340 0.7360
vn -0.2370 -0.6352 0.7351
vn -0.2389 -0.6291 0.7397
vn -0.2390 -0.6287 0.7400
vn -0.5269 -0.7771 0.3442
vn -0.8399 -0.5367 -0.0809
vn -0.9931 -0.0049 -0.1170
vn -0.9910 -0.0000 -0.1338
vn -0.9001 0.2790 -0.3346
vn -0.6272 0.3690 -0.6859
vn -0.8267 0.4463 -0.3426
vn 0.9397 -0.0000 0.3420
vn -0.2164 -0.8437 -0.4913
vn -0.7353 -0.5737 -0.3608
vn -0.9703 0.1192 -0.2104
vn -0.9597 0.2281 0.1644
vn -0.9596 0.2292 0.1634
vn -0.9600 0.2234 0.1690
vn -0.9600 0.2231 0.1693
vn -0.9477 0.2379 -0.2130
vn -0.9051 0.1003 -0.4131
vn -0.9097 -0.0152 -0.4150
vn -0.8973 -0.0092 -0.4413
vn 0.9848 -0.0000 -0.1736
vn 0.9848 -0.0000 -0.1737
vn 0.5765 -0.0000 -0.8171
vn -0.9965 -0.0000 -0.0836
vn 0.5353 -0.1460 -0.8319
vn 0.5533 -0.2810 -0.7842
vn -0.9941 0.0695 -0.0834
vn -0.9919 0.0805 -0.0987
vn 0.3523 -0.5273 -0.7732
vn 0.3409 -0.5633 -0.7527
vn -0.8259 0.5415 -0.1570
vn -0.8130 0.5493 -0.1931
vn -0.0488 -0.8123 -0.5813
vn -0.2140 -0.5885 -0.7797
vn -0.4430 0.8256 -0.3494
vn -0.4883 0.5854 -0.6472
vn -0.1629 -0.7706 -0.6162
vn -0.6848 -0.5406 -0.4886
vn -0.8270 -0.0107 -0.5621
vn -0.8470 -0.0000 -0.5315
vn -0.9046 0.2790 -0.3224
vn -0.9381 0.3392 -0.0695
vn -0.8423 0.5350 0.0657
vn -0.5853 -0.7688 0.2574
vn -0.1716 -0.9181 0.3572
vn -0.2056 0.0127 0.9786
vn -0.3395 0.1203 0.9329
vn 0.1644 0.2281 0.9596
vn 0.1634 0.2292 0.9596
vn 0.1690 0.2234 0.9600
vn 0.1693 0.2231 0.9600
vn -0.2130 0.2397 0.9472
vn -0.4126 0.0995 0.9054
vn -0.4146 -0.0123 0.9099
vn -0.4355 -0.0066 0.9002
vn -0.1737 -0.0000 -0.9848
vn -0.1736 -0.0000 -0.9848
vn -0.8319 -0.1460 -0.5353
vn -0.7842 -0.2810 -0.5533
vn -0.0834 0.0695 0.9941
vn -0.0987 0.0805 0.9919
vn -0.1671 0.5582 0.8127
vn -0.1898 0.5307 0.8261
vn -0.5813 -0.8123 0.0488
vn -0.7797 -0.5885 0.2140
vn -0.3494 0.8256 0.4430
vn -0.6472 0.5854 0.4883
vn -0.7527 -0.5633 -0.3409
vn -0.7732 -0.5273 -0.3523
vn -0.6023 -0.7771 0.1823
vn -0.4779 -0.5367 0.6954
vn -0.5487 -0.0049 0.8360
vn -0.5345 -0.0000 0.8451
vn -0.3223 0.2790 0.9046
vn -0.0695 0.3392 0.9381
vn 0.0657 0.5350 0.8423
vn 0.3420 -0.0000 -0.9397
vn 0.2373 -0.8437 0.4816
vn -0.1962 -0.5737 0.7952
vn -0.4625 0.1192 0.8786
vn -0.3412 -0.0697 0.9374
vn -0.7465 0.2234 0.6267
vn -0.7420 0.2292 0.6301
vn -0.7428 0.2281 0.6294
vn -0.7467 0.2231 0.6266
vn -0.2654 0.1003 0.9589
vn -0.4460 0.2379 0.8628
vn -0.2668 -0.0152 0.9636
vn -0.2387 -0.0092 0.9711
vn 0.7660 -0.0000 -0.6428
vn 0.9965 -0.0000 0.0836
vn -0.5765 -0.0000 0.8171
vn 0.9853 -0.1498 0.0826
vn 0.9506 -0.2685 0.1555
vn -0.5751 0.0695 0.8151
vn -0.5619 0.0805 0.8233
vn -0.3944 0.5582 0.7300
vn -0.3856 0.5307 0.7548
vn 0.7957 -0.5633 0.2226
vn 0.8188 -0.5273 0.2271
vn 0.4009 -0.8170 0.4145
vn 0.4684 -0.5876 0.6598
vn -0.0171 0.8256 0.5640
vn 0.1819 0.5854 0.7901
vn 0.3673 -0.7706 0.5208
vn -0.0659 -0.5406 0.8387
vn -0.1010 -0.0107 0.9948
vn -0.1373 -0.0000 0.9905
vn -0.3344 0.2790 0.9002
vn -0.6859 0.3690 0.6272
vn -0.3426 0.4463 0.8267
vn 0.1737 -0.0000 0.9848
vn -0.4219 -0.8126 0.4020
vn -0.6602 -0.5877 0.4676
vn -0.5806 0.8142 -0.0023
vn -0.7896 0.5856 0.1836
vn -0.4676 -0.5877 -0.6602
vn -0.4020 -0.8126 -0.4219
vn 0.0023 0.8142 -0.5806
vn -0.1836 0.5856 -0.7896
vn -0.2023 0.0797 0.9761
vn 0.0306 0.4758 0.8790
vn -0.1341 0.0698 0.9885
vn -0.1985 -0.0494 0.9789
vn -0.1610 0.0931 0.9826
vn -0.2353 -0.0467 0.9708
vn -0.3739 0.1419 0.9166
vn -0.3315 0.3394 0.8803
vn -0.4031 0.0696 0.9125
vn -0.3905 0.1337 0.9108
vn -0.7707 0.4438 0.4571
vn -0.7702 0.4450 0.4570
vn -0.7756 0.4339 0.4586
vn -0.7757 0.4335 0.4586
vn -0.9032 0.2293 0.3630
vn -0.8616 0.2578 0.4372
vn -0.9911 0.1234 0.0502
vn -0.9788 0.1084 0.1738
vn -0.5270 -0.3551 0.7721
vn -0.7739 -0.2699 0.5730
vn -0.8027 -0.0932 0.5891
vn -0.9431 -0.1742 0.2833
vn -0.8875 0.1767 0.4256
vn -0.9490 0.0734 0.3066
vn -0.1029 0.8933 0.4375
vn -0.1450 0.8504 0.5058
vn 0.3646 0.8920 0.2673
vn 0.3716 0.8907 0.2619
vn 0.3645 0.8920 0.2674
vn 0.3978 0.8295 0.3921
vn 0.0706 0.9761 0.2056
vn 0.0609 0.9828 0.1744
vn 0.1862 0.9669 -0.1745
vn 0.1628 0.9521 -0.2589
vn 0.3021 0.4960 -0.8141
vn 0.2702 0.4650 -0.8430
vn 0.0636 0.9765 0.2057
vn 0.0554 0.9752 0.2144
vn 0.0567 0.9754 0.2131
vn 0.0648 0.9767 0.2044
vn 0.1233 0.9817 -0.1450
vn 0.1493 0.9724 -0.1794
vn 0.2513 0.4687 -0.8468
vn 0.2351 0.4524 -0.8602
vn 0.2405 0.4522 -0.8589
vn 0.2357 0.4524 -0.8601
vn 0.0909 0.9664 0.2403
vn 0.0852 0.9673 0.2387
vn 0.0901 0.9666 0.2401
vn 0.0839 0.9715 0.2215
vn 0.1436 0.9817 -0.1248
vn 0.1359 0.9826 -0.1268
vn 0.1443 0.9817 -0.1246
vn 0.1567 0.9779 -0.1383
vn 0.2409 0.4526 -0.8586
vn -0.4884 0.5354 -0.6891
vn -0.2952 0.6779 -0.6733
vn -0.6371 0.6573 -0.4026
vn -0.6349 0.6615 -0.3992
vn -0.6352 0.6610 -0.3996
vn -0.6374 0.6566 -0.4032
vn -0.7221 0.6747 -0.1526
vn -0.7497 0.6468 -0.1401
vn -0.8131 0.5406 -0.2160
vn -0.7987 0.5921 -0.1073
vn -0.8993 0.0947 0.4269
vn -0.9333 0.2599 0.2478
vn -0.9041 0.4098 -0.1210
vn -0.9559 0.2915 -0.0360
vn -0.6659 0.6621 -0.3439
vn -0.6650 0.6643 -0.3414
vn -0.6649 0.6645 -0.3412
vn -0.6142 0.6961 -0.3717
vn -0.6626 0.6018 -0.4459
vn -0.7533 0.5272 -0.3932
vn -0.7533 0.5274 -0.3930
vn -0.7528 0.5323 -0.3872
vn -0.9646 0.2573 -0.0587
vn -0.9522 0.3017 -0.0487
vn -0.9516 0.3038 -0.0465
vn -0.9523 0.3012 -0.0491
vn -0.1349 0.5642 0.8146
vn -0.1425 0.6132 0.7769
vn 0.0955 0.9604 0.2617
vn 0.0843 0.9675 0.2385
vn 0.1469 0.9799 -0.1352
vn 0.1348 0.9827 -0.1271
vn 0.1840 0.4572 -0.8701
vn 0.2661 0.5029 -0.8224
vn -0.6334 0.5793 0.5131
vn -0.7106 0.4378 0.5508
vn -0.7448 0.3627 0.5601
vn -0.7018 0.4011 0.5887
vn -0.8526 0.4962 0.1642
vn -0.8665 0.4680 0.1737
vn -0.8736 0.4505 0.1841
vn -0.8241 0.5560 0.1081
vn -0.8105 0.5487 -0.2052
vn -0.8145 0.5416 -0.2079
vn -0.8120 0.5469 -0.2038
vn -0.8122 0.5467 -0.2036
vn -0.8145 0.5417 -0.2079
vn -0.8146 0.5415 -0.2079
vn -0.8592 -0.4461 -0.2505
vn -0.9036 -0.3580 -0.2351
vn -0.9570 -0.0138 -0.2899
vn -0.9475 -0.0553 -0.3149
vn -0.8150 0.4956 -0.3004
vn -0.8715 0.4159 -0.2596
vn -0.5539 0.8170 -0.1602
vn -0.6211 0.7705 -0.1433
vn -0.0700 0.9974 0.0177
vn -0.0686 0.9976 0.0115
vn -0.0701 0.9974 0.0183
vn -0.0197 0.9981 0.0576
vn 0.0410 0.9974 0.0585
vn 0.0524 0.9963 0.0687
vn 0.0572 0.9959 0.0699
vn 0.0535 0.9962 0.0690
vn 0.0567 0.9960 0.0691
vn 0.0627 0.9955 0.0717
vn 0.0686 0.9963 0.0526
vn 0.0713 0.9960 0.0535
vn 0.0687 0.9963 0.0526
vn 0.0842 0.9934 0.0776
vn 0.1464 0.9891 0.0161
vn 0.1510 0.9884 0.0177
vn 0.1511 0.9884 0.0177
vn 0.0742 0.9958 0.0544
vn -0.8909 -0.3604 -0.2764
vn -0.8910 -0.3603 -0.2764
vn -0.9528 -0.0152 -0.3032
vn -0.9522 -0.0193 -0.3048
vn -0.9523 -0.0184 -0.3045
vn -0.9529 -0.0143 -0.3028
vn -0.8648 0.4142 -0.2836
vn -0.8295 0.4710 -0.3001
vn -0.5977 0.7656 -0.2378
vn -0.5840 0.7756 -0.2393
vn -0.1448 0.9858 -0.0854
vn -0.0059 1.0000 0.0062
vn 0.0790 0.9961 0.0396
vn 0.0523 0.9985 0.0190
vn 0.0704 0.9972 0.0256
vn 0.0738 0.9969 0.0268
vn 0.0737 0.9969 0.0257
vn 0.0716 0.9972 0.0233
vn 0.0935 0.9951 0.0311
vn 0.0970 0.9946 0.0361
vn 0.0974 0.9946 0.0354
vn 0.0921 0.9952 0.0335
vn 0.1565 0.9866 0.0461
vn 0.1403 0.9888 0.0516
vn -0.9462 -0.2294 0.2282
vn -0.9842 -0.1165 0.1336
vn -0.9967 0.0287 -0.0758
vn -0.9965 -0.0829 0.0038
vn -0.9292 0.0158 -0.3692
vn -0.8972 0.0931 -0.4318
vn -0.9983 0.0538 -0.0227
vn -0.9878 -0.0730 0.1378
vn -0.9407 0.2416 -0.2381
vn -0.9954 0.0613 -0.0733
vn -0.8282 0.4199 -0.3711
vn -0.8677 0.3737 -0.3279
vn -0.9922 0.0926 -0.0835
vn -0.9839 0.1784 -0.0137
vn -0.9275 0.2032 -0.3138
vn -0.9061 0.3560 -0.2286
vn -0.7780 0.4889 -0.3945
vn -0.7598 0.5544 -0.3397
vn -0.1198 0.9880 0.0972
vn -0.0721 0.9969 0.0326
vn 0.3232 0.8385 0.4386
vn 0.2396 0.9684 0.0698
vn -0.2259 0.9734 -0.0372
vn -0.0817 0.9905 -0.1104
vn 0.0525 0.9986 -0.0112
vn 0.0629 0.9959 0.0649
vn -0.1817 0.9499 -0.2542
vn -0.1856 0.9506 -0.2488
vn -0.1818 0.9500 -0.2540
vn -0.2156 0.9436 -0.2513
vn 0.0855 0.9930 -0.0817
vn 0.1213 0.9893 -0.0807
vn 0.4245 0.8740 0.2365
vn 0.5316 0.8063 0.2596
vn 0.3165 0.9349 0.1606
vn 0.3247 0.9333 0.1534
vn 0.3248 0.9333 0.1533
vn 0.3719 0.8906 0.2617
vn -0.7847 0.5415 -0.3018
vn -0.7906 0.5316 -0.3040
vn -0.7893 0.5342 -0.3028
vn -0.7765 0.5727 -0.2629
vn -0.7849 0.5384 -0.3068
vn -0.7838 0.5396 -0.3073
vn -0.9120 -0.0588 -0.4059
vn -0.9152 -0.0505 -0.3998
vn -0.9150 -0.0510 -0.4002
vn -0.9118 -0.0593 -0.4063
vn -0.7711 0.4986 -0.3960
vn -0.8233 0.4396 -0.3591
vn -0.8209 0.4401 -0.3640
vn -0.8221 0.4398 -0.3615
vn -0.7142 0.5906 -0.3756
vn -0.7065 0.6071 -0.3638
vn -0.1404 0.9860 -0.0903
vn -0.1705 0.9773 -0.1260
vn 0.0743 0.9972 -0.0067
vn 0.0502 0.9981 -0.0343
vn 0.2623 0.9619 0.0765
vn 0.2924 0.9507 0.1034
vn 0.2727 0.9570 0.0993
vn 0.2727 0.9570 0.0992
vn 0.2743 0.9570 0.0946
vn 0.2874 0.9514 0.1103
vn 0.2899 0.9510 0.1080
vn 0.2901 0.9509 0.1078
vn 0.9148 -0.0092 0.4039
vn 0.8977 -0.1565 0.4119
vn 0.7148 -0.1294 0.6873
vn 0.7506 0.0685 0.6572
vn 0.5852 0.1142 0.8028
vn 0.5867 0.1289 0.7995
vn -0.1280 -0.1563 0.9794
vn -0.1283 -0.1596 0.9788
vn -0.1283 -0.1588 0.9789
vn -0.1279 -0.1553 0.9796
vn -0.0347 -0.1155 0.9927
vn 0.0737 -0.1041 0.9918
vn 0.1696 -0.1905 0.9669
vn 0.0537 -0.1927 0.9798
vn 0.1703 -0.2053 0.9638
vn 0.1736 -0.2041 0.9634
vn 0.1766 -0.2022 0.9633
vn 0.1689 -0.2056 0.9640
vn 0.1799 -0.4296 0.8849
vn 0.1369 -0.3566 0.9242
vn 0.1481 -0.4992 0.8537
vn 0.1405 -0.5022 0.8533
vn 0.1401 -0.5023 0.8532
vn 0.0819 -0.2872 0.9544
vn -0.2619 -0.5064 0.8216
vn -0.2496 -0.4218 0.8716
vn -0.2041 -0.3331 0.9205
vn -0.1937 -0.3345 0.9223
vn -0.2047 -0.3331 0.9204
vn -0.2291 -0.4229 0.8767
vn -0.1931 -0.3346 0.9223
vn -0.1844 -0.3060 0.9340
vn -0.2401 -0.2452 0.9393
vn -0.2558 -0.2958 0.9204
vn -0.3657 -0.0779 0.9275
vn -0.3204 -0.2173 0.9220
vn -0.5386 -0.1320 0.8321
vn -0.4107 -0.1619 0.8973
vn -0.2512 -0.2674 0.9303
vn -0.4424 -0.1595 0.8825
vn -0.3160 -0.5420 0.7787
vn -0.0942 -0.5353 0.8394
vn -0.3119 -0.9496 0.0312
vn -0.2826 -0.9587 0.0335
vn -0.2687 -0.9624 -0.0401
vn -0.2944 -0.9546 -0.0445
vn -0.1758 -0.9155 -0.3620
vn -0.1660 -0.9551 -0.2453
vn -0.1882 -0.9497 -0.2502
vn -0.1905 -0.9195 -0.3440
vn -0.0782 -0.9425 -0.3250
vn -0.0782 -0.9427 -0.3243
vn -0.0782 -0.9426 -0.3246
vn -0.0781 -0.9424 -0.3253
vn 0.5241 -0.8465 0.0935
vn 0.4677 -0.8308 -0.3018
vn 0.7166 -0.6937 -0.0724
vn 0.7330 -0.6778 0.0574
vn 0.7013 -0.4518 0.5514
vn 0.7098 -0.7033 0.0400
vn 0.4543 -0.4503 0.7686
vn 0.4906 -0.5200 0.6992
vn 0.9104 -0.3480 0.2237
vn 0.8564 -0.3747 0.3552
vn 0.1741 -0.2117 0.9617
vn 0.1712 -0.2047 0.9637
vn 0.1715 -0.1950 0.9657
vn 0.1451 -0.1948 0.9701
vn 0.1540 -0.0982 0.9832
vn 0.2424 -0.1589 0.9571
vn 0.2423 -0.1591 0.9571
vn 0.2422 -0.1595 0.9570
vn 0.6150 0.0288 0.7880
vn 0.0501 -0.9564 0.2877
vn 0.0518 -0.9565 0.2873
vn 0.0497 -0.9564 0.2879
vn 0.0540 -0.9565 0.2866
vn 0.0721 -0.9504 0.3025
vn 0.5043 -0.4038 0.7632
vn 0.7451 -0.4664 0.4767
vn -0.0841 -0.8195 -0.5669
vn 0.0053 -0.9738 -0.2272
vn 0.3018 -0.9148 0.2683
vn 0.7448 -0.5951 0.3017
vn 0.2777 -0.9480 0.1557
vn 0.3304 -0.9290 0.1669
vn 0.1195 -0.9554 0.2702
vn 0.2712 -0.8964 0.3505
vn 0.5782 -0.7631 0.2888
vn 0.7086 -0.6262 0.3252
vn 0.1920 0.1768 -0.9653
vn 0.1922 0.2292 -0.9542
vn 0.2168 0.2260 -0.9497
vn 0.2177 0.1952 -0.9563
vn 0.1960 0.1966 -0.9607
vn 0.2066 0.0911 -0.9742
vn 0.2324 -0.0906 -0.9684
vn 0.2329 -0.0975 -0.9676
vn 0.2379 -0.0937 -0.9668
vn 0.3089 -0.0501 -0.9498
vn 0.3529 -0.0600 -0.9338
vn 0.7554 0.0236 -0.6549
vn 0.6274 0.0238 -0.7783
vn 0.8353 -0.0105 -0.5498
vn 0.8183 -0.0130 -0.5746
vn 0.6018 0.3910 -0.6963
vn 0.7309 0.3557 -0.5825
vn 0.7791 0.3538 -0.5176
vn 0.6648 0.3418 -0.6642
vn 0.6462 0.1985 -0.7369
vn 0.8270 0.2096 -0.5217
vn 0.8198 0.0414 -0.5712
vn 0.5936 -0.0112 -0.8047
vn -0.1070 -0.8711 -0.4793
vn -0.5906 -0.3947 -0.7038
vn -0.5025 -0.3733 -0.7798
vn -0.4746 -0.4634 -0.7484
vn 0.7799 -0.1081 -0.6165
vn 0.7236 -0.0288 -0.6896
vn 0.1282 0.0792 -0.9886
vn 0.1337 0.0803 -0.9878
vn 0.1339 0.0803 -0.9877
vn 0.1239 0.1772 -0.9763
vn 0.9120 0.1890 0.3640
vn 0.8782 0.3966 0.2672
vn 0.9388 0.2052 0.2768
vn 0.9366 0.2202 0.2727
vn -0.6615 -0.5429 -0.5174
vn -0.5191 -0.7329 -0.4398
vn -0.4596 -0.8717 -0.1700
vn -0.3871 -0.9094 -0.1524
vn 0.1853 -0.0672 -0.9804
vn 0.1280 0.0791 -0.9886
vn 0.1559 -0.7531 -0.6391
vn 0.2181 -0.8619 -0.4578
vn -0.2669 -0.1944 0.9439
vn -0.2733 -0.2466 0.9298
vn -0.2900 0.5321 0.7955
vn -0.3162 0.5894 0.7434
vn -0.0874 0.9706 0.2241
vn -0.0965 0.9753 0.1986
vn -0.0127 0.9781 -0.2076
vn -0.0395 0.9807 -0.1912
vn 0.0316 0.5083 -0.8606
vn 0.1694 0.5950 -0.7856
vn 0.0049 0.9992 0.0409
vn 0.0154 0.9986 0.0504
vn 0.0226 0.9994 0.0266
vn 0.0111 0.9998 0.0181
vn -0.8295 0.5276 0.1834
vn -0.8297 0.5271 0.1837
vn -0.8265 0.5336 0.1794
vn -0.8260 0.5345 0.1788
vn -0.6892 0.4378 0.5773
vn -0.7351 0.4081 0.5413
vn -0.4110 0.1184 0.9039
vn -0.4108 0.1195 0.9038
vn -0.4110 0.1183 0.9039
vn -0.4111 0.1172 0.9040
vn 0.0870 -0.3877 0.9177
vn 0.1484 -0.4990 0.8538
vn 0.6714 -0.7332 -0.1082
vn 0.6617 -0.7453 -0.0821
vn 0.2326 -0.1247 -0.9645
vn 0.2279 -0.1013 -0.9684
vn -0.8831 0.4288 -0.1905
vn -0.8830 0.4290 -0.1904
vn -0.8832 0.4286 -0.1906
vn -0.8842 0.4259 -0.1920
vn -0.8766 0.3787 -0.2967
vn -0.8767 0.3785 -0.2968
vn -0.8754 0.3802 -0.2986
vn -0.8757 0.3803 -0.2976
vn -0.6435 0.7255 -0.2441
vn -0.6510 0.7148 -0.2557
vn -0.6902 0.6903 -0.2172
vn -0.6891 0.6915 -0.2167
vn -0.6904 0.6900 -0.2174
vn -0.7645 0.6159 -0.1906
vn -0.8484 0.5128 0.1311
vn -0.8857 0.4389 0.1514
vn -0.7659 0.3081 0.5644
vn -0.7885 0.2838 0.5456
vn -0.3849 -0.0592 0.9210
vn -0.3723 0.1055 0.9221
vn 0.3125 -0.2972 0.9022
vn 0.3116 -0.2960 0.9029
vn 0.3119 -0.2964 0.9027
vn 0.3128 -0.2976 0.9020
vn 0.7825 -0.5857 0.2112
vn 0.8471 -0.5272 0.0668
vn 0.4282 -0.0352 -0.9030
vn 0.4117 0.0163 -0.9112
vn -0.3358 0.9244 -0.1810
vn -0.3442 0.9190 -0.1922
vn -0.3888 0.8537 -0.3466
vn -0.3569 0.9005 -0.2482
vn -0.5912 0.7263 -0.3508
vn -0.5416 0.8026 -0.2500
vn -0.6736 0.7347 -0.0800
vn -0.6581 0.7512 -0.0509
vn -0.5128 0.6416 0.5704
vn -0.5956 0.6276 0.5014
vn 0.0124 0.0291 0.9995
vn -0.0248 0.0562 0.9981
vn 0.0628 -0.2123 0.9752
vn 0.1994 -0.3642 0.9097
vn 0.3506 -0.4712 -0.8094
vn 0.2670 -0.2452 -0.9320
vn 0.5863 0.4769 -0.6549
vn 0.4698 0.0801 -0.8791
vn 0.4772 -0.0494 -0.8774
vn 0.5327 0.0698 -0.8434
vn 0.4448 -0.0468 -0.8944
vn 0.5081 0.0885 -0.8567
vn 0.3119 0.3394 -0.8874
vn 0.3027 0.1419 -0.9424
vn 0.2863 0.1337 -0.9488
vn 0.2778 0.0696 -0.9581
vn -0.2966 0.4438 -0.8456
vn -0.2995 0.4335 -0.8499
vn -0.2994 0.4338 -0.8498
vn -0.2962 0.4450 -0.8451
vn -0.3884 0.1924 -0.9012
vn -0.4100 0.1809 -0.8940
vn -0.6436 0.1046 -0.7582
vn -0.7293 0.1178 -0.6740
vn -0.2592 -0.2678 -0.9280
vn 0.0901 -0.3638 -0.9271
vn -0.5396 -0.1649 -0.8256
vn -0.2617 -0.0926 -0.9607
vn -0.5277 0.0733 -0.8462
vn -0.3318 0.2037 -0.9211
vn 0.1955 0.9130 -0.3581
vn 0.2024 0.8933 -0.4013
vn 0.5568 0.8295 -0.0446
vn 0.4511 0.8920 0.0294
vn 0.1587 0.9828 -0.0944
vn 0.1836 0.9764 -0.1135
vn 0.1837 0.9764 -0.1135
vn 0.1863 0.9761 -0.1121
vn -0.0417 0.9521 0.3029
vn 0.0305 0.9669 0.2533
vn -0.3200 0.5056 0.8012
vn -0.3065 0.4585 0.8342
vn 0.1810 0.9767 -0.1149
vn 0.1803 0.9752 -0.1287
vn -0.0010 0.9724 0.2334
vn 0.0013 0.9817 0.1904
vn -0.3664 0.4718 0.8020
vn -0.3581 0.4502 0.8180
vn -0.3679 0.4522 0.8125
vn -0.3593 0.4504 0.8174
vn 0.2143 0.9707 -0.1085
vn 0.2175 0.9698 -0.1104
vn 0.2172 0.9699 -0.1102
vn 0.2138 0.9709 -0.1082
vn 0.0312 0.9779 0.2067
vn 0.0304 0.9817 0.1882
vn 0.0226 0.9826 0.1845
vn 0.0298 0.9817 0.1879
vn -0.3682 0.4527 0.8121
vn -0.6876 0.6104 0.3931
vn -0.7830 0.6079 0.1320
vn -0.7468 0.6573 -0.1011
vn -0.7475 0.6566 -0.1009
vn -0.7434 0.6610 -0.1022
vn -0.7430 0.6615 -0.1023
vn -0.6643 0.6468 -0.3746
vn -0.6513 0.6747 -0.3472
vn -0.6726 0.5357 -0.5105
vn -0.7719 0.4756 -0.4220
vn -0.6206 0.2068 -0.7564
vn -0.3957 0.1668 -0.9031
vn -0.7184 0.3404 -0.6066
vn -0.8170 0.3336 -0.4704
vn -0.7308 0.6704 -0.1282
vn -0.5939 0.7701 -0.2329
vn -0.8067 0.5546 -0.2042
vn -0.8229 0.5645 -0.0644
vn -0.7610 0.3030 -0.5736
vn -0.7821 0.2566 -0.5678
vn 0.3985 0.5811 -0.7096
vn 0.4137 0.5570 -0.7202
vn 0.1914 0.9746 -0.1165
vn 0.2414 0.9604 -0.1390
vn 0.0216 0.9827 0.1840
vn 0.0257 0.9799 0.1980
vn -0.3451 0.4502 0.8236
vn -0.3996 0.5081 0.7630
vn -0.4072 0.5084 0.7587
vn -0.4055 0.5024 0.7637
vn -0.1903 0.4378 -0.8787
vn -0.1554 0.5793 -0.8002
vn -0.1592 0.4011 -0.9021
vn -0.2105 0.3627 -0.9078
vn -0.5521 0.4680 -0.6900
vn -0.5475 0.4962 -0.6738
vn -0.5619 0.5560 -0.6125
vn -0.5509 0.4505 -0.7026
vn -0.7854 0.5430 -0.2970
vn -0.7854 0.5431 -0.2969
vn -0.7899 0.5342 -0.3012
vn -0.7897 0.5333 -0.3033
vn -0.7899 0.5327 -0.3039
vn -0.8434 -0.3580 -0.4007
vn -0.8192 -0.4461 -0.3604
vn -0.9283 -0.0553 -0.3678
vn -0.9194 -0.0138 -0.3930
vn -0.9242 -0.0143 -0.3816
vn -0.9200 -0.0139 -0.3917
vn -0.8556 0.4121 -0.3134
vn -0.8543 0.4123 -0.3164
vn -0.8554 0.4121 -0.3137
vn -0.7947 0.4995 -0.3450
vn -0.5844 0.7696 -0.2573
vn -0.5102 0.8179 -0.2660
vn 0.0220 0.9981 -0.0568
vn -0.0419 0.9974 -0.0591
vn -0.0451 0.9976 -0.0530
vn -0.0422 0.9974 -0.0586
vn 0.0854 0.9962 -0.0185
vn 0.0887 0.9959 -0.0168
vn 0.0843 0.9963 -0.0189
vn 0.0690 0.9974 -0.0185
vn 0.0878 0.9960 -0.0165
vn 0.0941 0.9955 -0.0147
vn 0.1144 0.9934 -0.0054
vn 0.0864 0.9963 0.0038
vn 0.0890 0.9960 0.0049
vn 0.0863 0.9963 0.0038
vn 0.0918 0.9958 0.0060
vn 0.1271 0.9884 0.0835
vn 0.1270 0.9884 0.0835
vn 0.1225 0.9891 0.0818
vn -0.8601 -0.3603 -0.3611
vn -0.8601 -0.3602 -0.3611
vn -0.8601 -0.3604 -0.3610
vn -0.9246 -0.0143 -0.3806
vn -0.9253 -0.0192 -0.3787
vn -0.8193 0.4709 -0.3270
vn -0.8542 0.4124 -0.3166
vn -0.5996 0.7756 -0.1971
vn -0.6129 0.7651 -0.1973
vn -0.0006 1.0000 -0.0085
vn -0.1659 0.9857 -0.0278
vn 0.0522 0.9985 0.0191
vn 0.0860 0.9961 0.0206
vn 0.0698 0.9972 0.0281
vn 0.0730 0.9969 0.0277
vn 0.0917 0.9951 0.0362
vn 0.0975 0.9946 0.0347
vn 0.1406 0.9888 0.0507
vn 0.1496 0.9866 0.0650
vn -0.6680 -0.1165 -0.7349
vn -0.5781 -0.2294 -0.7830
vn -0.7609 -0.0829 -0.6435
vn -0.8122 0.0287 -0.5826
vn -0.9818 0.0214 -0.1887
vn -0.9633 -0.0589 -0.2618
vn -0.6681 -0.0730 -0.7405
vn -0.7793 0.0538 -0.6243
vn -0.8096 0.0613 -0.5837
vn -0.8740 0.2417 -0.4215
vn -0.8754 0.2420 -0.4184
vn -0.8737 0.2416 -0.4222
vn -0.8723 0.4199 -0.2504
vn -0.8729 0.4200 -0.2482
vn -0.8722 0.4199 -0.2510
vn -0.8688 0.4421 -0.2230
vn -0.7625 0.1784 -0.6219
vn -0.8137 0.0926 -0.5738
vn -0.8411 0.3560 -0.4073
vn -0.9122 0.2032 -0.3558
vn -0.7819 0.5897 -0.2022
vn -0.8106 0.5553 -0.1856
vn -0.0342 0.9969 -0.0713
vn -0.0293 0.9880 -0.1515
vn 0.2284 0.9684 0.1005
vn 0.5296 0.8385 -0.1282
vn -0.1335 0.9905 0.0321
vn -0.1970 0.9734 -0.1167
vn 0.0899 0.9959 -0.0093
vn 0.0330 0.9986 0.0424
vn -0.2975 0.9546 0.0147
vn -0.2294 0.9694 0.0875
vn 0.0075 0.9912 0.1322
vn 0.0127 0.9905 0.1372
vn 0.0121 0.9906 0.1366
vn 0.0069 0.9913 0.1316
vn 0.4762 0.8480 0.2325
vn 0.2910 0.9514 0.1007
vn 0.2910 0.9511 0.1031
vn 0.2910 0.9515 0.0999
vn 0.3456 0.9349 0.0802
vn 0.2915 0.9509 0.1036
vn -0.7639 0.5728 -0.2972
vn -0.7990 0.5343 -0.2759
vn -0.8008 0.5316 -0.2758
vn -0.7949 0.5415 -0.2736
vn -0.7977 0.5396 -0.2692
vn -0.7982 0.5383 -0.2702
vn -0.9589 -0.0587 -0.2776
vn -0.9590 -0.0594 -0.2771
vn -0.9576 -0.0510 -0.2836
vn -0.9575 -0.0504 -0.2842
vn -0.8610 0.4394 -0.2560
vn -0.8442 0.4995 -0.1948
vn -0.7740 0.6077 -0.1778
vn -0.7881 0.5905 -0.1737
vn -0.2115 0.9773 -0.0137
vn -0.1651 0.9860 -0.0215
vn 0.0164 0.9982 0.0584
vn 0.0531 0.9972 0.0527
vn 0.2905 0.9507 0.1087
vn 0.2505 0.9618 0.1100
vn 0.2915 0.9509 0.1038
vn 0.2711 0.9569 0.1039
vn 0.9525 -0.1567 0.2610
vn 0.9605 -0.0118 0.2779
vn 0.9829 -0.1210 0.1387
vn 0.9684 -0.2213 0.1152
vn 0.9449 0.2616 -0.1967
vn 0.9672 0.0645 -0.2457
vn 0.5469 0.0588 -0.8351
vn 0.4910 -0.3308 -0.8059
vn 0.4685 -0.0490 -0.8821
vn 0.3025 -0.0693 -0.9506
vn 0.4520 -0.1587 -0.8778
vn 0.7597 -0.1663 -0.6287
vn 0.7546 -0.2056 -0.6231
vn 0.6235 -0.2373 -0.7449
vn 0.6989 -0.3566 -0.6199
vn 0.7066 -0.4296 -0.5623
vn 0.6762 -0.2872 -0.6784
vn 0.6558 -0.5023 -0.5636
vn 0.6560 -0.5022 -0.5634
vn 0.6622 -0.4992 -0.5588
vn 0.3673 -0.4217 -0.8290
vn 0.3299 -0.4974 -0.8023
vn 0.3881 -0.4229 -0.8189
vn 0.4348 -0.3331 -0.8366
vn 0.4419 -0.3341 -0.8325
vn 0.4352 -0.3331 -0.8364
vn 0.4668 -0.2840 -0.8375
vn 0.4423 -0.3342 -0.8323
vn 0.4003 -0.2731 -0.8747
vn 0.4231 -0.2240 -0.8780
vn 0.3473 -0.2173 -0.9122
vn 0.3161 -0.0779 -0.9455
vn 0.4207 -0.2410 -0.8746
vn 0.2286 -0.2075 -0.9511
vn 0.3228 -0.2248 -0.9194
vn 0.4130 -0.2545 -0.8745
vn 0.4644 -0.5403 -0.7017
vn 0.2547 -0.5478 -0.7969
vn -0.1950 -0.9587 -0.2073
vn -0.2189 -0.9496 -0.2244
vn -0.2525 -0.9552 -0.1544
vn -0.2315 -0.9624 -0.1421
vn -0.2848 -0.9551 0.0812
vn -0.3673 -0.9155 0.1643
vn -0.3670 -0.9195 0.1411
vn -0.3050 -0.9497 0.0706
vn -0.2808 -0.9356 0.2139
vn -0.2683 -0.9427 0.1982
vn 0.1642 -0.8308 0.5318
vn 0.4616 -0.8465 0.2653
vn 0.5984 -0.6778 0.4272
vn 0.5024 -0.6937 0.5161
vn 0.5694 -0.7033 0.4256
vn 0.8917 -0.4518 0.0283
vn 0.8223 -0.4809 -0.3042
vn 0.8224 -0.4804 -0.3046
vn 0.8202 -0.4888 -0.2971
vn 0.8202 -0.4891 -0.2968
vn 0.8859 -0.3745 0.2738
vn 0.8420 -0.3473 0.4128
vn 0.7371 -0.1903 -0.6485
vn 0.8991 -0.1261 -0.4192
vn 0.7811 -0.1611 -0.6033
vn 0.7362 -0.1618 -0.6571
vn 0.8160 -0.2058 -0.5402
vn 0.7810 -0.1612 -0.6033
vn 0.3037 -0.9147 -0.2666
vn 0.9448 0.2868 -0.1583
vn 0.2491 -0.9429 -0.2213
vn 0.3330 -0.9167 -0.2209
vn 0.9127 -0.4068 0.0382
vn 0.8414 -0.4595 -0.2844
vn -0.1420 -0.9738 0.1774
vn -0.4288 -0.8195 0.3803
vn 0.7645 -0.5951 0.2477
vn 0.4037 -0.9148 -0.0115
vn 0.3604 -0.9290 0.0846
vn 0.3103 -0.9489 0.0580
vn 0.6454 -0.7617 0.0569
vn 0.4212 -0.9065 -0.0290
vn 0.7517 -0.6265 0.2059
vn 0.6287 -0.7631 0.1500
vn -0.5660 -0.3200 0.7598
vn -0.5335 -0.4689 0.7039
vn -0.5331 -0.2337 0.8131
vn -0.5185 -0.3328 0.7877
vn -0.4977 -0.3131 0.8089
vn -0.5140 -0.2368 0.8244
vn -0.1986 -0.4199 0.8856
vn -0.1989 -0.4198 0.8856
vn -0.1988 -0.4198 0.8856
vn -0.1985 -0.4199 0.8856
vn -0.0330 -0.3455 0.9378
vn -0.0866 -0.3401 0.9364
vn 0.4038 -0.1924 0.8944
vn 0.4699 -0.1777 0.8647
vn 0.5114 -0.2353 0.8265
vn 0.4984 -0.2397 0.8332
vn 0.4533 0.1562 0.8776
vn 0.2943 0.1904 0.9366
vn 0.5907 0.2893 0.7532
vn 0.5932 0.2892 0.7513
vn 0.5857 0.2895 0.7571
vn 0.5834 0.2896 0.7588
vn 0.7518 0.1305 0.6464
vn 0.5623 0.1250 0.8174
vn 0.5601 -0.1421 0.8161
vn 0.7338 -0.0757 0.6751
vn -0.8252 -0.5539 0.1104
vn -0.2428 -0.9379 0.2477
vn -0.7383 -0.6411 0.2097
vn -0.7917 -0.5707 0.2181
vn 0.4127 -0.2247 0.8827
vn 0.4977 -0.2409 0.8332
vn -0.5644 -0.4627 0.6836
vn -0.5413 -0.5156 0.6642
vn 0.8530 0.3782 0.3598
vn 0.9297 0.2013 0.3084
vn 0.8978 0.1969 0.3940
vn 0.8986 0.1940 0.3936
vn 0.8963 0.2021 0.3947
vn 0.8955 0.2049 0.3950
vn -0.4662 -0.8773 -0.1142
vn -0.6128 -0.7690 -0.1819
vn -0.3943 -0.9094 -0.1320
vn -0.4607 -0.8721 -0.1648
vn -0.4184 -0.5114 0.7506
vn -0.3827 -0.5576 0.7366
vn -0.1272 -0.8619 0.4909
vn -0.2914 -0.7531 0.5898
vn 0.3942 -0.2253 -0.8910
vn 0.4023 -0.1944 -0.8946
vn 0.2447 0.5801 -0.7769
vn 0.2892 0.5321 -0.7958
vn 0.0537 0.9753 -0.2142
vn 0.0771 0.9706 -0.2278
vn -0.1532 0.9807 0.1211
vn -0.1432 0.9781 0.1508
vn -0.4090 0.5078 0.7582
vn -0.4984 0.5921 0.6332
vn 0.0442 0.9986 -0.0287
vn 0.0300 0.9992 -0.0282
vn 0.0201 0.9998 -0.0065
vn 0.0345 0.9994 -0.0056
vn -0.5175 0.5276 -0.6737
vn -0.5179 0.5345 -0.6679
vn -0.5178 0.5335 -0.6687
vn -0.5175 0.5271 -0.6740
vn -0.2152 0.4081 -0.8872
vn -0.1569 0.4378 -0.8853
vn 0.2662 0.1184 -0.9566
vn 0.2662 0.1172 -0.9568
vn 0.2662 0.1183 -0.9566
vn 0.2663 0.1195 -0.9565
vn 0.6625 -0.4990 -0.5586
vn 0.6565 -0.3877 -0.6471
vn 0.4541 -0.7453 0.4882
vn 0.4448 -0.7332 0.5144
vn -0.1592 -0.3892 0.9073
vn -0.1532 -0.4063 0.9008
vn -0.8400 0.4105 -0.3549
vn -0.8636 0.3784 -0.3332
vn -0.8626 0.3785 -0.3358
vn -0.8626 0.3801 -0.3337
vn -0.8625 0.3787 -0.3357
vn -0.8623 0.3804 -0.3343
vn -0.6628 0.7147 -0.2232
vn -0.6497 0.7255 -0.2270
vn -0.6515 0.7254 -0.2223
vn -0.6506 0.7254 -0.2246
vn -0.6750 0.6895 -0.2626
vn -0.6515 0.7254 -0.2222
vn -0.5812 0.4389 -0.6853
vn -0.5657 0.5128 -0.6458
vn -0.2533 0.2838 -0.9248
vn -0.2239 0.3081 -0.9246
vn 0.3075 0.1055 -0.9457
vn 0.2972 -0.0592 -0.9530
vn 0.8195 -0.2969 -0.4902
vn 0.8194 -0.2976 -0.4899
vn 0.8192 -0.2964 -0.4910
vn 0.8198 -0.2948 -0.4909
vn 0.6919 -0.5272 0.4934
vn 0.7352 -0.5857 0.3412
vn 0.0626 -0.2225 0.9729
vn 0.0811 -0.2764 0.9576
vn -0.3864 0.9193 -0.0750
vn -0.3734 0.9244 -0.0780
vn -0.3800 0.9237 -0.0490
vn -0.4362 0.8997 -0.0178
vn -0.5756 0.8026 -0.1566
vn -0.6783 0.7263 -0.1113
vn -0.5369 0.7512 -0.3841
vn -0.5675 0.7347 -0.3717
vn -0.0109 0.5622 -0.8269
vn -0.3889 0.4986 -0.7747
vn 0.0680 0.2862 -0.9557
vn 0.5745 0.1310 -0.8080
vn 0.7520 -0.3460 -0.5610
vn 0.6611 -0.1910 -0.7256
vn 0.0902 -0.6901 0.7181
vn 0.0372 -0.6220 0.7822
vn -0.0980 -0.4635 0.8807
vn -0.0384 -0.4855 0.8734
vn -0.1404 -0.7156 0.6843
vn 0.3694 -0.8462 0.3840
vn 0.4194 -0.1901 -0.8877
vn 0.4215 -0.1743 -0.8899
vn 0.1591 0.5005 -0.8510
vn 0.0018 0.5673 -0.8235
vn -0.2786 0.9015 -0.3313
vn -0.2829 0.9010 -0.3289
vn -0.2808 0.9012 -0.3301
vn -0.2785 0.9015 -0.3313
vn -0.4581 0.8887 0.0178
vn -0.4392 0.8970 0.0496
vn -0.5539 0.5863 0.5912
vn -0.6606 0.6203 0.4229
vn -0.0237 0.9984 -0.0505
vn -0.0249 0.9984 -0.0506
vn -0.0207 0.9985 -0.0502
vn -0.0196 0.9986 -0.0501
vn -0.0281 0.9991 -0.0319
vn -0.0768 0.9962 -0.0408
vn -0.0889 0.9960 -0.0079
vn -0.0393 0.9992 -0.0040
vn -0.0480 0.9986 0.0243
vn -0.0468 0.9986 0.0243
vn -0.0508 0.9984 0.0242
vn -0.0520 0.9984 0.0242
vn -0.2210 0.5583 -0.7997
vn -0.0560 0.6510 -0.7570
vn -0.3046 0.8970 -0.3203
vn -0.3395 0.8887 -0.3081
vn -0.4273 0.9012 0.0723
vn -0.4256 0.9021 0.0715
vn -0.4274 0.9012 0.0723
vn -0.4292 0.9002 0.0732
vn -0.5206 0.4699 0.7128
vn -0.4327 0.5981 0.6745
vn -0.2492 -0.1743 0.9526
vn -0.2494 -0.1901 0.9496
vn 0.5298 -0.8462 -0.0567
vn 0.3323 -0.7156 -0.6145
vn 0.4020 -0.1023 -0.9099
vn 0.2890 -0.0280 -0.9569
vn 0.5570 -0.1359 -0.8193
vn 0.3164 -0.1256 -0.9403
vn 0.2426 -0.1585 0.9571
vn 0.3018 -0.2420 0.9221
vn -0.0284 -0.0312 0.9991
vn -0.0453 -0.0139 0.9989
vn -0.8014 0.4021 0.4427
vn -0.8060 0.3139 0.5018
vn -0.9243 0.3771 -0.0598
vn -0.8940 0.4371 -0.0987
vn -0.8504 0.4387 -0.2903
vn -0.7589 0.5617 -0.3294
vn -0.6638 0.6652 -0.3420
vn -0.5796 0.7322 -0.3578
vn -0.5653 0.7676 -0.3019
vn -0.5645 0.7683 -0.3019
vn -0.5675 0.7660 -0.3020
vn -0.5683 0.7654 -0.3020
vn -0.6278 0.7666 -0.1348
vn -0.6290 0.7658 -0.1342
vn -0.6265 0.7677 -0.1346
vn -0.6249 0.7683 -0.1385
vn -0.6249 0.7683 -0.1389
vn -0.6699 0.7325 -0.1207
vn -0.7728 0.5607 -0.2973
vn -0.8612 0.4355 -0.2620
vn -0.7235 0.4343 -0.5366
vn -0.7727 0.3767 -0.5109
vn -0.2919 0.3132 -0.9037
vn -0.0849 0.4090 -0.9086
vn 0.3155 0.2397 -0.9181
vn 0.0639 0.2718 -0.9602
vn 0.8040 -0.2343 -0.5466
vn 0.8264 -0.2379 -0.5104
vn 0.4463 -0.4341 0.7825
vn 0.2921 -0.2693 0.9177
vn -0.9415 0.2838 0.1816
vn -0.8797 0.2856 0.3802
vn 0.3629 0.1773 0.9148
vn 0.5590 0.0592 0.8270
vn 0.4659 0.8586 0.2137
vn 0.4317 0.8803 0.1966
vn -0.9460 -0.0308 -0.3227
vn -0.9345 -0.1199 -0.3353
vn -0.9340 -0.1199 -0.3365
vn 0.2111 -0.0946 -0.9729
vn 0.2112 -0.0898 -0.9733
vn 0.2111 -0.0916 -0.9732
vn 0.2111 -0.0963 -0.9727
vn -0.0346 0.8837 0.4667
vn -0.0360 0.8817 0.4705
vn -0.0363 0.8826 0.4688
vn -0.0406 0.8853 0.4632
vn 0.2225 0.0417 -0.9740
vn 0.2202 0.0416 -0.9746
vn 0.2226 0.0417 -0.9740
vn 0.1256 0.2936 -0.9476
vn -0.1996 0.8554 0.4780
vn -0.2375 0.7822 0.5759
vn 0.8628 0.1372 -0.4867
vn 0.9531 0.1138 -0.2804
vn -0.5788 0.2522 -0.7755
vn -0.4314 0.3128 -0.8462
vn 0.0165 -0.2122 -0.9771
vn 0.0324 -0.1974 -0.9798
vn -0.9005 -0.4100 0.1449
vn -0.9013 -0.4098 0.1407
vn -0.9010 -0.4099 0.1419
vn -0.9002 -0.4101 0.1463
vn -0.5404 0.1775 -0.8224
vn -0.5775 0.1903 -0.7939
vn 0.0261 0.1419 0.9895
vn -0.0882 0.2579 0.9621
vn -0.9365 -0.0332 -0.3490
vn -0.9277 -0.1225 -0.3525
vn -0.9309 -0.1223 -0.3441
vn -0.9276 -0.1225 -0.3529
vn 0.4922 0.8590 0.1407
vn 0.4575 0.8811 0.1200
vn 0.2813 0.8851 -0.3709
vn 0.2742 0.8838 -0.3792
vn 0.2816 0.8850 -0.3708
vn 0.2739 0.8922 -0.3592
vn -0.4397 -0.0881 0.8938
vn -0.4464 -0.0956 0.8897
vn -0.4395 -0.0903 0.8937
vn -0.4390 -0.0858 0.8944
vn -0.1914 0.0936 0.9770
vn -0.1184 0.2880 0.9503
vn -0.4319 0.2881 0.8547
vn -0.4203 0.3284 0.8459
vn -0.9827 -0.1850 -0.0030
vn -1.0000 0.0085 0.0016
vn 0.0030 0.9867 0.1624
vn 0.0347 0.9928 0.1142
vn 0.1478 0.9544 -0.2594
vn 0.2011 0.9215 -0.3324
vn 0.2852 0.5566 -0.7803
vn 0.2452 0.5124 -0.8230
vn 0.2355 0.4021 -0.8848
vn 0.2442 0.4231 -0.8726
vn 0.2577 0.3679 -0.8934
vn 0.2695 0.3914 -0.8799
vn 0.2394 0.3808 -0.8931
vn 0.2403 0.3827 -0.8921
vn 0.2371 0.3761 -0.8957
vn 0.2353 0.3725 -0.8977
vn 0.2470 0.3939 -0.8853
vn 0.2401 0.3827 -0.8921
vn -0.0857 0.4796 -0.8733
vn -0.1893 0.5874 -0.7869
vn -0.8101 0.4659 -0.3560
vn -0.8545 0.4802 -0.1982
vn -0.9961 0.0734 -0.0486
vn -0.9362 0.3439 0.0720
vn 0.2679 0.3971 -0.8778
vn 0.2682 0.3975 -0.8775
vn 0.2632 0.3924 -0.8813
vn 0.2629 0.3921 -0.8816
vn -0.7578 0.4592 0.4635
vn -0.4996 0.8546 0.1418
vn -0.9260 0.3575 0.1210
vn -0.8787 0.4707 -0.0792
vn -0.9189 0.3852 -0.0854
vn -0.9607 0.2632 -0.0884
vn -0.9535 0.2966 -0.0530
vn -0.9541 0.2954 -0.0492
vn -0.9535 0.2969 -0.0525
vn -0.9534 0.2970 -0.0525
vn 0.0625 0.9953 0.0737
vn 0.0652 0.9957 0.0655
vn 0.0640 0.9958 0.0662
vn 0.0576 0.9957 0.0720
vn 0.0659 0.9951 0.0732
vn 0.0647 0.9956 0.0677
vn 0.0575 0.9959 0.0700
vn 0.0759 0.9955 0.0573
vn 0.0969 0.9946 0.0382
vn 0.0569 0.9970 0.0533
vn -0.1098 0.9936 -0.0253
vn -0.0684 0.9976 0.0108
vn -0.5827 0.8089 -0.0786
vn -0.5694 0.8176 -0.0855
vn -0.8589 0.4955 -0.1293
vn -0.8594 0.4949 -0.1288
vn -0.8545 0.5019 -0.1343
vn -0.8541 0.5024 -0.1347
vn -0.9910 -0.0406 -0.1277
vn -0.9912 -0.0392 -0.1267
vn -0.9911 -0.0394 -0.1268
vn -0.9908 -0.0420 -0.1287
vn -0.8970 -0.4359 -0.0733
vn -0.8733 -0.4802 -0.0815
vn 0.0955 0.9921 -0.0815
vn 0.1418 0.9898 0.0144
vn -0.8893 0.3119 -0.3345
vn -0.9008 0.2882 -0.3248
vn 0.1699 0.9818 -0.0845
vn 0.2440 0.9665 0.0799
vn -0.8711 0.2882 -0.3977
vn -0.9334 0.1614 -0.3204
vn -0.1369 -0.3293 0.9342
vn -0.1089 -0.4059 0.9074
vn -0.1401 -0.5040 0.8523
vn -0.1422 -0.4158 0.8983
vn -0.2169 -0.8349 0.5058
vn -0.1601 -0.8304 0.5337
vn -0.3226 -0.9439 0.0702
vn -0.4761 -0.8771 0.0636
vn 0.1392 -0.9517 -0.2737
vn 0.1348 -0.8954 -0.4243
vn 0.4630 -0.8527 -0.2418
vn 0.4558 -0.8901 -0.0024
vn 0.9224 -0.2440 0.2994
vn 0.8939 -0.2755 0.3536
vn 0.7202 -0.5689 0.3972
vn 0.8401 -0.4110 0.3540
vn 0.1827 0.0904 -0.9790
vn 0.2121 -0.0148 -0.9771
vn 0.3900 0.0162 -0.9207
vn 0.3948 0.0098 -0.9187
vn 0.7195 0.5879 -0.3697
vn 0.6947 0.5980 -0.3998
vn 0.8828 0.4014 0.2441
vn 0.7477 0.6636 0.0224
vn 0.2071 0.3649 -0.9077
vn 0.2050 0.4147 -0.8866
vn 0.0564 0.9984 0.0102
vn 0.0234 0.9995 0.0223
vn 0.5202 0.2877 -0.8041
vn 0.4803 0.0892 -0.8725
vn 0.2218 0.3284 -0.9181
vn 0.2186 0.2881 -0.9323
vn -0.7105 -0.1567 -0.6860
vn -0.8390 -0.0655 -0.5402
vn 0.1000 0.9928 -0.0652
vn 0.1067 0.9867 -0.1225
vn -0.0596 0.9215 0.3839
vn -0.0535 0.9544 0.2937
vn -0.3167 0.5705 0.7577
vn -0.3070 0.5012 0.8090
vn -0.3810 0.4261 0.8205
vn -0.3817 0.3989 0.8338
vn -0.3693 0.3943 0.8415
vn -0.3669 0.3655 0.8554
vn -0.3920 0.3714 0.8417
vn -0.3936 0.3839 0.8353
vn -0.3895 0.3832 0.8375
vn -0.3932 0.3838 0.8355
vn -0.3894 0.3832 0.8376
vn -0.6294 0.6069 0.4853
vn -0.5987 0.4809 0.6406
vn -0.8441 0.4451 -0.2990
vn -0.7984 0.5246 -0.2956
vn -0.5674 0.1601 -0.8077
vn -0.8543 0.1923 -0.4828
vn -0.3772 0.3405 0.8613
vn -0.3706 0.3590 0.8566
vn -0.7323 0.4996 -0.4628
vn -0.7008 0.5428 -0.4629
vn -0.2915 0.8546 -0.4298
vn -0.2826 0.4592 -0.8422
vn -0.7242 0.4707 -0.5040
vn -0.6316 0.3575 -0.6880
vn -0.8224 0.2772 -0.4968
vn -0.7201 0.3439 -0.6027
vn -0.7633 0.2951 -0.5747
vn -0.7655 0.2955 -0.5716
vn -0.7630 0.2951 -0.5750
vn 0.0952 0.9953 -0.0163
vn 0.0904 0.9957 -0.0181
vn 0.0916 0.9958 -0.0096
vn 0.0920 0.9957 -0.0083
vn 0.0931 0.9956 -0.0102
vn 0.0975 0.9951 -0.0138
vn 0.0890 0.9959 -0.0167
vn 0.0950 0.9955 0.0049
vn 0.0779 0.9970 -0.0043
vn 0.0988 0.9946 0.0330
vn -0.0455 0.9976 -0.0523
vn -0.1004 0.9936 -0.0512
vn -0.4866 0.8173 -0.3086
vn -0.5016 0.8092 -0.3059
vn -0.7380 0.5019 -0.4510
vn -0.7376 0.5024 -0.4512
vn -0.7441 0.4954 -0.4482
vn -0.7449 0.4946 -0.4478
vn -0.8412 -0.0406 -0.5392
vn -0.8417 -0.0420 -0.5383
vn -0.8407 -0.0394 -0.5400
vn -0.8407 -0.0392 -0.5401
vn -0.7214 -0.4802 -0.4989
vn -0.7343 -0.4359 -0.5204
vn 0.1179 0.9898 0.0801
vn 0.0207 0.9921 0.1239
vn -0.9036 0.2885 -0.3166
vn -0.8912 0.3099 -0.3312
vn 0.2383 0.9665 0.0955
vn 0.0772 0.9823 0.1708
vn -0.9482 0.1610 -0.2738
vn -0.8930 0.2882 -0.3458
vn 0.4998 -0.4059 -0.7651
vn 0.4957 -0.3293 -0.8037
vn 0.4687 -0.4154 -0.7796
vn 0.4441 -0.4950 -0.7468
vn 0.1327 -0.8568 -0.4982
vn 0.1294 -0.8594 -0.4946
vn 0.1330 -0.8566 -0.4986
vn 0.1921 -0.8525 -0.4862
vn -0.3238 -0.8771 -0.3547
vn -0.2020 -0.9439 -0.2612
vn -0.1666 -0.8953 0.4131
vn -0.0772 -0.9466 0.3131
vn 0.3476 -0.8901 0.2948
vn 0.1992 -0.8527 0.4829
vn 0.9209 -0.1919 0.3392
vn 0.9049 -0.2843 0.3168
vn 0.8711 -0.4110 0.2688
vn 0.8070 -0.5689 0.1587
vn -0.3937 -0.4166 0.8194
vn -0.4403 -0.3156 0.8406
vn -0.1237 -0.3730 0.9196
vn -0.1226 -0.3739 0.9193
vn -0.1267 -0.3700 0.9203
vn -0.1278 -0.3689 0.9206
vn 0.4900 0.4538 0.7443
vn 0.4759 0.4583 0.7507
vn 0.6503 0.5977 0.4690
vn 0.8467 0.3749 0.3776
vn -0.4042 0.3609 0.8405
vn -0.4046 0.3592 0.8410
vn -0.4041 0.3616 0.8402
vn -0.4122 0.4175 0.8098
vn 0.0322 0.9995 -0.0020
vn 0.0497 0.9984 0.0284
vn -0.5189 0.4222 0.7433
vn -0.5178 0.4282 0.7406
vn -0.5193 0.4204 0.7441
vn -0.5444 0.4836 0.6854
vn -0.0408 0.9990 -0.0196
vn -0.0402 0.9990 -0.0189
vn -0.0404 0.9990 -0.0191
vn -0.0410 0.9990 -0.0199
vn -0.0439 0.9990 -0.0112
vn -0.0442 0.9990 -0.0111
vn -0.0432 0.9990 -0.0113
vn -0.0429 0.9990 -0.0114
vn 0.0239 0.4849 -0.8743
vn 0.0970 0.4031 -0.9100
vn 0.4462 0.8876 0.1146
vn 0.4947 0.8597 0.1273
vn -0.9257 0.3740 0.0568
vn -0.9960 0.0691 -0.0574
vn -0.8837 -0.0690 0.4629
vn -0.5764 -0.3775 0.7248
vn 0.5730 -0.2710 0.7734
vn 0.3522 -0.2146 0.9110
vn -0.5970 -0.4092 -0.6900
vn -0.5997 -0.4116 -0.6863
vn -0.5989 -0.4109 -0.6874
vn -0.5964 -0.4086 -0.6909
vn -0.6179 -0.2063 0.7587
vn -0.6005 -0.2023 0.7736
vn -0.4938 -0.5741 -0.6532
vn -0.4389 -0.8782 -0.1900
vn -0.3479 -0.4286 0.8338
vn -0.6466 -0.5899 0.4837
vn 0.5512 0.7756 -0.3076
vn 0.5493 0.7767 -0.3082
vn 0.5500 0.7763 -0.3080
vn 0.5518 0.7752 -0.3074
vn -0.9951 0.0777 0.0613
vn -0.9970 -0.0126 0.0758
vn 0.5558 0.4291 -0.7120
vn 0.5544 0.4298 -0.7127
vn 0.5550 0.4295 -0.7124
vn 0.5564 0.4288 -0.7117
vn -0.9739 0.0830 0.2114
vn -0.9770 0.1238 0.1739
vn 0.6542 0.1795 -0.7347
vn 0.5290 0.2170 -0.8204
vn -0.9469 0.1786 0.2674
vn -0.9484 0.2025 0.2441
vn 0.2282 -0.1008 -0.9684
vn 0.2282 -0.0977 -0.9687
vn 0.2284 -0.0995 -0.9685
vn 0.2291 -0.0969 -0.9686
vn -0.0408 0.8854 0.4631
vn -0.0407 0.8854 0.4631
vn 0.2294 -0.0985 -0.9683
vn 0.2297 -0.0906 -0.9690
vn -0.0409 0.8854 0.4631
vn -0.0337 0.8868 0.4608
vn 0.2304 -0.0926 -0.9687
vn 0.2384 -0.0870 -0.9673
vn -0.0338 0.8856 0.4632
vn -0.0320 0.8877 0.4592
vn 0.2389 -0.0888 -0.9670
vn 0.2415 -0.0869 -0.9665
vn -0.0197 0.8909 0.4537
vn -0.0238 0.8869 0.4613
vn -0.0224 0.8883 0.4587
vn -0.0183 0.8923 0.4511
vn -0.2585 0.5407 -0.8005
vn -0.1314 0.4485 -0.8841
vn -0.5170 0.4635 0.7196
vn -0.5407 0.5522 0.6346
vn -0.7187 0.1597 0.6767
vn -0.6432 0.1666 0.7474
vn -0.6189 -0.1744 -0.7659
vn -0.7305 -0.1662 -0.6624
vn 0.2417 -0.0869 -0.9665
vn 0.2395 -0.0596 -0.9691
vn 0.2519 -0.0600 -0.9659
vn 0.2390 -0.0596 -0.9692
vn -0.0602 0.8944 0.4432
vn -0.0593 0.8954 0.4413
vn -0.0596 0.8950 0.4420
vn -0.0606 0.8940 0.4439
vn -0.6121 0.3117 0.7267
vn -0.6291 0.3272 0.7051
vn -0.5375 0.3350 -0.7739
vn -0.4897 0.3205 -0.8109
vn 0.4746 0.8772 0.0722
vn 0.4938 0.8656 0.0832
vn -0.9349 -0.1200 -0.3340
vn -0.9326 -0.1401 -0.3327
vn 0.4841 0.8685 0.1069
vn 0.4969 0.8599 0.1170
vn -0.8779 -0.1629 -0.4503
vn -0.8787 -0.1549 -0.4515
vn -0.8784 -0.1580 -0.4510
vn -0.8776 -0.1659 -0.4498
vn 0.0238 -0.8324 -0.5536
vn -0.3265 -0.7604 -0.5613
vn 0.7249 -0.6880 -0.0328
vn 0.7636 -0.6457 -0.0087
vn 0.9348 -0.3373 -0.1110
vn 0.8322 -0.3905 -0.3937
vn 0.5224 -0.2559 0.8134
vn 0.5277 -0.2613 0.8083
vn 0.5262 -0.2598 0.8097
vn 0.5209 -0.2543 0.8149
vn -0.3338 -0.0445 -0.9416
vn -0.5147 -0.1468 -0.8447
vn 0.8294 0.1232 -0.5449
vn 0.8933 0.1927 -0.4061
vn 0.4763 0.4976 -0.7250
vn 0.3863 0.2762 -0.8801
vn 0.5446 0.5402 0.6415
vn 0.4766 0.5203 0.7086
vn -0.1754 0.8581 0.4826
vn -0.1433 0.8937 0.4252
vn 0.2200 0.0416 -0.9746
vn 0.2526 -0.0601 -0.9657
vn 0.9513 -0.1955 -0.2385
vn 0.8798 -0.3152 -0.3559
vn -0.3184 -0.2997 -0.8993
vn 0.1094 -0.1576 -0.9814
vn -0.9640 -0.1897 0.1862
vn -0.9874 -0.1516 0.0446
vn -0.1124 0.1503 -0.9822
vn -0.0116 0.1772 -0.9841
vn 0.1853 -0.3490 -0.9186
vn 0.1110 -0.6079 -0.7862
vn -0.6090 -0.7616 0.2215
vn -0.6195 -0.7084 -0.3382
vn -0.7051 0.4227 -0.5693
vn -0.7604 0.0752 -0.6450
vn 0.4256 0.8846 0.1909
vn 0.4560 0.8590 0.2327
vn -0.7340 0.0780 -0.6746
vn -0.7054 -0.0060 -0.7087
vn 0.2277 0.7725 0.5927
vn 0.2241 0.7760 0.5895
vn 0.2253 0.7748 0.5906
vn 0.2290 0.7713 0.5938
vn -0.6382 0.1175 -0.7608
vn -0.6061 0.0885 -0.7905
vn -0.0221 0.4231 0.9058
vn -0.0174 0.4195 0.9076
vn -0.0191 0.4208 0.9069
vn -0.0239 0.4245 0.9051
vn 0.2870 0.8687 -0.4037
vn 0.2698 0.8846 -0.3803
vn 0.2669 0.8853 -0.3807
vn 0.2725 0.8844 -0.3790
vn -0.4650 -0.0893 0.8808
vn -0.4648 -0.0873 0.8811
vn -0.4649 -0.0880 0.8810
vn -0.4651 -0.0900 0.8807
vn 0.2670 0.8850 -0.3813
vn 0.2672 0.8845 -0.3825
vn -0.4480 -0.0988 0.8885
vn -0.4472 -0.0916 0.8898
vn -0.4474 -0.0956 0.8892
vn -0.4470 -0.0986 0.8891
vn 0.2670 0.8851 -0.3812
vn 0.2713 0.8854 -0.3774
vn -0.4470 -0.0995 0.8890
vn -0.4467 -0.0941 0.8897
vn 0.1318 0.8550 -0.5016
vn 0.2082 0.7894 -0.5775
vn -0.5053 0.0467 0.8617
vn -0.4644 0.3149 0.8278
vn -0.9053 0.3430 0.2506
vn -0.9004 0.3132 0.3018
vn -0.0016 0.3156 -0.9489
vn -0.0289 0.3230 -0.9460
vn 0.2390 0.8937 -0.3798
vn 0.2373 0.8951 -0.3775
vn 0.2379 0.8946 -0.3783
vn 0.2396 0.8931 -0.3806
vn -0.4399 -0.0857 0.8940
vn -0.4347 -0.0578 0.8987
vn 0.0791 0.4771 -0.8753
vn -0.0207 0.5428 -0.8396
vn -0.7132 0.5405 0.4463
vn -0.6691 0.4484 0.5926
vn -0.9310 -0.1223 -0.3438
vn -0.9273 -0.1412 -0.3467
vn 0.4090 0.8783 0.2475
vn 0.4299 0.8659 0.2559
vn 0.4556 0.8601 0.2296
vn 0.4393 0.8693 0.2264
vn -0.9621 -0.1586 -0.2219
vn -0.9606 -0.1656 -0.2233
vn -0.9612 -0.1629 -0.2228
vn -0.9626 -0.1559 -0.2214
vn 0.4616 -0.6877 0.5603
vn 0.6775 -0.5668 0.4687
vn -0.3360 -0.8746 0.3495
vn -0.7546 -0.6059 0.2520
vn 0.9394 -0.2373 -0.2473
vn 0.9089 -0.2347 -0.3446
vn 0.6009 -0.4281 0.6750
vn 0.2701 -0.2500 0.9298
vn 0.4580 -0.1383 0.8781
vn 0.5087 -0.1304 0.8510
vn -0.8279 -0.4119 0.3806
vn -0.8733 -0.3741 0.3120
vn 0.6928 0.7151 -0.0928
vn 0.7097 0.6402 -0.2940
vn 0.1088 0.1168 0.9872
vn -0.0287 0.0469 0.9985
vn -0.4326 0.0500 0.9002
vn -0.4541 -0.0571 0.8891
vn 0.1893 0.8624 -0.4696
vn 0.1478 0.8919 -0.4274
vn -0.9975 -0.0381 -0.0590
vn -0.5550 0.6866 -0.4696
vn 0.3123 0.8086 0.4986
vn -0.0886 0.9649 -0.2472
vn 0.4458 -0.1107 -0.8883
vn -0.0354 0.6342 -0.7723
vn 0.5638 0.8020 -0.1973
vn -0.2240 0.9683 0.1108
vn -0.7940 -0.0438 -0.6063
vn -0.7230 0.6906 -0.0170
vn -0.2282 -0.1106 0.9673
vn -0.5260 0.6498 0.5487
vn -0.6380 -0.7630 0.1039
vn -0.6222 -0.7749 -0.1110
vn 0.0940 0.5384 0.8374
vn 0.4572 0.7312 0.5062
vn 0.6324 0.5923 -0.4993
vn 0.6300 0.5601 -0.5380
vn -0.2980 -0.7437 -0.5984
vn -0.2463 -0.6911 -0.6795
vn -0.4674 -0.8806 -0.0780
vn -0.4502 -0.8893 -0.0802
vn -0.0527 0.9986 0.0100
vn -0.0145 0.9996 0.0245
vn -0.4424 -0.1456 0.8849
vn -0.4695 -0.0871 0.8786
vn -0.5598 -0.2245 0.7976
vn -0.5245 -0.2478 0.8145
vn -0.8085 0.2483 0.5336
vn -0.9305 0.0919 0.3547
vn -0.8355 0.5445 0.0734
vn -0.8909 0.4404 0.1109
vn -0.3525 0.8994 -0.2585
vn -0.6888 0.6919 -0.2166
vn -0.9549 -0.1571 0.2521
vn -0.9575 -0.1711 0.2320
vn -0.9803 -0.1972 -0.0118
vn -0.9943 -0.0843 -0.0659
vn -0.8230 -0.3891 -0.4139
vn -0.8156 -0.2191 -0.5355
vn -0.2261 0.9729 -0.0490
vn -0.2239 0.9731 -0.0551
vn -0.2264 0.9728 -0.0482
vn -0.2538 0.9629 -0.0923
vn -0.2538 0.9629 -0.0922
vn -0.2561 0.9628 -0.0860
vn -0.8448 -0.4134 -0.3397
vn -0.8207 -0.4473 -0.3555
vn 0.3395 -0.1765 0.9239
vn 0.1779 -0.1703 0.9692
vn 0.3318 -0.2657 0.9051
vn 0.2903 -0.2400 0.9263
vn 0.8858 -0.4126 0.2124
vn 0.6696 -0.3372 0.6617
vn 0.6173 -0.1374 0.7746
vn 0.1745 -0.2125 0.9615
vn 0.5068 0.1048 -0.8557
vn 0.4166 0.0980 -0.9038
vn 0.5561 0.2084 -0.8046
vn 0.7866 0.2413 -0.5683
vn 0.2440 -0.1924 -0.9505
vn 0.2275 -0.1486 -0.9624
vn 0.1359 -0.1925 -0.9718
vn 0.2170 -0.2391 -0.9464
vn -0.5008 0.0814 -0.8617
vn -0.2756 0.2494 -0.9283
vn -0.6111 0.4406 -0.6576
vn -0.5940 0.5425 -0.5940
vn -0.3552 0.9239 -0.1425
vn -0.2381 0.9712 -0.0127
vn -0.6071 -0.1598 -0.7784
vn -0.5636 -0.1193 -0.8174
vn -0.7959 -0.0825 -0.5997
vn -0.7598 -0.1758 -0.6259
vn -0.9179 -0.3782 -0.1199
vn -0.8826 -0.4410 -0.1628
vn -0.2515 0.9628 -0.0985
vn -0.2049 0.9729 -0.1074
vn -0.8566 -0.4474 -0.2570
vn -0.8652 -0.4134 -0.2839
vn 0.6310 -0.2019 -0.7491
vn 0.7892 -0.2075 -0.5781
vn 0.7909 -0.2491 -0.5590
vn 0.8204 -0.2937 -0.4905
vn 0.9226 -0.3846 0.0308
vn 0.8150 -0.4127 0.4067
vn 0.8932 -0.1620 -0.4195
vn 0.9969 -0.0787 -0.0031
vn 0.1408 -0.0437 0.9891
vn 0.2214 -0.0343 0.9746
vn 0.5642 0.2060 0.7996
vn 0.1811 0.1690 0.9689
vn -0.3807 0.7984 0.4665
vn -0.1938 0.8731 0.4474
vn -0.7518 -0.6584 -0.0364
vn -0.6550 -0.7466 -0.1165
vn -0.4458 -0.8943 0.0379
vn -0.1534 -0.8606 0.4856
vn 0.5494 0.6327 0.5458
vn 0.4505 0.4643 0.7626
vn -0.2900 0.9414 0.1723
vn -0.3623 0.9179 0.1617
vn -0.6827 -0.7099 -0.1732
vn -0.9039 -0.4152 -0.1027
vn -0.1455 0.9811 -0.1274
vn -0.1680 0.9751 -0.1450
vn -0.6618 -0.6082 -0.4383
vn -0.6187 -0.6669 -0.4152
vn -0.0140 0.9998 0.0108
vn 0.0838 0.9938 0.0731
vn -0.4161 -0.8890 -0.1910
vn -0.4783 -0.8551 -0.2002
vn 0.1928 -0.7544 0.6275
vn 0.6390 -0.2064 0.7410
vn 0.7376 -0.2313 0.6344
vn 0.2714 -0.3672 0.8897
vn 0.5578 0.5909 -0.5828
vn 0.5663 0.2382 -0.7890
vn 0.4109 0.0846 -0.9078
vn 0.4203 0.1392 -0.8966
vn 0.8411 0.4935 -0.2216
vn 0.8410 0.4937 -0.2215
vn 0.1181 -0.8614 -0.4940
vn 0.0826 -0.8796 -0.4684
vn -0.6581 -0.6256 -0.4189
vn -0.5452 -0.8270 -0.1374
vn 0.1102 0.8164 -0.5669
vn 0.0326 0.7606 -0.6484
vn -0.5129 -0.8339 -0.2038
vn -0.4682 -0.8671 -0.1701
vn -0.0488 0.9616 -0.2700
vn 0.0291 0.9788 -0.2028
vn 0.1031 0.9945 0.0203
vn 0.0069 0.9994 -0.0351
vn -0.4988 -0.8548 -0.1434
vn -0.4316 -0.8921 -0.1340
vn 0.5286 0.6511 -0.5447
vn 0.8798 -0.4726 -0.0509
vn 0.9085 -0.4040 0.1064
vn 0.6518 -0.1135 -0.7498
vn -0.0172 -0.2528 0.9674
vn 0.1284 -0.0705 0.9892
vn 0.2159 0.2426 0.9458
vn 0.2122 0.2373 0.9480
vn 0.2134 0.2390 0.9473
vn 0.2170 0.2442 0.9451
vn -0.5305 0.6541 -0.5392
vn -0.5443 0.6451 -0.5362
vn -0.6190 0.6190 -0.4833
vn -0.6085 0.6442 -0.4635
vn -0.5926 0.5162 0.6184
vn -0.5676 0.4293 0.7025
vn -0.4884 0.3624 0.7938
vn -0.5175 0.4301 0.7397
vn -0.4011 0.3458 0.8482
vn -0.4048 0.3585 0.8412
vn -0.4084 0.2816 0.8683
vn -0.4044 0.2662 0.8750
vn -0.4151 0.2680 0.8694
vn -0.4056 0.2664 0.8744
vn -0.4161 0.2682 0.8689
vn -0.4114 0.2440 0.8782
vn -0.4067 0.2430 0.8807
vn -0.4109 0.2439 0.8785
vn -0.4061 0.2429 0.8809
vn -0.4089 0.2592 0.8750
vn -0.4242 0.2639 0.8663
vn -0.4242 0.2635 0.8664
vn -0.4243 0.2646 0.8660
vn -0.4243 0.2649 0.8659
vn -0.0062 0.0716 0.9974
vn -0.0897 0.1516 0.9844
vn -0.5081 0.2258 -0.8312
vn -0.6637 0.2605 -0.7012
vn -0.7908 0.3340 -0.5129
vn -0.9111 0.1888 -0.3664
vn -0.9270 0.1953 -0.3201
vn -0.9338 0.1787 -0.3101
vn -0.9457 0.1783 -0.2718
vn -0.9801 0.0342 -0.1954
vn -0.9168 0.0344 -0.3980
vn -0.8501 0.1759 -0.4963
vn -0.9186 0.1790 -0.3523
vn -0.9104 0.1977 -0.3635
vn -0.9633 0.1741 -0.2045
vn -0.8848 0.3749 -0.2769
vn -0.9400 0.1976 0.2781
vn -0.9383 0.3259 0.1157
vn 0.6329 0.0971 -0.7681
vn 0.5523 0.1181 -0.8252
vn 0.2322 0.2636 -0.9363
vn 0.2323 0.2638 -0.9362
vn 0.2320 0.2630 -0.9365
vn 0.2319 0.2627 -0.9366
vn 0.2553 0.2568 -0.9321
vn 0.2489 0.2440 -0.9373
vn 0.2392 0.2459 -0.9393
vn 0.2485 0.2441 -0.9374
vn 0.2388 0.2460 -0.9394
vn 0.2496 0.2672 -0.9307
vn 0.2450 0.2679 -0.9318
vn 0.2493 0.2673 -0.9308
vn 0.2446 0.2680 -0.9319
vn 0.2529 0.2815 -0.9256
vn 0.2623 0.2804 -0.9233
vn 0.2538 0.2814 -0.9254
vn 0.2636 0.2803 -0.9230
vn 0.2675 0.2842 -0.9207
vn 0.0930 0.4302 -0.8979
vn 0.1335 0.3923 -0.9101
vn -0.0723 0.4255 -0.9021
vn -0.0303 0.5431 -0.8391
vn -0.6543 0.6892 -0.3113
vn -0.5201 0.6486 -0.5557
vn -0.8517 0.5116 -0.1137
vn -0.8635 0.5024 -0.0442
vn -0.7694 0.6358 -0.0614
vn -0.7733 0.6317 -0.0547
vn -0.7687 0.6366 -0.0626
vn -0.7848 0.6197 0.0013
vn -0.7586 0.6488 0.0591
vn -0.7566 0.6494 0.0760
vn -0.6915 0.7181 -0.0789
vn -0.7741 0.6308 -0.0533
vn 0.4883 0.4732 0.7332
vn 0.5015 0.4676 0.7279
vn 0.8072 -0.4192 0.4155
vn 0.8512 -0.2402 0.4667
vn -0.1517 -0.8120 -0.5635
vn 0.1291 -0.8597 -0.4942
vn -0.4783 -0.3875 -0.7881
vn -0.7679 -0.1939 -0.6105
vn -0.7133 0.0219 -0.7005
vn -0.7976 0.0462 -0.6014
vn -0.7985 0.4840 -0.3581
vn -0.8126 0.4664 -0.3495
vn -0.7180 0.6957 -0.0227
vn -0.7109 0.6516 0.2646
vn -0.5610 0.4761 0.6772
vn -0.5123 0.3349 0.7908
vn -0.4528 0.2551 0.8543
vn -0.4920 0.3350 0.8036
vn -0.4138 0.2284 0.8812
vn -0.4194 0.2533 0.8717
vn -0.3882 0.2790 0.8783
vn -0.3640 0.2233 0.9042
vn 0.2780 0.2498 -0.9275
vn 0.2488 0.2859 -0.9254
vn 0.1414 0.3320 -0.9326
vn 0.2027 0.2540 -0.9457
vn 0.0204 0.3300 -0.9438
vn 0.0770 0.5082 -0.8578
vn -0.5631 0.7004 -0.4387
vn -0.3787 0.6576 -0.6513
vn -0.8570 0.4701 -0.2113
vn -0.8368 0.4813 -0.2610
vn -0.9982 -0.0097 -0.0585
vn -0.9944 0.1040 0.0211
vn -0.8970 -0.4395 0.0476
vn -0.9852 -0.1622 0.0550
vn -0.2209 -0.9057 0.3619
vn -0.4755 -0.7948 0.3772
vn 0.8648 -0.4070 0.2941
vn 0.9435 -0.2912 0.1583
vn 0.7054 0.6171 -0.3488
vn 0.7263 0.6061 -0.3242
vn 0.5620 -0.0459 0.8258
vn 0.5949 -0.0313 0.8032
vn 0.8526 -0.5221 0.0202
vn 0.9232 -0.3330 -0.1919
vn 0.2157 -0.1629 -0.9628
vn 0.1651 -0.0816 -0.9829
vn -0.4444 0.3068 -0.8417
vn -0.4415 0.2598 -0.8588
vn -0.7796 0.5208 -0.3479
vn -0.7828 0.5095 -0.3571
vn -0.7830 0.5967 -0.1758
vn -0.8193 0.5526 -0.1530
vn -0.7503 0.6328 0.1913
vn -0.7874 0.6163 -0.0144
vn -0.7474 0.5944 0.2968
vn -0.6670 0.6945 0.2698
vn -0.7282 0.5114 0.4563
vn -0.6287 0.6632 0.4061
vn -0.6610 0.4658 0.5883
vn -0.5375 0.6906 0.4839
vn -0.5376 0.2972 0.7891
vn -0.5172 0.5257 0.6753
vn 0.0380 0.7470 -0.6638
vn 0.1395 0.6553 -0.7424
vn -0.2335 0.9581 -0.1660
vn -0.2331 0.9580 -0.1668
vn -0.2335 0.9581 -0.1662
vn -0.2645 0.9507 -0.1618
vn -0.2693 0.9488 -0.1652
vn -0.2330 0.9580 -0.1670
vn -0.3084 0.9473 -0.0863
vn -0.3599 0.9288 -0.0886
vn -0.3387 0.9294 -0.1470
vn -0.2872 0.9462 -0.1494
vn -0.2858 0.9580 -0.0222
vn -0.2857 0.9581 -0.0227
vn -0.2859 0.9580 -0.0219
vn -0.3125 0.9488 -0.0466
vn -0.3067 0.9507 -0.0462
vn -0.2856 0.9581 -0.0229
vn -0.3767 0.7503 0.5434
vn -0.3940 0.6420 0.6577
vn 0.1423 0.2972 -0.9442
vn -0.0023 0.5091 -0.8607
vn -0.1277 0.4961 -0.8588
vn -0.1056 0.7001 -0.7062
vn -0.2381 0.5411 -0.8066
vn -0.2057 0.6527 -0.7292
vn -0.2577 0.5860 -0.7682
vn -0.3943 0.6903 -0.6066
vn -0.6013 0.5663 -0.5636
vn -0.4640 0.6786 -0.5694
vn -0.7259 0.5526 -0.4094
vn -0.7128 0.5967 -0.3687
vn -0.8292 0.5095 -0.2296
vn -0.8208 0.5208 -0.2346
vn -0.8903 0.2598 0.3741
vn -0.8814 0.3068 0.3591
vn -0.5053 -0.0816 0.8591
vn -0.4536 -0.1629 0.8762
vn 0.5839 -0.3330 0.7404
vn 0.6661 -0.5221 0.5326
vn 0.8550 0.1016 -0.5085
vn 0.7992 0.0863 -0.5949
vn -0.2619 0.9451 -0.1953
vn -0.1421 0.9648 -0.2212
vn -0.4600 0.7864 -0.4122
vn -0.4219 0.8554 -0.3005
vn -0.7355 0.5607 -0.3803
vn -0.6294 0.6654 -0.4014
vn -0.8318 0.3639 -0.4192
vn -0.8039 0.4881 -0.3398
vn -0.8929 0.2531 -0.3725
vn -0.9024 0.3672 -0.2255
vn -0.9636 0.0611 -0.2603
vn -0.9676 0.0801 -0.2393
vn -0.9560 -0.1566 -0.2480
vn -0.9159 -0.2490 -0.3148
vn -0.8777 -0.3672 -0.3079
vn -0.7304 -0.6201 -0.2863
vn -0.2628 0.9640 -0.0415
vn -0.1918 0.9814 -0.0121
vn -0.7770 0.5888 -0.2229
vn -0.7167 0.6866 -0.1220
vn -0.8237 0.5417 -0.1674
vn -0.7817 0.6152 -0.1025
vn -0.8480 0.5154 -0.1236
vn -0.8313 0.5469 -0.0997
vn -0.8277 0.5525 -0.0981
vn -0.8307 0.5477 -0.0996
vn -0.8279 0.5522 -0.0980
vn -0.8273 0.5534 -0.0968
vn -0.8836 0.4617 -0.0777
vn -0.8896 0.4491 -0.0833
vn -0.9428 0.3323 -0.0249
vn -0.9541 0.2955 -0.0488
vn -0.9843 0.0155 0.1756
vn -0.9864 0.0525 0.1555
vn 0.5630 0.5935 -0.5751
vn 0.5582 0.5960 -0.5772
vn 0.5599 0.5951 -0.5765
vn 0.5647 0.5926 -0.5743
vn 0.2553 0.7606 -0.5969
vn 0.2554 0.7606 -0.5969
vn 0.2558 0.7604 -0.5969
vn 0.2764 0.7304 -0.6245
vn 0.2813 0.7954 -0.5368
vn 0.2549 0.7607 -0.5969
vn 0.2023 0.8293 -0.5209
vn 0.2117 0.8281 -0.5191
vn 0.2012 0.8295 -0.5211
vn 0.2219 0.8083 -0.5454
vn 0.2041 0.8354 -0.5104
vn 0.2129 0.8279 -0.5189
vn 0.1675 0.8372 -0.5206
vn 0.1696 0.8361 -0.5218
vn 0.1676 0.8372 -0.5206
vn 0.1654 0.8384 -0.5194
vn 0.0034 0.8289 -0.5594
vn 0.0055 0.8281 -0.5606
vn 0.0036 0.8288 -0.5595
vn 0.0015 0.8296 -0.5583
vn -0.2661 0.7603 -0.5926
vn -0.2669 0.7603 -0.5922
vn -0.2615 0.7603 -0.5947
vn -0.2609 0.7603 -0.5949
vn -0.5665 0.5916 -0.5737
vn -0.5277 0.6478 -0.5494
vn -0.6531 0.5534 -0.5169
vn -0.6139 0.6246 -0.4827
vn -0.8142 0.5738 -0.0890
vn -0.8064 0.5911 0.0163
vn -0.7929 0.6083 0.0355
vn -0.7727 0.6250 0.1109
vn -0.5848 0.7603 0.2829
vn -0.5823 0.7603 0.2881
vn -0.5826 0.7603 0.2874
vn -0.5851 0.7603 0.2821
vn -0.3570 0.8289 0.4307
vn -0.3577 0.8296 0.4287
vn -0.3569 0.8288 0.4309
vn -0.3561 0.8281 0.4329
vn -0.2063 0.8372 0.5065
vn -0.2072 0.8384 0.5042
vn -0.2055 0.8361 0.5087
vn -0.1704 0.8279 0.5344
vn -0.1798 0.8293 0.5290
vn -0.1716 0.8281 0.5337
vn -0.1717 0.8354 0.5221
vn -0.1806 0.8083 0.5604
vn -0.1808 0.8295 0.5285
vn -0.1881 0.7606 0.6214
vn -0.1880 0.7606 0.6214
vn -0.1885 0.7607 0.6211
vn -0.1295 0.7954 0.5920
vn -0.1897 0.7304 0.6561
vn -0.1877 0.7604 0.6217
vn 0.0621 0.5936 0.8024
vn 0.0717 0.5848 0.8080
vn -0.6369 0.0200 -0.7707
vn -0.6608 0.0515 -0.7488
vn -0.7693 0.3225 -0.5515
vn -0.7371 0.3079 -0.6015
vn -0.7338 0.4614 -0.4987
vn -0.7300 0.4504 -0.5141
vn -0.6970 0.5522 -0.4574
vn -0.6969 0.5511 -0.4590
vn -0.6969 0.5513 -0.4587
vn -0.6972 0.5533 -0.4559
vn -0.7181 0.5154 -0.4676
vn -0.7107 0.5465 -0.4430
vn -0.7137 0.5416 -0.4443
vn -0.7114 0.5453 -0.4433
vn -0.7144 0.5403 -0.4445
vn -0.6865 0.6161 -0.3861
vn -0.7122 0.5812 -0.3937
vn -0.6536 0.6985 -0.2915
vn -0.0100 0.9980 -0.0627
vn 0.0604 0.9978 -0.0283
vn -0.4775 -0.8663 -0.1466
vn -0.5229 -0.8372 -0.1603
vn -0.9291 -0.1110 -0.3528
vn -0.8775 -0.2437 -0.4130
vn -0.8969 0.0577 -0.4384
vn -0.9036 0.0815 -0.4205
vn -0.8757 0.2421 -0.4177
vn -0.8855 0.3748 -0.2746
vn -0.8890 0.3655 -0.2758
vn -0.8862 0.3731 -0.2748
vn -0.8899 0.3630 -0.2762
vn -0.8500 0.4889 -0.1961
vn -0.8503 0.4889 -0.1948
vn -0.8079 0.5607 -0.1814
vn -0.7402 0.6654 -0.0971
vn -0.6007 0.7971 -0.0612
vn -0.5217 0.8523 0.0373
vn -0.2511 0.9648 0.0781
vn -0.3262 0.9451 -0.0188
vn -0.6808 0.5921 -0.4312
vn -0.7618 0.5405 -0.3572
vn -0.3785 0.2580 -0.8889
vn -0.4585 0.2293 -0.8586
vn 0.2622 -0.1619 -0.9513
vn 0.1223 -0.1320 -0.9837
vn 0.8012 -0.5105 -0.3121
vn 0.8666 -0.4523 -0.2107
vn 0.5440 -0.1714 0.8214
vn 0.5413 -0.1602 0.8254
vn -0.7359 0.6727 -0.0770
vn -0.7333 0.6780 0.0508
vn -0.7526 0.6407 -0.1520
vn -0.7317 0.6705 -0.1228
vn -0.8625 0.4755 -0.1730
vn -0.8434 0.5357 -0.0413
vn -0.8889 0.1811 0.4208
vn -0.8767 0.1929 0.4407
vn -0.4363 -0.2075 0.8755
vn -0.2399 -0.2410 0.9404
vn 0.4344 -0.4809 0.7616
vn 0.4375 -0.4891 0.7546
vn 0.4374 -0.4888 0.7548
vn 0.4342 -0.4804 0.7620
vn 0.7972 -0.0743 -0.5991
vn 0.8088 -0.0732 -0.5835
vn -0.6133 0.6727 -0.4140
vn -0.5291 0.6780 -0.5103
vn -0.6660 0.6618 -0.3442
vn -0.6446 0.6571 -0.3908
vn 0.6142 0.1321 -0.7780
vn 0.7828 0.0810 -0.6170
vn 0.8596 -0.4369 0.2650
vn 0.7440 -0.4315 0.5102
vn -0.2748 -0.3289 0.9035
vn -0.4527 -0.1978 0.8695
vn -0.9591 0.2104 0.1893
vn -0.9582 0.2185 0.1846
vn -0.9584 0.2172 0.1854
vn -0.9593 0.2089 0.1901
vn -0.9515 0.3042 -0.0462
vn -0.9595 0.2780 -0.0448
vn -0.8060 0.4346 -0.4019
vn -0.7533 0.5269 -0.3935
vn -0.5894 0.5914 -0.5503
vn -0.5475 0.6666 -0.5058
vn -0.3698 0.6235 -0.6889
vn -0.4663 0.6877 -0.5564
vn -0.1780 0.5470 -0.8180
vn -0.2827 0.6353 -0.7187
vn 0.0105 0.5653 -0.8248
vn -0.0289 0.4979 -0.8667
vn 0.2650 0.4969 -0.8264
vn 0.1770 0.4039 -0.8975
vn -0.3457 0.3776 0.8590
vn -0.3498 0.4370 0.8286
vn -0.4053 0.4415 0.8005
vn -0.4111 0.5016 0.7612
vn -0.5404 0.5005 0.6764
vn -0.5619 0.5613 0.6076
vn -0.6668 0.6611 0.3440
vn -0.6452 0.5495 0.5308
vn -0.7253 0.6438 0.2438
vn -0.7147 0.6878 0.1269
vn -0.7624 0.6462 -0.0340
vn -0.7922 0.6005 0.1085
vn -0.8741 0.4420 -0.2015
vn -0.8321 0.5247 -0.1797
vn -0.7728 0.2910 -0.5641
vn -0.7479 0.3027 -0.5907
vn -0.6200 0.2205 -0.7530
vn -0.6084 0.2207 -0.7623
vn 0.3951 -0.2713 -0.8777
vn 0.3057 -0.2616 -0.9155
vn 0.8749 -0.3883 0.2895
vn 0.8555 -0.5032 0.1219
vn 0.3480 -0.0171 0.9373
vn 0.4356 -0.1890 0.8801
vn -0.6167 -0.7871 -0.0099
vn -0.7799 -0.6244 -0.0430
vn 0.4144 -0.9044 -0.1013
vn 0.2733 -0.9530 -0.1309
vn 0.9881 -0.1477 -0.0427
vn 0.9979 0.0332 -0.0556
vn 0.3404 0.9390 0.0487
vn 0.4642 0.8810 0.0917
vn 0.5741 0.8063 0.1428
vn 0.4772 0.8740 0.0917
vn 0.0411 0.9893 0.1398
vn 0.0130 0.9930 0.1176
vn -0.3266 0.9436 0.0541
vn -0.3026 0.9499 0.0781
vn -0.4331 0.9005 -0.0391
vn -0.5206 0.8537 0.0158
vn -0.6646 0.7325 -0.1474
vn -0.7374 0.6656 -0.1150
vn -0.8005 0.5544 -0.2277
vn -0.8497 0.4889 -0.1975
vn -0.8756 0.3737 -0.3062
vn -0.8731 0.4200 -0.2477
vn -0.9649 0.0931 -0.2455
vn -0.9493 0.0158 -0.3141
vn -0.9733 -0.2039 -0.1052
vn -0.8967 -0.3888 -0.2117
vn -0.5546 -0.8312 -0.0394
vn -0.4766 -0.8777 -0.0498
vn 0.0249 0.9966 0.0783
vn -0.0695 0.9959 0.0575
vn -0.6602 0.6989 -0.2751
vn -0.6672 0.6916 -0.2769
vn -0.6618 0.6972 -0.2755
vn -0.4051 0.9142 0.0068
vn -0.7082 0.6159 -0.3453
vn -0.6687 0.6899 -0.2773
vn -0.7576 0.5417 -0.3642
vn -0.7527 0.5488 -0.3637
vn -0.7576 0.5416 -0.3642
vn -0.7530 0.5467 -0.3661
vn -0.7530 0.5469 -0.3659
vn -0.5961 -0.7591 -0.2613
vn -0.4431 -0.8686 -0.2216
vn 0.3202 -0.8976 0.3031
vn 0.5297 -0.7616 0.3733
vn 0.8159 -0.2212 0.5342
vn 0.8462 -0.1012 0.5231
vn 0.2872 0.9515 0.1105
vn 0.3163 0.9349 0.1607
vn 0.4545 0.8676 0.2019
vn 0.3426 0.9389 0.0326
vn 0.0927 0.9907 -0.0993
vn 0.0954 0.9910 -0.0938
vn 0.0951 0.9910 -0.0943
vn 0.0923 0.9907 -0.1002
vn -0.1857 0.9506 -0.2486
vn -0.1478 0.9750 -0.1659
vn -0.3454 0.8997 -0.2669
vn -0.3225 0.9237 -0.2069
vn -0.6042 0.7326 -0.3134
vn -0.5543 0.7679 -0.3210
vn -0.7401 0.5554 -0.3792
vn -0.7287 0.5897 -0.3481
vn -0.8177 0.4209 -0.3926
vn -0.8208 0.4401 -0.3641
vn -0.9084 0.0181 -0.4177
vn -0.8715 -0.0563 -0.4872
vn -0.8034 -0.3844 -0.4547
vn -0.7593 -0.4365 -0.4826
vn -0.6308 -0.6709 -0.3899
vn -0.3885 -0.8837 -0.2610
vn -0.1447 0.9686 -0.2024
vn 0.0074 0.9989 -0.0469
vn -0.3468 0.8977 -0.2719
vn -0.2236 0.9731 -0.0561
vn -0.6754 0.6882 -0.2648
vn -0.6516 0.7259 -0.2204
vn -0.7984 0.5347 -0.2768
vn -0.7971 0.5382 -0.2739
vn -0.7974 0.5374 -0.2745
vn -0.7926 0.5430 -0.2774
vn -0.8009 0.4279 -0.4190
vn -0.7997 0.4262 -0.4229
vn -0.8009 0.4280 -0.4188
vn -0.8011 0.4281 -0.4184
vn -0.8716 0.4105 -0.2680
vn -0.8758 0.3784 -0.2998
vn -0.5223 -0.1099 0.8456
vn -0.5244 -0.1152 0.8436
vn -0.5243 -0.1149 0.8437
vn -0.6008 -0.0851 0.7949
vn -0.6142 -0.0023 0.7892
vn -0.3629 0.0010 0.9318
vn 0.6809 0.1612 0.7145
vn 0.5610 0.5171 0.6464
vn 0.5608 0.5171 0.6466
vn 0.5586 0.5168 0.6488
vn -0.6768 -0.3327 0.6567
vn -0.7504 -0.3128 0.5823
vn -0.3260 0.0997 0.9401
vn -0.3896 0.1432 0.9098
vn -0.1712 -0.1409 0.9751
vn -0.1679 -0.2268 0.9594
vn -0.1802 -0.1221 0.9760
vn -0.1802 -0.1395 0.9737
vn -0.2211 -0.1739 0.9596
vn -0.2266 -0.1191 0.9667
vn -0.2101 0.0740 0.9749
vn -0.1460 -0.1756 0.9736
vn -0.2321 -0.1207 0.9652
vn -0.3771 0.0561 0.9245
vn -0.0438 -0.1173 0.9921
vn -0.0831 -0.0851 0.9929
vn -0.0345 -0.2597 0.9651
vn -0.1724 -0.1965 0.9652
vn 0.0943 -0.2115 0.9728
vn 0.1168 -0.2126 0.9701
vn -0.0735 -0.3260 0.9425
vn -0.0755 -0.3270 0.9420
vn -0.0662 -0.3220 0.9444
vn -0.0643 -0.3209 0.9449
vn -0.0267 -0.2628 0.9645
vn -0.0882 -0.2939 0.9518
vn -0.2062 -0.2741 0.9393
vn -0.0253 -0.2047 0.9785
vn -0.0890 0.0860 0.9923
vn -0.1876 0.0671 0.9799
vn -0.0896 0.1370 0.9865
vn -0.0708 0.1264 0.9895
vn -0.1146 0.0412 0.9926
vn -0.1537 0.1141 0.9815
vn -0.7647 -0.6374 -0.0950
vn -0.6394 -0.7681 0.0344
vn 0.7568 0.3523 0.5507
vn 0.8272 0.1289 0.5470
vn 0.9200 -0.0661 0.3864
vn 0.8451 0.3589 0.3963
vn -0.5522 -0.8150 -0.1757
vn -0.3577 -0.9319 -0.0600
vn -0.4693 -0.1342 0.8728
vn -0.5103 -0.1412 0.8483
vn -0.5117 -0.1440 0.8470
vn -0.5103 -0.1413 0.8483
vn -0.1744 -0.2255 0.9585
vn -0.2519 -0.0696 0.9652
vn 0.1068 -0.2250 0.9685
vn 0.0330 -0.1979 0.9797
vn -0.0585 -0.1273 0.9901
vn 0.1393 -0.1017 0.9850
vn -0.0885 -0.2844 0.9546
vn -0.0750 -0.2777 0.9577
vn -0.7992 -0.5084 0.3206
vn -0.8189 -0.4932 0.2936
vn -0.6171 -0.7768 -0.1252
vn -0.5826 -0.8070 -0.0967
vn 0.1290 -0.1133 -0.9851
vn 0.1299 -0.1103 -0.9854
vn 0.1295 -0.1116 -0.9853
vn 0.1550 -0.1343 -0.9787
vn 0.0358 -0.1187 -0.9923
vn 0.0328 -0.0225 -0.9992
vn 0.9244 0.1170 -0.3632
vn 0.8060 0.5780 -0.1276
vn -0.2288 -0.1738 -0.9578
vn -0.1414 -0.2934 -0.9455
vn 0.2689 0.3471 -0.8985
vn 0.2502 0.2263 -0.9414
vn 0.5282 -0.1008 -0.8431
vn 0.5101 -0.1377 -0.8490
vn 0.4690 -0.1327 -0.8732
vn 0.5401 0.0439 -0.8405
vn 0.4955 0.0434 -0.8675
vn 0.4262 -0.1628 -0.8898
vn 0.4746 -0.1629 -0.8650
vn 0.5038 0.1221 -0.8551
vn 0.3521 0.1115 -0.9293
vn 0.3626 -0.1451 -0.9206
vn 0.5323 -0.1084 -0.8396
vn 0.5196 0.0689 -0.8516
vn 0.4890 0.0425 -0.8713
vn 0.5409 -0.2327 -0.8082
vn 0.6823 -0.1851 -0.7073
vn 0.7102 -0.2639 -0.6527
vn 0.5563 -0.2907 -0.7785
vn 0.6368 -0.3222 -0.7004
vn 0.5534 -0.2871 -0.7819
vn 0.5138 -0.2919 -0.8067
vn 0.5160 -0.2743 -0.8115
vn 0.1801 -0.2228 -0.9581
vn 0.2209 0.1373 -0.9656
vn 0.4059 -0.0953 -0.9089
vn 0.5425 0.1043 -0.8336
vn 0.5237 0.2126 -0.8250
vn 0.5687 0.2349 -0.7883
vn 0.5530 0.0769 -0.8296
vn -0.5097 -0.8002 -0.3160
vn -0.7296 -0.5017 -0.4648
vn 0.9901 0.1379 0.0260
vn 0.9998 0.0177 -0.0061
vn 0.9353 0.2074 0.2868
vn 0.9638 -0.0648 0.2585
vn -0.3182 -0.9351 -0.1564
vn -0.5143 -0.8198 -0.2520
vn 0.1415 -0.1576 -0.9773
vn 0.1197 -0.0981 -0.9880
vn 0.1200 -0.0976 -0.9880
vn 0.1255 -0.0901 -0.9880
vn 0.5163 0.0883 -0.8518
vn 0.4288 -0.0665 -0.9009
vn 0.6348 -0.1188 -0.7635
vn 0.6514 -0.2314 -0.7226
vn 0.7172 -0.2455 -0.6522
vn 0.5841 -0.0581 -0.8096
vn 0.6488 -0.2657 -0.7131
vn 0.5622 -0.2277 -0.7950
vn -0.6553 -0.4911 -0.5739
vn -0.7131 -0.3566 -0.6037
vn -0.4971 -0.8173 -0.2913
vn -0.5164 -0.8005 -0.3041
vn -0.2155 -0.0722 0.9738
vn -0.3250 0.0998 0.9404
vn 0.4246 0.2963 -0.8555
vn 0.3646 0.0835 -0.9274
vn 0.4460 0.1450 -0.8832
vn 0.5156 0.0062 -0.8568
vn -0.2177 -0.0572 0.9743
vn -0.2009 -0.0498 0.9783
vn -0.0551 -0.1019 -0.9933
vn 0.1300 -0.1102 -0.9854
vn 0.1258 -0.0897 -0.9880
vn 0.0525 -0.1008 -0.9935
vn 0.1488 0.0974 -0.9841
vn -0.0338 0.0835 -0.9959
vn 0.8093 0.5770 -0.1098
vn 0.9894 0.1133 -0.0906
vn 0.9925 0.0393 0.1154
vn 0.9795 0.1790 0.0922
vn 0.7731 0.1177 0.6232
vn 0.7771 0.1727 0.6053
vn 0.5583 0.5167 0.6491
vn 0.4780 0.0918 0.8736
vn -0.8132 -0.5819 -0.0066
vn -0.7751 -0.6318 -0.0048
vn -0.6276 -0.1138 0.7702
vn -0.6080 -0.1370 0.7820
vn -0.5118 -0.1441 0.8470
vn -0.5245 -0.1153 0.8435
vn -0.4544 -0.0916 0.8861
vn -0.4539 -0.1081 0.8845
vn -0.6517 -0.3312 -0.6824
vn -0.5407 -0.5512 -0.6355
vt 0.379704 -0.146125
vt 0.372343 -0.125067
vt 0.363009 -0.183597
vt 0.384874 -0.200763
vt 0.326023 -0.300533
vt 0.362684 -0.305689
vt 0.365117 -0.250057
vt 0.327950 -0.242908
vt 0.061289 -0.271311
vt 0.078394 -0.202798
vt -0.019508 -0.181111
vt -0.044842 -0.254038
vt -0.099588 -0.133169
vt -0.121593 -0.215077
vt 0.693819 0.143145
vt 0.694058 0.085751
vt 0.739983 0.133168
vt 0.739380 0.182973
vt 0.698107 0.234496
vt 0.739279 0.257042
vt 0.741746 0.331970
vt 0.706857 0.327471
vt 0.755615 0.461445
vt 0.715933 0.467075
vt 0.709223 0.390254
vt 0.745526 0.384440
vt 0.762797 0.540944
vt 0.720508 0.545567
vt 0.782552 0.614492
vt 0.734752 0.612426
vt 0.797267 0.650213
vt 0.747551 0.649816
vt 0.741054 0.631447
vt 0.790723 0.633457
vt 0.752815 0.663759
vt 0.801175 0.663354
vt 0.382549 -0.260653
vt 0.378152 -0.309668
vt 0.333081 -0.171351
vt 0.349713 -0.103252
vt 0.012003 -0.108739
vt 0.103663 -0.125115
vt 0.132615 -0.049406
vt 0.045044 -0.032704
vt -0.049190 -0.004037
vt -0.074314 -0.067357
vt 0.773796 0.201733
vt 0.778431 0.165316
vt 0.821015 0.190377
vt 0.810957 0.214376
vt 0.764654 0.266697
vt 0.790274 0.271934
vt 0.763838 0.331354
vt 0.783948 0.328543
vt 0.788573 0.460132
vt 0.767548 0.379611
vt 0.789993 0.374237
vt 0.821526 0.457473
vt 0.809922 0.542980
vt 0.857962 0.545975
vt 0.824982 0.614569
vt 0.871045 0.618480
vt 0.849294 0.654430
vt 0.827809 0.648037
vt 0.826164 0.633809
vt 0.862644 0.638835
vt 0.829408 0.661180
vt -0.075353 -0.437161
vt -0.063009 -0.321676
vt -0.137757 -0.294642
vt -0.151328 -0.387379
vt 0.579148 -0.003440
vt 0.647347 0.039703
vt 0.647794 0.104787
vt 0.573552 0.072613
vt 0.580276 0.198770
vt 0.656563 0.213719
vt 0.595021 0.328175
vt 0.671411 0.323364
vt 0.602750 0.405238
vt 0.672864 0.395423
vt 0.676127 0.472848
vt 0.606508 0.483779
vt 0.610130 0.562981
vt 0.677583 0.551731
vt 0.617256 0.615405
vt 0.684184 0.611025
vt 0.626298 0.654702
vt 0.621047 0.634402
vt 0.688138 0.630518
vt 0.693651 0.649700
vt 0.632024 0.668390
vt 0.699690 0.664132
vt 0.731221 -0.044986
vt 0.775163 0.020610
vt 0.745506 0.083460
vt 0.700167 0.027785
vt 0.814839 0.072138
vt 0.856722 0.120383
vt 0.831950 0.167092
vt 0.785255 0.129578
vt 0.622585 -0.167201
vt 0.686185 -0.107475
vt 0.652983 -0.025310
vt 0.588614 -0.075123
vt -0.103908 -0.131040
vt -0.125153 -0.213054
vt -0.053076 -0.002774
vt -0.083790 -0.063323
vt -0.141817 -0.293291
vt -0.155177 -0.385796
vt 0.732972 -0.047040
vt 0.777212 0.017872
vt 0.821144 0.066688
vt 0.859276 0.117648
vt 0.688193 -0.109873
vt 0.624485 -0.170167
vt 0.374069 -0.352300
vt 0.356420 -0.352507
vt 0.343826 -0.399449
vt 0.371992 -0.397863
vt 0.321622 -0.350799
vt 0.306660 -0.406291
vt 0.036593 -0.438023
vt 0.048235 -0.335519
vt 0.410244 -0.194292
vt 0.403189 -0.135230
vt 0.386036 -0.144105
vt 0.392553 -0.200904
vt 0.386976 -0.102478
vt 0.375801 -0.121291
vt 0.773517 0.710889
vt 0.760117 0.670370
vt 0.802842 0.668517
vt 0.827937 0.700044
vt 0.406221 -0.299966
vt 0.408649 -0.255847
vt 0.389426 -0.261882
vt 0.384740 -0.309487
vt 0.349203 -0.074742
vt 0.352135 -0.098550
vt 0.133808 -0.042547
vt 0.130849 -0.026071
vt 0.052924 -0.007538
vt 0.047542 -0.022934
vt -0.033755 0.014224
vt -0.044542 0.001220
vt 0.836339 0.200801
vt 0.817297 0.215407
vt 0.827203 0.191702
vt 0.846354 0.179713
vt 0.812910 0.264263
vt 0.799496 0.272710
vt 0.802955 0.324611
vt 0.790529 0.328445
vt 0.824552 0.433567
vt 0.826154 0.455266
vt 0.795100 0.371832
vt 0.798600 0.358003
vt 0.858193 0.517163
vt 0.863400 0.544825
vt 0.891481 0.593684
vt 0.876115 0.617686
vt 0.879973 0.663134
vt 0.853375 0.656938
vt 0.867607 0.639420
vt 0.894860 0.634821
vt 0.862283 0.682375
vt 0.832978 0.666051
vt 0.639995 0.714602
vt 0.632962 0.675502
vt 0.713447 0.672589
vt 0.720691 0.716100
vt 0.860751 0.122302
vt 0.879790 0.116492
vt 0.856712 0.159633
vt 0.838226 0.168825
vt -0.037931 0.015954
vt -0.050331 0.001471
vt 0.862110 0.118994
vt 0.879242 0.113128
vt 0.397633 -0.408174
vt 0.404923 -0.344651
vt 0.380572 -0.351335
vt 0.379277 -0.398148
vt 0.388850 -0.200895
vt 0.382812 -0.145021
vt 0.373675 -0.123112
vt 0.801945 0.666018
vt 0.753511 0.666485
vt 0.381184 -0.309716
vt 0.385826 -0.261276
vt 0.351145 -0.101034
vt 0.133754 -0.046204
vt 0.046080 -0.029518
vt -0.047330 -0.001287
vt 0.824055 0.191272
vt 0.814270 0.215180
vt 0.795800 0.272134
vt 0.786597 0.328166
vt 0.793393 0.373516
vt 0.825097 0.456433
vt 0.861299 0.545545
vt 0.874537 0.619255
vt 0.865164 0.639729
vt 0.851354 0.655738
vt 0.831323 0.664271
vt 0.700364 0.667163
vt 0.632588 0.671463
vt 0.859186 0.122598
vt 0.835156 0.168256
vt -0.051136 -0.000311
vt 0.861121 0.119970
vt 0.377137 -0.351695
vt 0.375872 -0.397359
vt 0.363398 -0.468316
vt 0.349311 -0.465340
vt 0.354152 -0.487427
vt 0.415396 -0.204555
vt 0.427903 -0.274810
vt 0.443217 -0.262210
vt 0.429681 -0.198148
vt 0.488979 -0.299835
vt 0.453219 -0.311980
vt 0.466180 -0.358799
vt 0.500420 -0.349343
vt 0.831120 -0.196314
vt 0.729253 -0.224202
vt 0.751676 -0.281937
vt 0.858489 -0.256010
vt 0.897774 -0.145880
vt 0.926256 -0.216380
vt 0.107621 0.152191
vt 0.105409 0.095377
vt 0.147728 0.050918
vt 0.149518 0.114957
vt 0.106210 0.242406
vt 0.144633 0.221806
vt 0.100439 0.333860
vt 0.133566 0.329272
vt 0.095797 0.472483
vt 0.102135 0.396153
vt 0.138372 0.400709
vt 0.135743 0.478296
vt 0.089185 0.550590
vt 0.129614 0.555257
vt 0.075832 0.617756
vt 0.123712 0.615730
vt 0.063640 0.653713
vt 0.070164 0.635792
vt 0.119825 0.634935
vt 0.114393 0.653836
vt 0.057921 0.668639
vt 0.108257 0.668757
vt 0.438950 -0.318757
vt 0.451332 -0.358948
vt 0.477927 -0.249476
vt 0.458052 -0.185769
vt 0.664700 -0.096917
vt 0.703163 -0.164367
vt 0.798005 -0.133182
vt 0.754099 -0.067497
vt 0.864825 -0.073417
vt 0.830646 -0.013103
vt 0.066145 0.190536
vt 0.032417 0.210303
vt 0.026374 0.174241
vt 0.063839 0.140831
vt 0.068160 0.264414
vt 0.043461 0.274334
vt 0.067909 0.338819
vt 0.047637 0.338941
vt 0.055988 0.467212
vt 0.022988 0.466405
vt 0.043254 0.386602
vt 0.066009 0.390958
vt 0.049536 0.546967
vt 0.002290 0.549137
vt 0.030418 0.620280
vt -0.013017 0.620405
vt -0.016974 0.649060
vt -0.015556 0.634688
vt 0.023670 0.636999
vt 0.016986 0.653560
vt -0.016138 0.667510
vt 0.012181 0.669417
vt 0.890487 -0.374434
vt 0.956536 -0.313444
vt 0.220110 -0.000235
vt 0.228181 0.075467
vt 0.225561 0.201868
vt 0.214483 0.331809
vt 0.208360 0.409217
vt 0.205614 0.487925
vt 0.202469 0.567202
vt 0.195605 0.619720
vt 0.187567 0.658444
vt 0.192497 0.639325
vt 0.181844 0.671670
vt 0.097309 0.038270
vt 0.062693 -0.033863
vt 0.103965 -0.093317
vt 0.139900 -0.013012
vt -0.012378 0.082139
vt 0.022909 0.028371
vt 0.056425 0.091472
vt 0.018291 0.138771
vt 0.171163 -0.161907
vt 0.208290 -0.071421
vt 0.901067 -0.143624
vt 0.930023 -0.214483
vt 0.868686 -0.070899
vt 0.838817 -0.007909
vt 0.960004 -0.311604
vt 0.061015 -0.035795
vt 0.101918 -0.095698
vt -0.019083 0.076697
vt 0.020723 0.025693
vt 0.169082 -0.164752
vt 0.455784 -0.395881
vt 0.482372 -0.399474
vt 0.515935 -0.399044
vt 0.776230 -0.384717
vt 0.402045 -0.275256
vt 0.421450 -0.277193
vt 0.410212 -0.222604
vt 0.391882 -0.219800
vt 0.384113 -0.164094
vt 0.402293 -0.168521
vt 0.408101 -0.147712
vt 0.393192 -0.133188
vt 0.086510 0.721031
vt 0.037127 0.717591
vt 0.050165 0.675837
vt 0.093785 0.678836
vt 0.430759 -0.311434
vt 0.409921 -0.309605
vt 0.417715 -0.343966
vt 0.439683 -0.344538
vt 0.421635 -0.124892
vt 0.418554 -0.103511
vt 0.697304 0.017398
vt 0.617205 -0.011823
vt 0.618315 -0.027804
vt 0.705250 0.003411
vt 0.778281 0.058316
vt 0.789292 0.047083
vt -0.030318 0.212154
vt -0.040878 0.191376
vt -0.021399 0.202610
vt -0.010338 0.225358
vt -0.001986 0.273421
vt 0.011558 0.280939
vt 0.008222 0.332808
vt 0.021354 0.335982
vt -0.013687 0.439945
vt 0.009839 0.365375
vt 0.015226 0.379474
vt -0.014822 0.461624
vt -0.046193 0.523956
vt -0.051174 0.551754
vt -0.079077 0.601144
vt -0.063715 0.625717
vt -0.064734 0.673113
vt -0.081656 0.638674
vt -0.055111 0.646470
vt -0.039374 0.662701
vt -0.053374 0.684743
vt -0.019671 0.672297
vt -0.015348 0.705968
vt 0.010467 0.674604
vt 0.173311 0.718295
vt 0.180036 0.679345
vt -0.051413 0.171088
vt -0.074407 0.126145
vt -0.055684 0.133724
vt -0.033014 0.180294
vt 0.780436 0.060028
vt 0.794786 0.048412
vt -0.073513 0.122862
vt -0.056847 0.130341
vt 0.431029 -0.404926
vt 0.448045 -0.396279
vt 0.424792 -0.276000
vt 0.410653 -0.203994
vt 0.405774 -0.168805
vt 0.409111 -0.169246
vt 0.411732 -0.151047
vt 0.408773 -0.150845
vt 0.057689 0.671487
vt 0.108579 0.672115
vt 0.435383 -0.318827
vt 0.446875 -0.359719
vt 0.425329 -0.128467
vt 0.423253 -0.126877
vt 0.619065 -0.030661
vt 0.620844 -0.033383
vt 0.708421 -0.002356
vt 0.706733 0.000514
vt 0.794705 0.042917
vt 0.792262 0.045175
vt -0.018308 0.202028
vt -0.015144 0.200955
vt -0.004111 0.224090
vt -0.007375 0.224949
vt 0.017653 0.280176
vt 0.014403 0.280453
vt 0.027799 0.336731
vt 0.024119 0.336155
vt 0.016915 0.381115
vt 0.020257 0.381728
vt -0.010139 0.463851
vt -0.013738 0.462785
vt -0.045330 0.552766
vt -0.048692 0.552424
vt -0.058779 0.626284
vt -0.062229 0.627210
vt -0.052789 0.646457
vt -0.050235 0.645537
vt -0.035323 0.660110
vt -0.037366 0.661447
vt -0.018042 0.670481
vt 0.011390 0.672094
vt 0.180414 0.676164
vt -0.054127 0.134001
vt -0.051781 0.131580
vt -0.026813 0.178326
vt -0.029955 0.179665
vt 0.798573 0.045022
vt 0.795923 0.046733
vt -0.055757 0.131373
vt -0.054128 0.128894
vt 0.451888 -0.395333
vt 0.376533 -0.474509
vt 0.380207 0.692947
vt 0.383386 0.694612
vt 0.383930 0.696645
vt 0.379610 0.696627
vt 0.429470 0.691279
vt 0.431991 0.689644
vt 0.432591 0.693313
vt 0.428925 0.693325
vt 0.563141 -0.218226
vt 0.528872 -0.102345
vt 0.409884 -0.137712
vt 0.435653 -0.219476
vt 0.514871 -0.023153
vt 0.503593 0.065244
vt 0.395932 0.064526
vt 0.399481 -0.042339
vt 0.511381 0.201763
vt 0.406185 0.206975
vt 0.527911 0.337927
vt 0.417157 0.345644
vt 0.533926 0.413067
vt 0.537346 0.492894
vt 0.419674 0.505289
vt 0.418889 0.422418
vt 0.541756 0.572806
vt 0.422550 0.588864
vt 0.548505 0.622518
vt 0.425691 0.636612
vt 0.551386 0.641225
vt 0.555373 0.659623
vt 0.429776 0.674285
vt 0.427717 0.655505
vt 0.559217 0.671327
vt 0.431479 0.686421
vt -0.147934 -0.472153
vt -0.151871 -0.470188
vt -0.102582 -0.619289
vt -0.099303 -0.619947
vt 0.565137 -0.221547
vt 0.475550 -0.334109
vt 0.478721 -0.338585
vt 0.560093 0.677549
vt 0.570454 0.720367
vt 0.438863 0.736131
vt 0.559727 0.674412
vt 0.267118 -0.100667
vt 0.228533 -0.215215
vt 0.355849 -0.219214
vt 0.384058 -0.140086
vt 0.298031 0.066066
vt 0.283792 -0.021988
vt 0.397796 -0.044930
vt 0.404998 0.062087
vt 0.294655 0.203092
vt 0.399271 0.205634
vt 0.281808 0.340260
vt 0.391834 0.345922
vt 0.274839 0.496136
vt 0.277219 0.415914
vt 0.391681 0.423679
vt 0.391818 0.507474
vt 0.270939 0.576353
vt 0.389389 0.591719
vt 0.264398 0.626206
vt 0.386414 0.639718
vt 0.257663 0.663390
vt 0.261587 0.644953
vt 0.384432 0.658691
vt 0.382407 0.677538
vt 0.253867 0.675120
vt 0.380717 0.689712
vt 0.969372 -0.394740
vt 0.966099 -0.396618
vt 0.938430 -0.549527
vt 0.941503 -0.548497
vt 0.226409 -0.218450
vt 0.307547 -0.338415
vt 0.310893 -0.334069
vt 0.371372 0.739237
vt 0.242498 0.724104
vt 0.253001 0.681343
vt 0.253375 0.678209
vt 0.407233 -0.139828
vt 0.432755 -0.220755
vt 0.387234 -0.142555
vt 0.358648 -0.222574
vt 0.473191 -0.336952
vt 0.478119 -0.341233
vt 0.313633 -0.337559
vt 0.308302 -0.341604
vt 0.401758 -0.045007
vt 0.409048 0.061390
vt 0.396133 -0.042236
vt 0.392464 0.064033
vt 0.409071 0.062433
vt 0.403415 0.205754
vt 0.392473 0.064959
vt 0.402638 0.207189
vt 0.403377 0.206142
vt 0.395948 0.346123
vt 0.402685 0.207531
vt 0.413645 0.345898
vt 0.395801 0.423824
vt 0.395927 0.507538
vt 0.415369 0.422577
vt 0.416162 0.505374
vt 0.395930 0.507828
vt 0.393485 0.591976
vt 0.416162 0.505610
vt 0.419049 0.589095
vt 0.393493 0.592212
vt 0.390495 0.639965
vt 0.419045 0.589296
vt 0.422202 0.636810
vt 0.388491 0.659191
vt 0.386494 0.677870
vt 0.424248 0.655928
vt 0.426281 0.674557
vt 0.386435 0.678534
vt 0.384772 0.689919
vt 0.426347 0.675170
vt 0.428013 0.686544
vt 0.940781 -0.553122
vt 0.944045 -0.550822
vt -0.100715 -0.623278
vt -0.104406 -0.621562
vt 0.384838 0.691226
vt 0.383634 0.692530
vt 0.427969 0.687694
vt 0.429171 0.689006
vt 0.383547 0.697859
vt 0.375414 0.740025
vt 0.429227 0.694323
vt 0.435378 0.736707
vt 0.307446 -0.060927
vt 0.318906 -0.080741
vt 0.318446 -0.083368
vt 0.316895 -0.086276
vt 0.297075 -0.161984
vt 0.287277 -0.295980
vt 0.289228 -0.239216
vt 0.284093 -0.350605
vt 0.272778 -0.409005
vt 0.531739 -0.339603
vt 0.549514 -0.398393
vt 0.523168 -0.290098
vt 0.514016 -0.239297
vt 0.488223 -0.171458
vt 0.448562 -0.108737
vt 0.446475 -0.106200
vt 0.445585 -0.103763
vt 0.450936 -0.084715
vt 0.415376 0.422543
vt 0.395793 0.423747
vt 0.302717 -0.546440
vt 0.344202 -0.542514
vt 0.356627 -0.452986
vt 0.322166 -0.451298
vt 0.268423 -0.555753
vt 0.289611 -0.453171
vt -0.072904 -0.631582
vt 0.030411 -0.608411
vt 0.032420 -0.543549
vt -0.072654 -0.561066
vt 0.320700 -0.715405
vt 0.329557 -0.641346
vt 0.295153 -0.641443
vt 0.291139 -0.713935
vt 0.258659 -0.643200
vt 0.253018 -0.709956
vt 0.031374 -0.665325
vt 0.082830 -0.621179
vt 0.345793 -0.530421
vt 0.337754 -0.500439
vt 0.377656 -0.473091
vt 0.363284 -0.454727
vt 0.354089 -0.487585
vt 0.346354 -0.457481
vt 0.348138 -0.542495
vt 0.360485 -0.453317
vt 0.333723 -0.641612
vt 0.325117 -0.715599
vt 0.329423 -0.715761
vt 0.337933 -0.641830
vt 0.492639 -0.535418
vt 0.531711 -0.534008
vt 0.504785 -0.445857
vt 0.473737 -0.447001
vt 0.566674 -0.534273
vt 0.536823 -0.443468
vt 0.905224 -0.496352
vt 0.792241 -0.481980
vt 0.810529 -0.561011
vt 0.913655 -0.564813
vt 0.536787 -0.697912
vt 0.566160 -0.693475
vt 0.603673 -0.685340
vt 0.758751 -0.635048
vt 0.813347 -0.612227
vt 0.453733 -0.464989
vt 0.488760 -0.505889
vt 0.488826 -0.531842
vt 0.467161 -0.448891
vt 0.383162 -0.049872
vt 0.430836 -0.156288
vt 0.383264 -0.049826
vt 0.444875 -0.149115
vt 0.505565 -0.563395
vt 0.488826 -0.535980
vt 0.469902 -0.447464
vt 0.532381 -0.698517
vt 0.528157 -0.698872
vt -0.099357 -0.623313
vt 0.939309 -0.553321
vt 0.234482 -0.568291
vt 0.262792 -0.457797
vt 0.222616 -0.635516
vt 0.211887 -0.704478
vt 0.643737 -0.674764
vt 0.601067 -0.537202
vt 0.568680 -0.443343
vt 0.390515 0.640406
vt 0.422193 0.637203
vt 0.090316 -0.681259
vt 0.128404 -0.627610
vt 0.141144 -0.508704
vt 0.120072 -0.591479
vt 0.155887 -0.584724
vt 0.179694 -0.491355
vt 0.191094 -0.421855
vt 0.201136 -0.345644
vt 0.161288 -0.344414
vt 0.151009 -0.428431
vt 0.207500 -0.287351
vt 0.214715 -0.226961
vt 0.178850 -0.221626
vt 0.169198 -0.284446
vt 0.197433 -0.142170
vt 0.230344 -0.147919
vt 0.222632 -0.064624
vt 0.254216 -0.070305
vt 0.223685 -0.061364
vt 0.255381 -0.067085
vt 0.223400 -0.058112
vt 0.255101 -0.064000
vt 0.243986 -0.046760
vt 0.214229 -0.041153
vt 0.538551 -0.042323
vt 0.536120 -0.059676
vt 0.536787 -0.062390
vt 0.538612 -0.065101
vt 0.580835 -0.129513
vt 0.614280 -0.197945
vt 0.633470 -0.253203
vt 0.650425 -0.307317
vt 0.669971 -0.392177
vt 0.712619 -0.552650
vt 0.686718 -0.464021
vt 0.705136 -0.654228
vt 0.147205 -0.693407
vt 0.172179 -0.632029
vt 0.192343 -0.578013
vt 0.216316 -0.474874
vt 0.239529 -0.346934
vt 0.229097 -0.415447
vt 0.244546 -0.290593
vt 0.249105 -0.232482
vt 0.261615 -0.154085
vt 0.284027 -0.076731
vt 0.285427 -0.073547
vt 0.285363 -0.070578
vt 0.273033 -0.052569
vt 0.388075 -0.139616
vt 0.406525 -0.137082
vt 0.314736 -0.334667
vt 0.472298 -0.334341
vt 0.280324 0.642098
vt 0.274204 0.652605
vt 0.268084 0.642098
vt 0.286390 0.652605
vt 0.280324 0.663113
vt 0.268084 0.663113
vt 0.999697 0.437303
vt 0.999697 0.433411
vt 1.012139 0.433411
vt 1.012139 0.437303
vt 0.987350 0.433411
vt 0.987350 0.437303
vt 0.975003 0.433411
vt 0.975003 0.437303
vt 0.962561 0.433411
vt 0.962561 0.437303
vt 0.652786 0.552437
vt 0.652679 0.552437
vt 0.646613 0.541931
vt 0.658852 0.541931
vt 0.640547 0.552437
vt 0.646613 0.562944
vt 0.658852 0.562944
vt 0.652732 0.552406
vt 0.652732 0.552468
vt 0.262017 0.652605
vt 0.937867 0.437303
vt 0.937867 0.433411
vt 0.950214 0.433411
vt 0.950214 0.437303
vt 0.664918 0.552437
vt 0.411850 0.411393
vt 0.401290 0.405327
vt 0.411850 0.399275
vt 0.401290 0.417460
vt 0.411850 0.423512
vt 0.857582 0.438318
vt 0.845192 0.438318
vt 0.845192 0.434428
vt 0.857582 0.434428
vt 0.832850 0.438318
vt 0.832850 0.434428
vt 0.820460 0.438318
vt 0.820460 0.434428
vt 0.411904 0.137309
vt 0.411850 0.137216
vt 0.411850 0.125190
vt 0.422411 0.131242
vt 0.422411 0.143375
vt 0.411850 0.137401
vt 0.411850 0.149427
vt 0.411850 0.137278
vt 0.411850 0.137309
vt 0.411850 0.137340
vt 0.422411 0.405327
vt 0.422411 0.417460
vt 0.795727 0.438318
vt 0.783337 0.438318
vt 0.783337 0.434428
vt 0.795727 0.434428
vt 0.808070 0.438318
vt 0.808070 0.434428
vt 0.411797 0.137309
vt 0.401290 0.131242
vt 0.401290 0.143375
vt 0.515086 0.793743
vt 0.504525 0.787676
vt 0.515086 0.781624
vt 0.504525 0.799809
vt 0.515085 0.805861
vt 0.886571 0.433412
vt 0.898961 0.433412
vt 0.898961 0.437302
vt 0.886571 0.437302
vt 0.911304 0.433412
vt 0.911304 0.437302
vt 0.923694 0.433412
vt 0.923694 0.437302
vt 0.657087 0.270843
vt 0.657034 0.270751
vt 0.657034 0.258725
vt 0.667594 0.264777
vt 0.667594 0.276910
vt 0.657034 0.270936
vt 0.657034 0.282962
vt 0.657034 0.270813
vt 0.657034 0.270843
vt 0.657034 0.270874
vt 0.525646 0.787676
vt 0.525646 0.799809
vt 0.948427 0.433412
vt 0.960818 0.433412
vt 0.960818 0.437302
vt 0.948427 0.437302
vt 0.936084 0.433412
vt 0.936084 0.437302
vt 0.656981 0.270843
vt 0.646474 0.264777
vt 0.646474 0.276910
vt 0.136557 0.137309
vt 0.136557 0.149427
vt 0.125996 0.143375
vt 0.125996 0.131242
vt 0.136557 0.125190
vt 0.896811 0.433413
vt 0.909201 0.433413
vt 0.909201 0.437303
vt 0.896811 0.437303
vt 0.884467 0.433413
vt 0.884467 0.437303
vt 0.872077 0.433413
vt 0.872077 0.437303
vt 0.136557 0.411027
vt 0.136503 0.411120
vt 0.125996 0.405053
vt 0.136557 0.399001
vt 0.125996 0.417186
vt 0.136557 0.411212
vt 0.136557 0.423238
vt 0.136557 0.411089
vt 0.136557 0.411120
vt 0.136557 0.411150
vt 0.147117 0.143375
vt 0.147117 0.131242
vt 0.834954 0.437303
vt 0.834954 0.433413
vt 0.847344 0.433413
vt 0.847344 0.437303
vt 0.859687 0.433413
vt 0.859687 0.437303
vt 0.136610 0.411120
vt 0.147118 0.405053
vt 0.147118 0.417186
vt 0.428075 0.583660
vt 0.428326 0.560797
vt 0.447943 0.553051
vt 0.453634 0.558082
vt 0.487069 0.523158
vt 0.478741 0.511724
vt 0.488670 0.511943
vt 0.492976 0.517149
vt 0.477518 0.501093
vt 0.484507 0.501044
vt 0.472626 0.523922
vt 0.479236 0.531031
vt 0.589916 -0.015206
vt 0.579216 -0.025717
vt 0.582216 -0.027527
vt 0.591662 -0.018254
vt 0.583194 -0.028117
vt 0.592287 -0.019258
vt 0.045417 0.541302
vt 0.040886 0.530376
vt 0.049752 0.527677
vt 0.054609 0.538540
vt 0.035729 0.518263
vt 0.044208 0.516482
vt 0.033302 0.504388
vt 0.041778 0.504175
vt 0.056450 0.526164
vt 0.058684 0.538029
vt 0.054484 0.514432
vt 0.053875 0.504035
vt 0.071248 0.514656
vt 0.067303 0.526738
vt 0.072510 0.503872
vt 0.064948 0.538256
vt 0.440323 0.546695
vt 0.427839 0.559032
vt 0.458312 0.521292
vt 0.465945 0.501173
vt 0.598059 -0.016176
vt 0.597263 -0.012946
vt 0.598324 -0.017262
vt 0.450758 0.582815
vt 0.458457 0.563348
vt 0.498667 0.531274
vt 0.498269 0.521355
vt 0.509342 0.532324
vt 0.509283 0.525337
vt 0.486422 0.537463
vt 0.619198 -0.015757
vt 0.604822 -0.011481
vt 0.604704 -0.014989
vt 0.617392 -0.018758
vt 0.604623 -0.016167
vt 0.616803 -0.019737
vt 0.493685 0.956384
vt 0.496496 0.969518
vt 0.514475 0.972292
vt 0.482915 0.957609
vt 0.504280 0.956892
vt 0.505601 0.969563
vt 0.514389 0.956978
vt 0.514935 0.969602
vt 0.493522 0.949362
vt 0.482014 0.953164
vt 0.504636 0.946330
vt 0.514182 0.945331
vt 0.491500 0.942545
vt 0.480726 0.947745
vt 0.503213 0.936923
vt 0.514079 0.935134
vt 0.452296 0.583481
vt 0.464475 0.570412
vt 0.489482 0.551866
vt 0.509460 0.543897
vt 0.591047 0.559529
vt 0.591846 0.582158
vt 0.565606 0.557211
vt 0.571188 0.552130
vt 0.539548 0.511275
vt 0.531435 0.522833
vt 0.525426 0.516919
vt 0.529634 0.511648
vt 0.540598 0.500648
vt 0.533614 0.500697
vt 0.545873 0.523379
vt 0.539407 0.530582
vt 0.629202 -0.055742
vt 0.633468 -0.041349
vt 0.629959 -0.041238
vt 0.626198 -0.053938
vt 0.628780 -0.041159
vt 0.625219 -0.053349
vt 0.978048 0.515434
vt 0.980906 0.497460
vt 0.969356 0.528370
vt 0.968633 0.517833
vt 0.978113 0.506329
vt 0.970182 0.507628
vt 0.978182 0.496994
vt 0.970738 0.497382
vt 0.961586 0.518342
vt 0.963952 0.529414
vt 0.960590 0.507404
vt 0.960203 0.497577
vt 0.954318 0.519324
vt 0.950144 0.507911
vt 0.948692 0.497691
vt 0.958816 0.530495
vt 0.591512 0.557867
vt 0.578688 0.545725
vt 0.560109 0.520551
vt 0.552163 0.500566
vt 0.631994 -0.033782
vt 0.628767 -0.034590
vt 0.627669 -0.034864
vt 0.569081 0.581747
vt 0.560901 0.562512
vt 0.519993 0.531119
vt 0.520215 0.521201
vt 0.532355 0.537117
vt 0.629711 -0.026445
vt 0.626669 -0.028199
vt 0.625674 -0.028820
vt 0.546251 0.956463
vt 0.533108 0.968167
vt 0.535240 0.955243
vt 0.524522 0.956217
vt 0.524203 0.968698
vt 0.535156 0.948386
vt 0.523800 0.945835
vt 0.536985 0.941672
vt 0.525013 0.936490
vt 0.547980 0.946646
vt 0.555041 0.569617
vt 0.567544 0.582404
vt 0.529603 0.551541
vt 0.546928 0.952036
vt 0.427499 0.442062
vt 0.426959 0.419197
vt 0.452841 0.444449
vt 0.447218 0.449554
vt 0.478592 0.490446
vt 0.486760 0.478897
vt 0.492751 0.484824
vt 0.488518 0.490089
vt 0.472307 0.478336
vt 0.478818 0.471137
vt 0.574936 -0.040103
vt 0.578445 -0.040220
vt 0.579624 -0.040300
vt 0.040215 0.477948
vt 0.044709 0.466944
vt 0.053944 0.469532
vt 0.049244 0.480520
vt 0.035274 0.490361
vt 0.043917 0.491819
vt 0.055996 0.481883
vt 0.058055 0.469980
vt 0.054257 0.493631
vt 0.066887 0.481113
vt 0.071051 0.493114
vt 0.064363 0.469642
vt 0.427036 0.443836
vt 0.439684 0.456010
vt 0.458029 0.481163
vt 0.576406 -0.047672
vt 0.579633 -0.046870
vt 0.580732 -0.046597
vt 0.449642 0.419759
vt 0.457594 0.439120
vt 0.498245 0.470620
vt 0.497986 0.480543
vt 0.508905 0.469417
vt 0.508943 0.476404
vt 0.485914 0.464605
vt 0.578683 -0.055013
vt 0.589193 -0.065718
vt 0.591003 -0.062719
vt 0.581728 -0.053264
vt 0.591594 -0.061741
vt 0.582724 -0.052645
vt 0.507626 0.029282
vt 0.489079 0.033330
vt 0.487114 0.042578
vt 0.476325 0.041558
vt 0.497931 0.032915
vt 0.497314 0.040748
vt 0.507156 0.032100
vt 0.507514 0.039554
vt 0.486772 0.049459
vt 0.475555 0.046908
vt 0.497832 0.050183
vt 0.507666 0.050122
vt 0.485926 0.056547
vt 0.474673 0.051959
vt 0.497474 0.060549
vt 0.507735 0.061703
vt 0.463514 0.431980
vt 0.451169 0.419073
vt 0.488776 0.450164
vt 0.508862 0.457845
vt 0.590708 0.418434
vt 0.590201 0.441066
vt 0.570449 0.448731
vt 0.564800 0.443726
vt 0.531125 0.478592
vt 0.539398 0.490035
vt 0.529480 0.489802
vt 0.525200 0.484591
vt 0.545550 0.477842
vt 0.538985 0.470730
vt 0.618506 -0.066272
vt 0.616755 -0.063227
vt 0.616128 -0.062224
vt 0.976825 0.478815
vt 0.967564 0.476892
vt 0.968461 0.466044
vt 0.977313 0.487721
vt 0.969486 0.487139
vt 0.960681 0.476584
vt 0.963075 0.465282
vt 0.960082 0.487707
vt 0.949761 0.487407
vt 0.953575 0.475771
vt 0.957982 0.464398
vt 0.578034 0.455034
vt 0.590687 0.442719
vt 0.559821 0.480470
vt 0.610353 -0.065313
vt 0.611152 -0.068543
vt 0.610087 -0.064228
vt 0.567946 0.419138
vt 0.560024 0.438488
vt 0.519570 0.470471
vt 0.519931 0.480383
vt 0.531845 0.464295
vt 0.603581 -0.070009
vt 0.603701 -0.066501
vt 0.603782 -0.065323
vt 0.525488 0.032260
vt 0.538341 0.040909
vt 0.527854 0.041673
vt 0.516438 0.032193
vt 0.517709 0.040137
vt 0.528339 0.048721
vt 0.539347 0.046288
vt 0.517459 0.049754
vt 0.529294 0.055974
vt 0.517940 0.060246
vt 0.540381 0.051390
vt 0.566399 0.418500
vt 0.554068 0.431460
vt 0.528893 0.449909
vt 0.586787 -0.030309
vt 0.594385 -0.022830
vt 0.599341 -0.021336
vt 0.604340 -0.020422
vt 0.614614 -0.023331
vt 0.624523 -0.040884
vt 0.621622 -0.051164
vt 0.623599 -0.035882
vt 0.622104 -0.030925
vt 0.583881 -0.040583
vt 0.584804 -0.045585
vt 0.593787 -0.058150
vt 0.586296 -0.050545
vt 0.614025 -0.058655
vt 0.609070 -0.060155
vt 0.604067 -0.061067
vt 0.572752 -0.106050
vt 0.584467 -0.105645
vt 0.579102 -0.096146
vt 0.578908 -0.114988
vt 0.568000 -0.114806
vt 0.516647 0.975807
vt 0.984562 0.499392
vt 0.568194 -0.095963
vt 0.562635 -0.105306
vt 0.502985 0.025611
vt 0.542999 -0.049355
vt 0.542999 -0.061689
vt 0.553502 -0.061689
vt 0.553502 -0.049355
vt 0.542999 -0.074022
vt 0.542999 -0.086356
vt 0.553502 -0.086356
vt 0.553502 -0.074022
vt 0.542999 0.036981
vt 0.542999 0.024647
vt 0.553502 0.024647
vt 0.553502 0.036981
vt 0.542999 -0.098690
vt 0.553502 -0.098690
vt 0.542999 -0.111023
vt 0.553502 -0.111023
vt 0.542999 -0.037021
vt 0.553502 -0.037021
vt 0.542999 -0.012354
vt 0.542999 -0.024688
vt 0.553502 -0.024688
vt 0.553502 -0.012354
vt 0.542999 0.012314
vt 0.553502 0.012314
vt 0.542999 -0.000020
vt 0.553502 -0.000020
vt 0.280711 0.123090
vt 0.280711 0.136166
vt 0.277868 0.136166
vt 0.277868 0.123090
vt 0.280711 0.149241
vt 0.277868 0.149241
vt 0.280711 0.162316
vt 0.277868 0.162316
vt 0.280711 0.175391
vt 0.277868 0.175391
vt 0.280711 0.188466
vt 0.277868 0.188466
vt 0.280711 0.201542
vt 0.277868 0.201542
vt 0.280711 0.214617
vt 0.277868 0.214617
vt 0.280711 0.227692
vt 0.277868 0.227692
vt 0.280711 0.070790
vt 0.280711 0.083865
vt 0.277868 0.083865
vt 0.277868 0.070790
vt 0.280711 0.096940
vt 0.277868 0.096940
vt 0.280711 0.110015
vt 0.277868 0.110015
vt 0.597013 0.732325
vt 0.597013 0.718470
vt 0.623220 0.718470
vt 0.623220 0.732325
vt 0.597013 0.760035
vt 0.597013 0.746180
vt 0.623220 0.746180
vt 0.623220 0.760035
vt 0.597013 0.635343
vt 0.597013 0.621488
vt 0.623220 0.621488
vt 0.623220 0.635342
vt 0.597013 0.773889
vt 0.623220 0.773889
vt 0.597013 0.787744
vt 0.623220 0.787744
vt 0.597013 0.704616
vt 0.623220 0.704616
vt 0.597013 0.690761
vt 0.597013 0.676906
vt 0.623220 0.676906
vt 0.623220 0.690761
vt 0.597013 0.649197
vt 0.623220 0.649197
vt 0.597013 0.663052
vt 0.623220 0.663052
vt 0.967995 0.281529
vt 0.945144 0.277656
vt 0.956841 0.209649
vt 0.973693 0.199060
vt 0.952088 0.363465
vt 0.921911 0.354079
vt 0.925314 0.444143
vt 0.891549 0.434904
vt 0.893298 0.611783
vt 0.863000 0.617713
vt 0.860982 0.582344
vt 0.886746 0.580147
vt 0.902080 0.668263
vt 0.867011 0.675225
vt 0.864208 0.652596
vt 0.896138 0.641569
vt 0.941894 0.081785
vt 0.959727 0.075431
vt 0.965557 0.090912
vt 0.947211 0.099503
vt 0.945493 0.039595
vt 0.953090 0.059332
vt 0.934781 0.062829
vt 0.924129 0.043246
vt 0.846911 -0.112465
vt 0.869908 -0.085075
vt 0.857515 -0.061803
vt 0.835118 -0.089373
vt 0.869927 0.791757
vt 0.894436 0.788622
vt 0.893103 0.870451
vt 0.871966 0.866147
vt 0.865885 0.939955
vt 0.892081 0.948122
vt 0.890161 0.976059
vt 0.861457 0.967739
vt 0.853446 1.086610
vt 0.827577 1.077275
vt 0.846317 1.027019
vt 0.872700 1.043768
vt 0.766258 1.158756
vt 0.751698 1.138451
vt 0.851224 0.426638
vt 0.878434 0.344366
vt 0.821270 0.410392
vt 0.845531 0.331790
vt 0.813545 0.317878
vt 0.792016 0.391109
vt 0.750454 0.364337
vt 0.766516 0.298259
vt 0.902096 0.270941
vt 0.864589 0.261662
vt 0.828806 0.251074
vt 0.779498 0.234527
vt 0.918482 0.208847
vt 0.878501 0.203673
vt 0.840406 0.195987
vt 0.790649 0.180727
vt 0.865716 0.084133
vt 0.861989 0.104229
vt 0.814366 0.088032
vt 0.818711 0.064029
vt 0.921182 0.088697
vt 0.927061 0.106602
vt 0.895204 0.107972
vt 0.893866 0.088807
vt 0.912368 0.070464
vt 0.900984 0.054821
vt 0.937681 0.020329
vt 0.912681 0.024693
vt 0.878468 -0.031530
vt 0.892440 -0.052196
vt 0.887943 0.039825
vt 0.844309 -0.005717
vt 0.894141 0.061125
vt 0.891942 0.069465
vt 0.878468 0.050820
vt 0.832241 0.015239
vt 0.807483 -0.048707
vt 0.825626 -0.027098
vt 0.957604 0.164962
vt 0.975138 0.160100
vt 0.926548 0.167958
vt 0.887202 0.166271
vt 0.848558 0.160628
vt 0.799867 0.145546
vt 0.810568 0.589669
vt 0.805836 0.622752
vt 0.801773 0.681371
vt 0.804159 0.655689
vt 0.750200 0.682458
vt 0.753823 0.654453
vt 0.759688 0.610998
vt 0.765992 0.578430
vt 0.700815 0.650934
vt 0.639120 0.643482
vt 0.648444 0.582064
vt 0.711081 0.595478
vt 0.695356 0.681620
vt 0.634342 0.678258
vt 0.709866 -0.174828
vt 0.706696 -0.150143
vt 0.626484 -0.156748
vt 0.629691 -0.189657
vt 0.622612 -0.101797
vt 0.699898 -0.093351
vt 0.696946 -0.049214
vt 0.618039 -0.055112
vt 0.694542 -0.012866
vt 0.613926 -0.018738
vt 0.690296 0.024729
vt 0.686160 0.053873
vt 0.606979 0.048912
vt 0.610004 0.018432
vt 0.597082 0.140071
vt 0.600766 0.105794
vt 0.678373 0.112463
vt 0.673654 0.147679
vt 0.591906 0.192780
vt 0.666063 0.201056
vt 0.657240 0.264169
vt 0.586495 0.256371
vt 0.648643 0.328627
vt 0.582019 0.323438
vt 0.499743 -0.162633
vt 0.499817 -0.198604
vt 0.499626 -0.107520
vt 0.499606 -0.062782
vt 0.499603 -0.025862
vt 0.499509 0.040918
vt 0.499557 0.011841
vt 0.499249 0.134065
vt 0.499367 0.099105
vt 0.499019 0.187696
vt 0.498694 0.252071
vt 0.498307 0.319256
vt 0.813245 0.792829
vt 0.820812 0.857271
vt 0.756861 0.851701
vt 0.752991 0.790734
vt 0.692606 0.852305
vt 0.632875 0.859125
vt 0.631490 0.799962
vt 0.692001 0.791684
vt 0.822413 0.930104
vt 0.758231 0.923098
vt 0.693105 0.922381
vt 0.636476 0.927443
vt 0.821109 0.958101
vt 0.758117 0.952669
vt 0.693807 0.953417
vt 0.638125 0.958529
vt 0.799482 1.067034
vt 0.811282 1.019577
vt 0.735193 1.111019
vt 0.759192 1.066461
vt 0.758398 1.021237
vt 0.717700 1.071468
vt 0.656146 1.079547
vt 0.646567 1.035835
vt 0.704460 1.027814
vt 0.671172 1.125263
vt 0.683508 1.156217
vt 0.699114 1.183388
vt 0.581276 0.568968
vt 0.576531 0.636851
vt 0.496475 0.635303
vt 0.496862 0.569340
vt 0.573166 0.673998
vt 0.496143 0.672657
vt 0.494517 0.872307
vt 0.494812 0.812881
vt 0.570790 0.809650
vt 0.572301 0.867060
vt 0.579312 0.933796
vt 0.493768 0.940995
vt 0.581784 0.964488
vt 0.493392 0.972125
vt 0.491651 1.096976
vt 0.492371 1.049667
vt 0.587535 1.042898
vt 0.593482 1.087803
vt 0.490782 1.144214
vt 0.602335 1.131661
vt 0.490132 1.173027
vt 0.611552 1.163580
vt 0.489170 1.204273
vt 0.629255 1.197186
vt 0.489225 1.215212
vt 0.624719 1.211362
vt 0.700543 1.195298
vt 0.772628 1.166878
vt 0.856536 1.095304
vt 0.881855 1.060455
vt 0.900819 0.947676
vt 0.896849 0.980012
vt 0.903330 0.868851
vt 0.906915 0.786207
vt 0.911391 0.665860
vt 0.906806 0.638033
vt 0.902323 0.608602
vt 0.894873 0.578038
vt 0.935058 0.447591
vt 0.959606 0.366249
vt 0.973227 0.282602
vt 0.983398 0.199404
vt 0.985554 0.159923
vt 0.965318 0.072667
vt 0.972529 0.089033
vt 0.950243 0.037186
vt 0.958617 0.056677
vt 0.942320 0.017932
vt 0.902821 -0.058185
vt 0.853447 -0.121900
vt 0.879034 -0.092770
vt 0.715063 -0.194830
vt 0.629557 -0.209447
vt 0.500241 -0.219478
vt 1.004050 0.213973
vt 0.993671 0.286917
vt 0.976746 0.369826
vt 0.952478 0.453058
vt 0.906942 0.585759
vt 0.911541 0.612850
vt 0.920432 0.640419
vt 0.923057 0.663581
vt 0.976481 0.067829
vt 0.983370 0.086388
vt 0.962889 0.026597
vt 0.970693 0.049189
vt 0.871059 -0.131361
vt 0.896837 -0.096389
vt 0.913371 0.788804
vt 0.913966 0.871013
vt 0.913171 0.948203
vt 0.909054 0.982261
vt 0.884089 1.062252
vt 0.873200 1.118138
vt 0.781043 1.185525
vt 0.953666 0.004983
vt 0.918341 -0.058568
vt 1.004398 0.163238
vt 0.630249 -0.220930
vt 0.716604 -0.203934
vt 0.500031 -0.227005
vt 0.702940 1.210062
vt 0.626111 1.223888
vt 0.489063 1.230174
vt 1.014605 0.212183
vt 1.006793 0.287487
vt 0.993987 0.371493
vt 0.969953 0.457399
vt 0.924531 0.585736
vt 0.928933 0.609809
vt 0.937374 0.637313
vt 0.940056 0.662573
vt 0.990322 0.069734
vt 0.997977 0.085826
vt 0.976312 0.023579
vt 0.983514 0.047412
vt 0.887019 -0.139587
vt 0.911321 -0.102459
vt 0.928854 0.792808
vt 0.923255 0.875017
vt 0.922306 0.950522
vt 0.917127 0.984084
vt 0.900494 1.058900
vt 0.889556 1.122610
vt 0.796572 1.195700
vt 0.932168 -0.063503
vt 0.967146 0.000847
vt 1.015018 0.158698
vt 0.641083 -0.237604
vt 0.730266 -0.218344
vt 0.500130 -0.247434
vt 0.715996 1.226411
vt 0.634862 1.246114
vt 0.488994 1.254567
vt 0.994884 0.114295
vt 1.007434 0.109210
vt 0.981662 0.118776
vt 0.972344 0.119967
vt 0.952545 0.123436
vt 0.929390 0.129197
vt 0.893598 0.130279
vt 0.856978 0.126372
vt 0.809122 0.110717
vt 0.604533 0.071613
vt 0.682986 0.077247
vt 0.499461 0.064140
vt 0.723505 0.554537
vt 0.667177 0.499607
vt 0.497106 0.519927
vt 0.583295 0.516024
vt 0.570153 0.708164
vt 0.495712 0.707763
vt 0.691182 0.712378
vt 0.630145 0.711655
vt 0.801173 0.706867
vt 0.748011 0.710509
vt 0.869349 0.697411
vt 0.903968 0.689344
vt 0.914098 0.687449
vt 0.922179 0.686119
vt 0.939520 0.687906
vt 0.583944 0.994994
vt 0.493006 1.002926
vt 0.696314 0.983521
vt 0.640517 0.989037
vt 0.818210 0.984379
vt 0.757894 0.980996
vt 0.855529 0.992847
vt 0.885406 1.005618
vt 0.892213 1.013061
vt 0.900667 1.017077
vt 0.910246 1.016049
vt 0.027036 0.274476
vt 0.022611 0.191996
vt 0.039624 0.200594
vt 0.050067 0.271039
vt 0.072188 0.347606
vt 0.041858 0.356512
vt 0.067200 0.437220
vt 0.101465 0.428686
vt 0.097230 0.605704
vt 0.104299 0.574022
vt 0.129879 0.576555
vt 0.127287 0.612053
vt 0.087277 0.662366
vt 0.093746 0.635565
vt 0.125399 0.647139
vt 0.122132 0.669966
vt 0.056393 0.076033
vt 0.050884 0.093540
vt 0.032714 0.084648
vt 0.038656 0.069439
vt 0.061077 0.015206
vt 0.086135 0.020002
vt 0.074469 0.038136
vt 0.053170 0.034202
vt 0.152794 -0.115209
vt 0.164412 -0.092452
vt 0.142826 -0.066019
vt 0.130180 -0.088393
vt 0.117877 0.786672
vt 0.115067 0.861265
vt 0.094448 0.863948
vt 0.093112 0.783073
vt 0.119569 0.935174
vt 0.097419 0.941263
vt 0.123457 0.962697
vt 0.097590 0.968847
vt 0.128956 1.080451
vt 0.115277 1.029397
vt 0.139065 1.020499
vt 0.155743 1.071954
vt 0.214639 1.153902
vt 0.229749 1.134009
vt 0.141896 0.421050
vt 0.115841 0.338589
vt 0.172093 0.405284
vt 0.148954 0.326552
vt 0.228514 0.294298
vt 0.243628 0.360407
vt 0.201644 0.386489
vt 0.181168 0.313167
vt 0.093251 0.265009
vt 0.130918 0.256352
vt 0.216430 0.230576
vt 0.166873 0.246355
vt 0.077900 0.202746
vt 0.117895 0.198328
vt 0.206002 0.176813
vt 0.156069 0.191284
vt 0.179625 0.060039
vt 0.183608 0.084087
vt 0.135856 0.099579
vt 0.132368 0.079517
vt 0.076975 0.083222
vt 0.104220 0.083714
vt 0.102639 0.102786
vt 0.070869 0.100942
vt 0.110732 0.035157
vt 0.097469 0.049939
vt 0.107016 -0.056373
vt 0.122279 -0.037390
vt 0.153916 -0.008870
vt 0.106329 0.064438
vt 0.086014 0.065241
vt 0.104519 0.056073
vt 0.165706 0.012073
vt 0.120121 0.046098
vt 0.188613 -0.047958
vt 0.171315 -0.028355
vt 0.022115 0.153243
vt 0.039452 0.158549
vt 0.070311 0.162058
vt 0.109732 0.160936
vt 0.197242 0.141619
vt 0.148431 0.155908
vt 0.180084 0.584287
vt 0.184317 0.617350
vt 0.187595 0.675764
vt 0.185523 0.650195
vt 0.235966 0.649138
vt 0.239276 0.676891
vt 0.224854 0.573479
vt 0.230689 0.605938
vt 0.350792 0.639459
vt 0.342492 0.578633
vt 0.409943 0.566975
vt 0.413644 0.634518
vt 0.354975 0.673541
vt 0.416354 0.671490
vt 0.290030 -0.176908
vt 0.370368 -0.191231
vt 0.373361 -0.158253
vt 0.293120 -0.152243
vt 0.376863 -0.103225
vt 0.299604 -0.095475
vt 0.381082 -0.056490
vt 0.302198 -0.051377
vt 0.384892 -0.020080
vt 0.304286 -0.015063
vt 0.308173 0.022507
vt 0.388466 0.017113
vt 0.391196 0.047607
vt 0.312013 0.051643
vt 0.400090 0.138803
vt 0.323470 0.145405
vt 0.319172 0.110194
vt 0.396804 0.104514
vt 0.404620 0.191524
vt 0.330367 0.198778
vt 0.409200 0.255117
vt 0.338335 0.261880
vt 0.346034 0.326317
vt 0.412764 0.322165
vt 0.174720 0.789000
vt 0.166153 0.853177
vt 0.234890 0.788805
vt 0.230024 0.849022
vt 0.353583 0.858851
vt 0.355528 0.801230
vt 0.416313 0.809713
vt 0.414170 0.866856
vt 0.163259 0.925689
vt 0.227546 0.919819
vt 0.349079 0.926263
vt 0.406174 0.933146
vt 0.164207 0.953422
vt 0.227262 0.949142
vt 0.403196 0.963656
vt 0.346960 0.957060
vt 0.173654 1.014408
vt 0.183984 1.062214
vt 0.246951 1.107053
vt 0.225981 1.017299
vt 0.224135 1.062320
vt 0.265369 1.068030
vt 0.326636 1.077118
vt 0.337135 1.033769
vt 0.395960 1.041672
vt 0.389054 1.086349
vt 0.310569 1.122336
vt 0.379205 1.129954
vt 0.297478 1.152863
vt 0.369234 1.161656
vt 0.350747 1.194924
vt 0.281155 1.179476
vt 0.354938 1.209180
vt 0.279491 1.191827
vt 0.208531 1.162064
vt 0.128357 1.087065
vt 0.106709 1.049623
vt 0.086504 0.942742
vt 0.089576 0.974051
vt 0.084557 0.862867
vt 0.081601 0.780890
vt 0.078039 0.659704
vt 0.083163 0.631789
vt 0.088311 0.602382
vt 0.096245 0.571810
vt 0.057477 0.440470
vt 0.034297 0.359186
vt 0.021783 0.275447
vt 0.012977 0.192108
vt 0.011737 0.152761
vt 0.025800 0.082627
vt 0.033085 0.066627
vt 0.056468 0.012759
vt 0.048447 0.031760
vt 0.096782 -0.062742
vt 0.146532 -0.124566
vt 0.121239 -0.096068
vt 0.284849 -0.196899
vt 0.370646 -0.211052
vt 0.001262 0.279381
vt -0.007947 0.206195
vt 0.017095 0.362488
vt 0.039978 0.445896
vt 0.079023 0.606471
vt 0.084199 0.579434
vt 0.066431 0.657094
vt 0.069486 0.633840
vt 0.015053 0.079712
vt 0.021931 0.061734
vt 0.035968 0.021125
vt 0.045354 -0.000305
vt 0.103445 -0.099626
vt 0.129093 -0.134056
vt 0.074248 0.863899
vt 0.074987 0.779966
vt 0.076439 0.942418
vt 0.079399 0.975349
vt 0.109063 1.109835
vt 0.101757 1.055373
vt 0.199482 1.179687
vt 0.082232 -0.062526
vt -0.007139 0.155542
vt 0.283300 -0.205990
vt 0.370060 -0.222567
vt 0.353242 1.221679
vt 0.276509 1.205857
vt -0.012391 0.281435
vt -0.019978 0.206249
vt -0.000270 0.365341
vt 0.021773 0.451331
vt 0.059687 0.603495
vt 0.065079 0.579523
vt 0.047423 0.655377
vt 0.050686 0.630718
vt -0.002506 0.077558
vt 0.004256 0.059388
vt 0.018720 0.013867
vt 0.028320 -0.008399
vt 0.089015 -0.111264
vt 0.116721 -0.147981
vt 0.060119 0.867479
vt 0.053911 0.784956
vt 0.063604 0.943771
vt 0.068021 0.978089
vt 0.095493 1.122174
vt 0.081551 1.059054
vt 0.188938 1.195888
vt 0.065739 -0.072433
vt -0.019817 0.152682
vt 0.277804 -0.224102
vt 0.367674 -0.240937
vt 0.352000 1.245966
vt 0.270172 1.226936
vt 0.003283 0.107023
vt -0.011658 0.102487
vt 0.016322 0.111906
vt 0.025559 0.113327
vt 0.045206 0.117247
vt 0.068194 0.123391
vt 0.103913 0.125026
vt 0.188738 0.106697
vt 0.140575 0.121674
vt 0.314931 0.075008
vt 0.393409 0.070318
vt 0.325006 0.496457
vt 0.408739 0.514234
vt 0.418641 0.705651
vt 0.358589 0.705760
vt 0.187990 0.701101
vt 0.241220 0.704584
vt 0.119317 0.692427
vt 0.084960 0.683741
vt 0.074827 0.681481
vt 0.066812 0.679687
vt 0.046906 0.680148
vt 0.400489 0.993999
vt 0.344060 0.987322
vt 0.166899 0.979414
vt 0.227116 0.977246
vt 0.129295 0.987406
vt 0.102907 0.999737
vt 0.094430 1.006293
vt 0.085410 1.010724
vt 0.073120 1.012233
vt 0.860154 0.543289
vt 0.860456 0.537356
vt 0.890571 0.531216
vt 0.889716 0.535989
vt 0.861349 0.530584
vt 0.891901 0.526397
vt 0.679605 0.399270
vt 0.680660 0.404412
vt 0.639639 0.406715
vt 0.639613 0.400409
vt 0.681845 0.409427
vt 0.640690 0.413065
vt 0.689620 0.403186
vt 0.684645 0.401069
vt 0.699437 0.335618
vt 0.705259 0.337351
vt 0.693567 0.334092
vt 0.755481 0.066401
vt 0.748960 0.064624
vt 0.754638 0.032162
vt 0.761251 0.033168
vt 0.742804 0.063272
vt 0.748463 0.031445
vt 0.130062 0.524674
vt 0.130879 0.531460
vt 0.100739 0.524879
vt 0.099437 0.520031
vt 0.131126 0.537403
vt 0.101581 0.529687
vt 0.230943 -0.143323
vt 0.226096 -0.141802
vt 0.222081 -0.160650
vt 0.226577 -0.162026
vt 0.221331 -0.139524
vt 0.217655 -0.158537
vt 0.292913 0.423364
vt 0.298837 0.428340
vt 0.280481 0.448151
vt 0.275984 0.443327
vt 0.287666 0.417675
vt 0.272121 0.437933
vt 0.311658 0.406468
vt 0.312894 0.401445
vt 0.353939 0.404379
vt 0.352785 0.410728
vt 0.314065 0.396272
vt 0.354062 0.398120
vt 0.273270 0.157232
vt 0.267304 0.158570
vt 0.260898 0.122741
vt 0.266963 0.121290
vt 0.261379 0.160061
vt 0.254832 0.124345
vt 0.806581 -0.111925
vt 0.816172 -0.134488
vt 0.832519 0.524864
vt 0.794277 0.503802
vt 0.758347 0.477393
vt 0.720807 0.441677
vt 0.705715 0.421059
vt 0.728437 0.349843
vt 0.741333 0.287424
vt 0.752818 0.225100
vt 0.763108 0.171722
vt 0.799896 0.082703
vt 0.785399 0.077265
vt 0.791235 0.047627
vt 0.804911 0.056070
vt 0.815145 -0.000648
vt 0.798354 -0.016741
vt 0.786192 -0.068003
vt 0.771430 0.136320
vt 0.828112 0.539810
vt 0.788046 0.518250
vt 0.653171 0.455350
vt 0.694248 0.431660
vt 0.712210 0.451940
vt 0.751335 0.490166
vt 0.704106 0.273788
vt 0.714383 0.212756
vt 0.723707 0.160178
vt 0.730532 0.124247
vt 0.751368 -0.044640
vt 0.752068 -0.006943
vt 0.753884 -0.086309
vt 0.768844 -0.140864
vt 0.773335 -0.159693
vt 0.575911 0.397002
vt 0.579811 0.463540
vt 0.497871 0.398914
vt 0.497441 0.464127
vt 0.900342 0.534221
vt 0.902842 0.527453
vt 0.822351 -0.146891
vt 0.776214 -0.169604
vt 0.918915 0.534779
vt 0.916620 0.541632
vt 0.836326 -0.157756
vt 0.785525 -0.182377
vt 0.936010 0.538821
vt 0.932822 0.547012
vt 0.853329 -0.169368
vt 0.799912 -0.196323
vt 0.781383 0.095455
vt 0.794793 0.105842
vt 0.765329 0.095779
vt 0.737886 0.087781
vt 0.183457 -0.137186
vt 0.193260 -0.114200
vt 0.159039 0.519351
vt 0.197653 0.498813
vt 0.234021 0.472979
vt 0.265861 0.346285
vt 0.253867 0.283858
vt 0.243272 0.221543
vt 0.237175 0.167129
vt 0.198046 0.078924
vt 0.193754 0.052233
vt 0.207692 0.043878
vt 0.212659 0.073620
vt 0.197099 -0.017577
vt 0.181558 -0.002622
vt 0.211972 -0.069224
vt 0.211398 0.137287
vt 0.224150 0.125087
vt 0.240401 0.128549
vt 0.216189 -0.033007
vt 0.163230 0.534316
vt 0.203669 0.513244
vt 0.339684 0.452649
vt 0.267755 0.550228
vt 0.240836 0.485696
vt 0.301021 0.331088
vt 0.291310 0.270796
vt 0.281857 0.209790
vt 0.250088 0.028535
vt 0.255472 0.060342
vt 0.247672 -0.047230
vt 0.246776 -0.009755
vt 0.245706 -0.088942
vt 0.417854 0.395705
vt 0.412996 0.461992
vt 0.090952 0.527809
vt 0.088398 0.520866
vt 0.177051 -0.149823
vt 0.223741 -0.171861
vt 0.071951 0.527705
vt 0.074567 0.535275
vt 0.164382 -0.159497
vt 0.214509 -0.184527
vt 0.053623 0.532726
vt 0.056522 0.540999
vt 0.152366 -0.176934
vt 0.207065 -0.202268
vt 0.217641 0.097397
vt 0.203243 0.101991
vt 0.259942 0.084861
vt 0.830681 0.532106
vt 0.901815 0.530980
vt 0.778393 -0.136930
vt 0.773667 -0.139282
vt 0.777835 -0.158283
vt 0.782272 -0.156133
vt 0.780518 -0.167841
vt 0.784692 -0.166080
vt 0.791154 0.510725
vt 0.754605 0.483704
vt 0.716885 0.447029
vt 0.700326 0.426745
vt 0.710039 0.275247
vt 0.715891 0.277122
vt 0.720335 0.214284
vt 0.726236 0.216006
vt 0.729683 0.161605
vt 0.735613 0.163186
vt 0.736605 0.125784
vt 0.742675 0.127473
vt 0.756606 -0.044135
vt 0.762594 -0.042804
vt 0.764459 -0.005364
vt 0.757848 -0.006019
vt 0.758837 -0.085261
vt 0.763956 -0.083119
vt 0.744117 0.089281
vt 0.750361 0.090989
vt 0.575677 0.403217
vt 0.575860 0.409430
vt 0.497847 0.404052
vt 0.497807 0.409197
vt 0.917590 0.538041
vt 0.791317 -0.179958
vt 0.797168 -0.177420
vt 0.933993 0.542830
vt 0.806592 -0.193280
vt 0.813476 -0.189752
vt 0.089429 0.524434
vt 0.240761 -0.087962
vt 0.235658 -0.085910
vt 0.219429 -0.170121
vt 0.215257 -0.168375
vt 0.160766 0.526593
vt 0.200669 0.505738
vt 0.237673 0.479300
vt 0.309054 0.398062
vt 0.295115 0.332524
vt 0.304161 0.400113
vt 0.289233 0.334175
vt 0.285353 0.272167
vt 0.279468 0.273953
vt 0.275903 0.211225
vt 0.269997 0.212852
vt 0.249255 0.061625
vt 0.243867 0.029185
vt 0.242734 0.063312
vt 0.237050 0.030103
vt 0.242428 -0.046721
vt 0.236450 -0.045370
vt 0.253645 0.086298
vt 0.247373 0.087932
vt 0.240979 -0.008927
vt 0.234244 -0.008390
vt 0.418002 0.401912
vt 0.417730 0.408100
vt 0.073334 0.531354
vt 0.208732 -0.182134
vt 0.202902 -0.179576
vt 0.055366 0.536794
vt 0.199957 -0.199268
vt 0.193028 -0.196276
vt 0.685931 0.406686
vt 0.683836 0.404106
vt 0.309697 0.401022
vt 0.307729 0.403609
vt 0.869597 0.743681
vt 0.868298 0.739220
vt 0.900131 0.725119
vt 0.898413 0.731969
vt 0.868374 0.736997
vt 0.897105 0.721021
vt 0.117439 0.728218
vt 0.117851 0.730861
vt 0.090752 0.719692
vt 0.090245 0.716719
vt 0.118042 0.736719
vt 0.090168 0.723221
vt 0.361472 0.761719
vt 0.364548 0.750147
vt 0.421898 0.755801
vt 0.420508 0.767343
vt 0.362415 0.737240
vt 0.421274 0.743123
vt 0.806321 0.741190
vt 0.748985 0.743084
vt 0.689051 0.743118
vt 0.625787 0.745720
vt 0.807718 0.747999
vt 0.750127 0.748688
vt 0.625873 0.757634
vt 0.688973 0.750181
vt 0.566194 0.744657
vt 0.495182 0.745814
vt 0.494961 0.772500
vt 0.566487 0.767936
vt 0.913990 0.724311
vt 0.913901 0.718561
vt 0.919142 0.717157
vt 0.917750 0.725100
vt 0.938475 0.722800
vt 0.936590 0.733433
vt 0.182925 0.736148
vt 0.240059 0.737154
vt 0.181359 0.745627
vt 0.239456 0.748123
vt 0.075420 0.717553
vt 0.073017 0.711524
vt 0.069894 0.710198
vt 0.069601 0.717900
vt 0.047101 0.714156
vt 0.048001 0.724635
vt 0.806090 0.744331
vt 0.916224 0.720697
vt 0.749717 0.745745
vt 0.688757 0.747007
vt 0.624608 0.752281
vt 0.564779 0.757027
vt 0.495048 0.759451
vt 0.917966 0.720847
vt 0.936495 0.728327
vt 0.072699 0.713927
vt 0.180085 0.740238
vt 0.238901 0.742214
vt 0.070359 0.714233
vt 0.048230 0.719588
vt 0.870965 0.064195
vt 0.823861 0.039910
vt 0.795741 0.017870
vt 0.809624 0.029132
vt 0.221887 0.036388
vt 0.227564 0.068347
vt 0.232231 0.092511
vt 0.770663 0.071682
vt 0.776621 0.039762
vt 0.780992 -0.031154
vt 0.780683 0.004249
vt 0.202954 0.014372
vt 0.188987 0.025429
vt 0.174589 0.035952
vt 0.127384 0.059592
vt 0.217561 0.001361
vt 0.027863 0.043415
vt 0.010913 0.037034
vt 0.039897 0.050931
vt 0.045403 0.053625
vt 0.063667 0.057359
vt 0.279571 0.591055
vt 0.289032 0.646189
vt 0.294066 0.676710
vt 0.297833 0.707407
vt 0.299688 0.739989
vt 0.300023 0.744343
vt 0.299648 0.749633
vt 0.295646 0.790707
vt 0.294135 0.850834
vt 0.292605 0.920276
vt 0.291442 0.951054
vt 0.288466 0.980909
vt 0.279539 1.024818
vt 0.590190 0.432287
vt 0.513590 0.428369
vt 0.513448 0.412829
vt 0.594901 0.415930
vt 0.464424 0.425447
vt 0.451692 0.425642
vt 0.450726 0.408456
vt 0.463313 0.408557
vt -0.609526 0.433768
vt -0.668819 0.438743
vt -0.665778 0.422130
vt -0.606580 0.416715
vt 0.682086 0.439211
vt 0.637678 0.435844
vt 0.639347 0.419770
vt 0.679640 0.422710
vt 0.431535 0.427189
vt 0.429054 0.409738
vt 0.365982 0.428903
vt 0.289341 0.430884
vt 0.289747 0.414714
vt 0.365145 0.408459
vt 0.209653 0.435720
vt 0.210740 0.419592
vt 0.126476 0.442799
vt 0.126109 0.423531
vt 0.031385 0.443208
vt 0.030449 0.424892
vt -0.022522 0.433378
vt -0.025074 0.416723
vt -0.064684 0.432082
vt -0.065113 0.415663
vt -0.099168 0.430976
vt -0.099310 0.414615
vt -0.130389 0.435931
vt -0.164989 0.434327
vt -0.164967 0.419045
vt -0.131147 0.419033
vt -0.200993 0.438620
vt -0.236921 0.432908
vt -0.238632 0.416105
vt -0.199508 0.420714
vt -0.273669 0.435009
vt -0.357619 0.427361
vt -0.361276 0.410028
vt -0.276640 0.419272
vt -0.433947 0.421338
vt -0.434055 0.403657
vt -0.462665 0.421812
vt -0.490157 0.423290
vt -0.482393 0.402309
vt -0.458498 0.401496
vt -0.516413 0.424959
vt -0.516014 0.409362
vt -0.556466 0.427095
vt -0.555944 0.410696
vt 0.840843 0.432862
vt 0.772416 0.431909
vt 0.766523 0.415147
vt 0.836248 0.411458
vt -0.744894 0.438713
vt -0.821073 0.438241
vt -0.819782 0.422277
vt -0.742132 0.422717
vt -0.956526 0.431912
vt -0.955489 0.416234
vt 1.042604 0.428739
vt 0.917768 0.429906
vt 0.918316 0.411019
vt 1.043242 0.413599
vt 0.495360 0.426415
vt 0.476903 0.426026
vt 0.476873 0.409544
vt 0.494977 0.410823
vt 0.398720 0.428425
vt 0.397443 0.409371
vt 0.720148 0.433304
vt 0.718177 0.418077
vt 1.573004 0.420105
vt 1.496067 0.425596
vt 1.491225 0.409139
vt 1.572858 0.404545
vt 1.623773 0.416391
vt 1.608458 0.416823
vt 1.610606 0.401011
vt 1.623922 0.399397
vt 2.700523 0.412516
vt 2.645205 0.407971
vt 2.645167 0.392118
vt 2.700090 0.397447
vt 1.450811 0.432741
vt 1.407568 0.435297
vt 1.407970 0.418699
vt 1.448133 0.416811
vt 1.660610 0.417576
vt 1.638642 0.416481
vt 1.636735 0.399092
vt 1.658474 0.400332
vt 1.803162 0.422420
vt 1.723826 0.417424
vt 1.725711 0.400925
vt 1.801653 0.406306
vt 1.881752 0.425608
vt 1.879055 0.409653
vt 1.964759 0.427617
vt 1.963475 0.410500
vt 2.059225 0.423103
vt 2.060268 0.402928
vt 2.111129 0.411939
vt 2.113436 0.394986
vt 2.153463 0.410298
vt 2.152316 0.394095
vt 2.189210 0.409279
vt 2.187661 0.392875
vt 2.252087 0.412208
vt 2.220396 0.411885
vt 2.220502 0.395559
vt 2.251100 0.396644
vt 2.325637 0.412442
vt 2.290059 0.419014
vt 2.287817 0.402352
vt 2.327312 0.395634
vt 2.447346 0.404404
vt 2.361684 0.413517
vt 2.364955 0.396867
vt 2.449269 0.387671
vt 2.523085 0.399884
vt 2.522995 0.382640
vt 2.550287 0.401228
vt 2.546115 0.384269
vt 2.604396 0.405328
vt 2.579274 0.401751
vt 2.572422 0.386489
vt 2.603548 0.389550
vt 1.311434 0.431780
vt 1.246074 0.429671
vt 1.249748 0.411433
vt 1.317408 0.415062
vt 2.833264 0.421101
vt 2.758682 0.419538
vt 2.754570 0.403700
vt 2.829617 0.405287
vt 3.042903 0.413997
vt 2.909652 0.421259
vt 2.906350 0.405578
vt 3.042135 0.398302
vt 1.165623 0.426626
vt 1.166478 0.410012
vt 1.590374 0.418728
vt 1.591732 0.403127
vt 1.692690 0.417791
vt 1.691899 0.401136
vt 1.359501 0.433539
vt 1.362689 0.416880
s 1
usemtl Upholstery_mtl_#0
f 973/1201/1740 1374/1202/1740 505/1203/1740
f 505/1203/1741 1563/1204/1741 973/1201/1741
f 1374/1202/1742 973/1201/1742 360/1205/1742
f 360/1205/1743 165/1206/1743 1374/1202/1743
f 158/1207/1744 847/1208/1744 165/1206/1744
f 165/1206/1745 360/1205/1745 158/1207/1745
f 1359/1209/1746 1342/1210/1746 886/1211/1746
f 886/1211/1747 1808/1212/1747 1359/1209/1747
f 325/1213/1748 1167/1214/1748 1866/1215/1748
f 1866/1215/1749 1312/1216/1749 325/1213/1749
f 681/1217/1750 730/1218/1751 81/1219/1752
f 81/1219/1752 1139/1220/1753 681/1217/1750
f 1142/1221/1754 708/1222/1754 1850/1223/1754
f 1850/1223/1755 1708/1224/1755 1142/1221/1755
f 138/1225/1756 117/1226/1756 796/1227/1756
f 796/1227/1757 1519/1228/1757 138/1225/1757
f 1358/1229/1758 1724/1230/1758 621/1231/1758
f 621/1231/1759 1509/1232/1759 1358/1229/1759
f 1182/1233/1760 1509/1232/1760 621/1231/1760
f 621/1231/1761 468/1234/1761 1182/1233/1761
f 468/1234/1762 972/1235/1762 582/1236/1762
f 582/1236/1763 1182/1233/1763 468/1234/1763
f 752/1237/1764 980/1238/1764 1628/1239/1764
f 1628/1239/1765 1321/1240/1765 752/1237/1765
f 851/1241/1766 1092/1242/1767 980/1238/1768
f 980/1238/1769 752/1237/1769 851/1241/1769
f 1893/1243/1770 456/1244/1770 165/1206/1770
f 165/1206/1771 847/1208/1771 1893/1243/1771
f 1618/1245/1772 474/1246/1772 456/1244/1772
f 456/1244/1773 1893/1243/1773 1618/1245/1773
f 1791/1247/1774 2014/1248/1774 1792/1249/1774
f 1792/1249/1775 537/1250/1775 1791/1247/1775
f 653/1251/1776 1374/1202/1777 165/1206/1778
f 165/1206/1778 456/1244/1779 653/1251/1776
f 4/1252/1780 653/1251/1780 456/1244/1780
f 456/1244/1781 474/1246/1781 4/1252/1781
f 305/1253/1782 1791/1247/1782 537/1250/1782
f 537/1250/1783 623/1254/1784 305/1253/1785
f 653/1251/1786 283/1255/1787 505/1203/1788
f 505/1203/1789 1374/1202/1789 653/1251/1789
f 909/1256/1790 283/1255/1791 653/1251/1792
f 653/1251/1793 4/1252/1793 909/1256/1793
f 1172/1257/1784 305/1253/1785 623/1254/1784
f 623/1254/1784 1557/1258/1794 1172/1257/1784
f 1173/1259/1795 890/1260/1795 736/1261/1795
f 736/1261/1796 1415/1262/1796 1173/1259/1796
f 1636/1263/1797 611/1264/1798 1131/1265/1799
f 1131/1265/1799 1151/1266/1800 1636/1263/1797
f 1636/1263/1801 681/1217/1801 1139/1220/1801
f 1139/1220/1802 611/1264/1802 1636/1263/1802
f 1708/1224/1803 1850/1223/1803 1157/1267/1803
f 1157/1267/1804 1164/1268/1804 1708/1224/1804
f 1816/1269/1805 370/1270/1805 109/1271/1805
f 109/1271/1806 100/1272/1806 1816/1269/1806
f 370/1270/1807 1707/1273/1807 955/1274/1807
f 955/1274/1808 109/1271/1808 370/1270/1808
f 1386/1275/1809 1164/1268/1810 1157/1267/1811
f 1157/1267/1812 652/1276/1812 1386/1275/1812
f 1707/1273/1813 631/1277/1813 504/1278/1813
f 504/1278/1814 955/1274/1815 1707/1273/1816
f 1911/1279/1817 1519/1228/1817 796/1227/1817
f 796/1227/1818 1434/1280/1819 1911/1279/1820
f 505/1203/1821 1299/1281/1821 1669/1282/1821
f 1669/1282/1822 1563/1204/1822 505/1203/1822
f 283/1255/1823 270/1283/1823 1299/1281/1823
f 1299/1281/1824 505/1203/1788 283/1255/1787
f 1993/1284/1825 270/1283/1825 283/1255/1825
f 283/1255/1791 909/1256/1790 1993/1284/1826
f 1739/1285/1827 1172/1257/1827 1557/1258/1827
f 1557/1258/1828 1789/1286/1828 1739/1285/1828
f 1743/1287/1829 886/1211/1829 1342/1210/1829
f 1342/1210/1830 186/1288/1830 1743/1287/1830
f 98/1289/1831 1411/1290/1831 1866/1215/1831
f 1866/1215/1832 1167/1214/1832 98/1289/1832
f 98/1289/1833 1421/1291/1833 1588/1292/1833
f 1588/1292/1834 1411/1290/1834 98/1289/1834
f 186/1288/1835 375/1293/1835 1452/1294/1835
f 1452/1294/1836 1743/1287/1836 186/1288/1836
f 683/1295/1837 232/1296/1838 1034/1297/1839
f 1034/1297/1839 792/1298/1840 683/1295/1837
f 324/1299/1841 1367/1300/1842 232/1296/1838
f 232/1296/1838 683/1295/1837 324/1299/1841
f 1468/1301/1843 410/1302/1843 217/1303/1843
f 217/1303/1844 1488/1304/1844 1468/1301/1844
f 979/1305/1845 217/1303/1845 410/1302/1845
f 410/1302/1846 800/1306/1846 979/1305/1846
f 979/1305/1847 800/1306/1847 1479/1307/1847
f 1479/1307/1848 1749/1308/1848 979/1305/1848
f 1749/1308/1849 1479/1307/1849 635/1309/1849
f 635/1309/1850 1048/1310/1850 1749/1308/1850
f 1549/1311/1851 108/1312/1852 832/1313/1853
f 832/1313/1854 1482/1314/1854 1549/1311/1854
f 1006/1315/1855 2013/1316/1855 1778/1317/1855
f 1778/1317/1856 1823/1318/1857 1006/1315/1858
f 1671/1319/1859 1006/1315/1858 1823/1318/1857
f 1823/1318/1857 60/1320/1860 1671/1319/1859
f 60/1320/1861 617/1321/1862 1747/1322/1863
f 1747/1322/1864 1671/1319/1864 60/1320/1864
f 864/1323/1865 29/1324/1866 1747/1322/1867
f 1747/1322/1863 617/1321/1862 864/1323/1868
f 1488/1304/1869 217/1303/1869 426/1325/1870
f 426/1325/1870 1418/1326/1870 1488/1304/1869
f 807/1327/1871 426/1325/1872 217/1303/1873
f 217/1303/1873 979/1305/1874 807/1327/1871
f 807/1327/1875 979/1305/1875 1749/1308/1875
f 1749/1308/1876 1995/1328/1876 807/1327/1876
f 1995/1328/1877 1749/1308/1877 1048/1310/1877
f 1048/1310/1878 306/1329/1878 1995/1328/1878
f 2025/1330/1879 654/1331/1879 1482/1314/1879
f 1482/1314/1880 832/1313/1880 2025/1330/1880
f 974/1332/1881 1784/1333/1881 2013/1316/1881
f 2013/1316/1882 1006/1315/1882 974/1332/1882
f 1920/1334/1883 974/1332/1884 1006/1315/1885
f 1006/1315/1885 1671/1319/1886 1920/1334/1883
f 1671/1319/1887 1747/1322/1888 580/1335/1889
f 580/1335/1889 1920/1334/1890 1671/1319/1887
f 29/1324/1891 199/1336/1891 580/1335/1891
f 580/1335/1892 1747/1322/1892 29/1324/1892
f 943/1337/1893 1358/1229/1893 1509/1232/1893
f 1509/1232/1894 1845/1338/1894 943/1337/1894
f 1845/1338/1895 48/1339/1895 169/1340/1895
f 169/1340/1896 943/1337/1896 1845/1338/1896
f 840/1341/1897 1407/1342/1897 240/1343/1897
f 240/1343/1898 174/1344/1898 840/1341/1898
f 1182/1233/1899 776/1345/1899 1845/1338/1899
f 1845/1338/1900 1509/1232/1900 1182/1233/1900
f 776/1345/1901 1211/1346/1901 48/1339/1901
f 48/1339/1902 1845/1338/1902 776/1345/1902
f 1565/1347/1903 636/1348/1903 1407/1342/1903
f 1407/1342/1904 840/1341/1904 1565/1347/1904
f 1182/1233/1905 582/1236/1905 1096/1349/1905
f 1096/1349/1906 776/1345/1906 1182/1233/1906
f 776/1345/1907 1096/1349/1907 493/1350/1907
f 493/1350/1908 1211/1346/1908 776/1345/1908
f 1565/1347/1909 529/1351/1909 1584/1352/1909
f 1584/1352/1910 636/1348/1910 1565/1347/1910
f 980/1238/1911 910/1353/1911 1806/1354/1911
f 1806/1354/1912 1628/1239/1912 980/1238/1912
f 1092/1242/1913 1550/1355/1913 910/1353/1913
f 910/1353/1914 980/1238/1914 1092/1242/1914
f 910/1353/1915 1406/1356/1915 1901/1357/1915
f 1901/1357/1916 1806/1354/1916 910/1353/1916
f 1550/1355/1917 526/1358/1917 1406/1356/1917
f 1406/1356/1918 910/1353/1918 1550/1355/1918
f 526/1358/1919 1536/1359/1920 1222/1360/1921
f 1222/1360/1922 501/1361/1922 526/1358/1922
f 1550/1355/1923 543/1362/1923 1536/1359/1923
f 1536/1359/1924 526/1358/1924 1550/1355/1924
f 1092/1242/1925 9/1363/1925 543/1362/1925
f 543/1362/1926 1550/1355/1926 1092/1242/1926
f 1699/1364/1927 9/1363/1928 1092/1242/1929
f 1092/1242/1767 851/1241/1766 1699/1364/1930
f 942/1365/1931 224/1366/1932 1459/1367/1933
f 1459/1367/1934 1308/1368/1934 942/1365/1934
f 1459/1367/1933 224/1366/1932 1333/1369/1935
f 1333/1369/1935 409/1370/1936 1459/1367/1933
f 1616/1371/1937 1532/1372/1938 1533/1373/1939
f 1533/1373/1939 85/1374/1940 1616/1371/1937
f 421/1375/1941 806/1376/1941 1616/1371/1941
f 1616/1371/1942 85/1374/1943 421/1375/1944
f 421/1375/1945 1886/1377/1945 1028/1378/1945
f 1028/1378/1946 806/1376/1946 421/1375/1946
f 1439/1379/1947 2047/1380/1947 170/1381/1947
f 170/1381/1948 111/1382/1948 1439/1379/1948
f 112/1383/1949 1439/1379/1949 111/1382/1949
f 111/1382/1950 113/1384/1950 112/1383/1950
f 1672/1385/1951 112/1383/1951 113/1384/1951
f 113/1384/1952 1741/1386/1952 1672/1385/1952
f 1217/1387/1953 1672/1385/1954 1741/1386/1955
f 1741/1386/1956 868/1388/1957 1217/1387/1958
f 1181/1389/1959 1217/1387/1959 868/1388/1959
f 868/1388/1960 2042/1390/1960 1181/1389/1960
f 1833/1391/1961 1699/1364/1961 851/1241/1961
f 851/1241/1962 1289/1392/1962 1833/1391/1962
f 1289/1392/1963 851/1241/1963 752/1237/1963
f 752/1237/1964 1461/1393/1964 1289/1392/1964
f 1461/1393/1965 752/1237/1966 1321/1240/1967
f 1321/1240/1967 1152/1394/1968 1461/1393/1965
f 1895/1395/1969 1436/1396/1969 972/1235/1969
f 972/1235/1970 468/1234/1970 1895/1395/1970
f 621/1231/1971 930/1397/1971 1895/1395/1971
f 1895/1395/1972 468/1234/1972 621/1231/1972
f 1724/1230/1973 1685/1398/1974 930/1397/1975
f 930/1397/1975 621/1231/1976 1724/1230/1973
f 341/1399/1977 325/1213/1977 1312/1216/1977
f 1312/1216/1978 21/1400/1978 341/1399/1978
f 1300/1401/1979 1359/1209/1980 1808/1212/1981
f 1808/1212/1982 970/1402/1982 1300/1401/1982
f 1558/1403/1983 158/1207/1983 360/1205/1983
f 360/1205/1984 1098/1404/1984 1558/1403/1984
f 973/1201/1985 1205/1405/1986 1098/1404/1987
f 1098/1404/1988 360/1205/1988 973/1201/1988
f 1205/1405/1986 973/1201/1985 1563/1204/1989
f 1563/1204/1990 1431/1406/1990 1205/1405/1990
f 1669/1282/1991 2032/1407/1991 1431/1406/1991
f 1431/1406/1992 1563/1204/1992 1669/1282/1992
f 730/1218/1993 442/1408/1993 682/1409/1993
f 682/1409/1994 81/1219/1994 730/1218/1994
f 1345/1410/1995 160/1411/1995 708/1222/1995
f 708/1222/1996 1142/1221/1996 1345/1410/1996
f 1007/1412/1997 1816/1269/1997 100/1272/1997
f 100/1272/1998 1147/1413/1998 1007/1412/1998
f 87/1414/1999 809/1415/1999 117/1226/1999
f 117/1226/2000 138/1225/2000 87/1414/2000
f 1768/1416/2001 1468/1301/2001 1488/1304/2001
f 1488/1304/2002 226/1417/2002 1768/1416/2002
f 226/1417/2003 1488/1304/2003 1418/1326/2003
f 1418/1326/2004 280/1418/2004 226/1417/2004
f 1431/1406/2005 923/1419/2005 296/1420/2005
f 296/1420/2006 1205/1405/2006 1431/1406/2006
f 1205/1405/2007 296/1420/2007 1814/1421/2007
f 1814/1421/2008 1098/1404/2008 1205/1405/2008
f 1098/1404/2009 1814/1421/2010 1717/1422/2011
f 1717/1422/2011 1558/1403/2012 1098/1404/2009
f 970/1402/2013 1998/1423/2013 1103/1424/2013
f 1103/1424/2014 1300/1401/2014 970/1402/2014
f 21/1400/2015 767/1425/2015 198/1426/2015
f 198/1426/2016 341/1399/2016 21/1400/2016
f 442/1408/2017 216/1427/2017 686/1428/2017
f 686/1428/2018 682/1409/2018 442/1408/2018
f 1345/1410/2019 368/1429/2019 606/1430/2019
f 606/1430/2020 160/1411/2020 1345/1410/2020
f 87/1414/2021 520/1431/2021 1248/1432/2021
f 1248/1432/2022 809/1415/2022 87/1414/2022
f 1685/1398/1974 99/1433/2023 1469/1434/2024
f 1469/1434/2024 930/1397/1975 1685/1398/1974
f 930/1397/1975 1469/1434/2024 925/1435/2025
f 925/1435/2026 1895/1395/2026 930/1397/2026
f 1895/1395/2027 925/1435/2027 295/1436/2027
f 295/1436/2028 1436/1396/2029 1895/1395/2030
f 1152/1394/2031 630/1437/2031 1545/1438/2031
f 1545/1438/2032 1461/1393/2033 1152/1394/2034
f 1461/1393/2033 1545/1438/2032 1600/1439/2035
f 1600/1439/2036 1289/1392/2036 1461/1393/2036
f 1339/1440/2037 1007/1412/2037 1147/1413/2037
f 1147/1413/2038 1204/1441/2038 1339/1440/2038
f 2032/1407/2039 965/1442/2039 923/1419/2039
f 923/1419/2040 1431/1406/2040 2032/1407/2040
f 226/1417/2041 385/1443/2041 234/1444/2041
f 234/1444/2042 1768/1416/2042 226/1417/2042
f 280/1418/2043 1325/1445/2043 385/1443/2043
f 385/1443/2044 226/1417/2044 280/1418/2044
f 1289/1392/2045 1600/1439/2045 1284/1446/2045
f 1284/1446/2046 1833/1391/2046 1289/1392/2046
f 2042/1390/2047 1136/1447/2047 51/1448/2047
f 51/1448/2048 1181/1389/2048 2042/1390/2048
f 923/1419/2049 1116/1449/2049 105/1450/2049
f 105/1450/2050 296/1420/2050 923/1419/2050
f 296/1420/2051 105/1450/2051 1516/1451/2051
f 1516/1451/2052 1814/1421/2052 296/1420/2052
f 1814/1421/2053 1516/1451/2053 2035/1452/2053
f 2035/1452/2054 1717/1422/2054 1814/1421/2054
f 1998/1423/2055 1990/1453/2055 1564/1454/2055
f 1564/1454/2056 1103/1424/2056 1998/1423/2057
f 767/1425/2058 1868/1455/2058 1661/1456/2058
f 1661/1456/2059 198/1426/2059 767/1425/2059
f 216/1427/2060 1642/1457/2060 23/1458/2060
f 23/1458/2061 686/1428/2061 216/1427/2061
f 368/1429/2062 1760/1459/2062 994/1460/2062
f 994/1460/2063 606/1430/2063 368/1429/2063
f 520/1431/2064 802/1461/2064 167/1462/2064
f 167/1462/2065 1248/1432/2065 520/1431/2065
f 99/1433/2066 1298/1463/2066 378/1464/2066
f 378/1464/2067 1469/1434/2067 99/1433/2067
f 1469/1434/2068 378/1464/2068 1032/1465/2068
f 1032/1465/2069 925/1435/2069 1469/1434/2069
f 925/1435/2070 1032/1465/2070 2028/1466/2070
f 2028/1466/2071 295/1436/2071 925/1435/2071
f 630/1437/2072 1174/1467/2072 271/1468/2072
f 271/1468/2073 1545/1438/2073 630/1437/2073
f 1545/1438/2074 271/1468/2074 804/1469/2074
f 804/1469/2075 1600/1439/2075 1545/1438/2075
f 673/1470/2076 422/1471/2076 1339/1440/2076
f 1339/1440/2077 1204/1441/2077 673/1470/2077
f 965/1442/2078 336/1472/2079 1116/1449/2080
f 1116/1449/2081 923/1419/2081 965/1442/2081
f 385/1443/2082 1118/1473/2082 446/1474/2082
f 446/1474/2083 234/1444/2083 385/1443/2083
f 1325/1445/2084 436/1475/2084 1118/1473/2084
f 1118/1473/2085 385/1443/2085 1325/1445/2085
f 1600/1439/2086 804/1469/2086 278/1476/2086
f 278/1476/2087 1284/1446/2087 1600/1439/2087
f 1136/1447/2088 179/1477/2088 1490/1478/2088
f 1490/1478/2089 51/1448/2089 1136/1447/2089
f 1513/1479/2090 1449/1480/2090 336/1472/2090
f 336/1472/2079 965/1442/2078 1513/1479/2091
f 340/1481/2092 1513/1479/2092 965/1442/2092
f 965/1442/2093 2032/1407/2093 340/1481/2093
f 1996/1482/2094 340/1481/2094 2032/1407/2094
f 2032/1407/2095 1669/1282/2095 1996/1482/2095
f 1299/1281/2096 1566/1483/2096 1996/1482/2096
f 1996/1482/2097 1669/1282/2097 1299/1281/2097
f 270/1283/2098 701/1484/2098 1566/1483/2098
f 1566/1483/2099 1299/1281/2099 270/1283/2099
f 837/1485/2100 701/1484/2100 270/1283/2100
f 270/1283/2101 1993/1284/2101 837/1485/2101
f 1084/1486/2102 1739/1285/2102 1789/1286/2102
f 1789/1286/2103 490/1487/2103 1084/1486/2103
f 2013/1316/2104 494/1488/2104 407/1489/2104
f 407/1489/2105 1778/1317/2105 2013/1316/2105
f 1784/1333/2106 412/1490/2106 494/1488/2106
f 494/1488/2107 2013/1316/2107 1784/1333/2107
f 1411/1290/2108 1588/1292/2109 375/1293/2110
f 375/1293/2110 186/1288/2111 1411/1290/2108
f 1342/1210/2112 1866/1215/2112 1411/1290/2112
f 1411/1290/2113 186/1288/2113 1342/1210/2113
f 1312/1216/2114 1866/1215/2115 1342/1210/2116
f 1342/1210/2116 1359/1209/2117 1312/1216/2114
f 21/1400/2118 1312/1216/2118 1359/1209/2118
f 1359/1209/1980 1300/1401/1979 21/1400/2119
f 1103/1424/2120 767/1425/2120 21/1400/2120
f 21/1400/2121 1300/1401/2121 1103/1424/2121
f 1564/1454/2122 1868/1455/2122 767/1425/2122
f 767/1425/2123 1103/1424/2056 1564/1454/2056
f 1384/1491/2124 792/1298/2125 1034/1297/2126
f 1034/1297/2126 309/1492/2127 1384/1491/2124
f 574/1493/2128 398/1494/2129 942/1365/2130
f 942/1365/2130 1308/1368/2131 574/1493/2128
f 1333/1369/2132 389/1495/2132 485/1496/2132
f 485/1496/2133 409/1370/2133 1333/1369/2133
f 1609/1497/2134 753/1498/2135 1367/1300/2136
f 1367/1300/2137 324/1299/2137 1609/1497/2137
f 1489/1499/2138 150/1500/2138 1421/1291/2138
f 1421/1291/2139 98/1289/2139 1489/1499/2139
f 1489/1499/2140 98/1289/2140 1167/1214/2140
f 1167/1214/2141 1561/1501/2141 1489/1499/2141
f 1280/1502/2142 1561/1501/2142 1167/1214/2142
f 1167/1214/2143 325/1213/2143 1280/1502/2143
f 548/1503/2144 1280/1502/2145 325/1213/2146
f 325/1213/2146 341/1399/2147 548/1503/2144
f 198/1426/2148 47/1504/2148 548/1503/2148
f 548/1503/2149 341/1399/2149 198/1426/2149
f 1661/1456/2150 1556/1505/2150 47/1504/2150
f 47/1504/2151 198/1426/2151 1661/1456/2151
f 454/1506/2152 170/1381/2152 2047/1380/2152
f 2047/1380/2153 402/1507/2153 454/1506/2153
f 778/1508/2154 501/1361/2154 1222/1360/2154
f 1222/1360/2155 1689/1509/2155 778/1508/2155
f 1696/1510/2156 1806/1354/2156 1901/1357/2156
f 1901/1357/2157 1521/1511/2157 1696/1510/2157
f 1327/1512/2158 1628/1239/2158 1806/1354/2158
f 1806/1354/2159 1696/1510/2159 1327/1512/2159
f 400/1513/2160 1321/1240/2160 1628/1239/2160
f 1628/1239/2161 1327/1512/2161 400/1513/2161
f 403/1514/2162 1152/1394/2162 1321/1240/2162
f 1321/1240/2163 400/1513/2163 403/1514/2163
f 707/1515/2164 630/1437/2164 1152/1394/2164
f 1152/1394/2165 403/1514/2165 707/1515/2165
f 39/1516/2166 1174/1467/2166 630/1437/2166
f 630/1437/2167 707/1515/2167 39/1516/2167
f 195/1517/2168 1307/1518/2168 1193/1519/2168
f 1193/1519/2169 1946/1520/2169 195/1517/2169
f 1946/1520/2170 1686/1521/2170 1070/1522/2170
f 1070/1522/2171 195/1517/2171 1946/1520/2171
f 977/1523/2172 1070/1522/2172 1686/1521/2172
f 1686/1521/2173 612/1524/2173 977/1523/2173
f 1288/1525/2174 386/1526/2174 1030/1527/2174
f 1030/1527/2175 424/1528/2175 1288/1525/2175
f 999/1529/2176 1294/1530/2176 1416/1531/2176
f 1416/1531/2177 457/1532/2177 999/1529/2177
f 1839/1533/2178 69/1534/2179 1679/1535/2180
f 1679/1535/2180 1572/1536/2181 1839/1533/2178
f 1759/1537/2182 949/1538/2182 22/1539/2182
f 22/1539/2183 576/1540/2183 1759/1537/2183
f 1630/1541/2184 2051/1542/2184 1311/1543/2184
f 1311/1543/2185 49/1544/2185 1630/1541/2185
f 74/1545/2186 1286/1546/2186 1804/1547/2186
f 1804/1547/2187 1504/1548/2187 74/1545/2187
f 1553/1549/2188 1249/1550/2188 1804/1547/2188
f 1804/1547/2189 1286/1546/2189 1553/1549/2189
f 1249/1550/2190 1553/1549/2190 1497/1551/2190
f 1497/1551/2191 1821/1552/2191 1249/1550/2191
f 1649/1553/2192 572/1554/2192 791/1555/2192
f 791/1555/2193 19/1556/2193 1649/1553/2193
f 1974/1557/2194 1649/1553/2194 19/1556/2194
f 19/1556/2195 1414/1558/2195 1974/1557/2195
f 1654/1559/2196 612/1524/2196 1686/1521/2196
f 1686/1521/2197 1551/1560/2198 1654/1559/2199
f 1315/1561/2200 1654/1559/2200 1551/1560/2200
f 1551/1560/2201 1827/1562/2201 1315/1561/2201
f 242/1563/2202 1526/1564/2202 320/1565/2202
f 320/1565/2203 1480/1566/2203 242/1563/2203
f 808/1567/2204 1551/1560/2198 1686/1521/2197
f 1686/1521/2205 1946/1520/2205 808/1567/2205
f 1123/1568/2206 1827/1562/2206 1551/1560/2206
f 1551/1560/2207 808/1567/2207 1123/1568/2207
f 463/1569/2208 242/1563/2208 1480/1566/2208
f 1480/1566/2209 1196/1570/2210 463/1569/2211
f 808/1567/2212 1946/1520/2213 1193/1519/2214
f 1193/1519/2214 1498/1571/2215 808/1567/2212
f 132/1572/2216 1123/1568/2216 808/1567/2216
f 808/1567/2217 1498/1571/2218 132/1572/2219
f 479/1573/2210 463/1569/2211 1196/1570/2210
f 1196/1570/2210 824/1574/2220 479/1573/2210
f 595/1575/2221 1876/1576/2221 1177/1577/2221
f 1177/1577/2222 1734/1578/2222 595/1575/2222
f 717/1579/2223 957/1580/2224 395/1581/2225
f 395/1581/2225 587/1582/2226 717/1579/2223
f 717/1579/2227 587/1582/2227 69/1534/2227
f 69/1534/2228 1839/1533/2228 717/1579/2228
f 949/1538/2229 1877/1583/2229 1834/1584/2229
f 1834/1584/2230 22/1539/2230 949/1538/2230
f 1350/1585/2231 2000/1586/2231 949/1538/2231
f 949/1538/2232 1759/1537/2232 1350/1585/2232
f 2000/1586/2233 1947/1587/2233 1877/1583/2233
f 1877/1583/2234 949/1538/2234 2000/1586/2234
f 836/1588/2235 1036/1589/2235 1834/1584/2235
f 1834/1584/2236 1787/1590/2236 836/1588/2236
f 1947/1587/2237 1306/1591/2237 991/1592/2237
f 991/1592/2238 1877/1583/2238 1947/1587/2238
f 891/1593/2239 1633/1594/2239 1311/1543/2239
f 1311/1543/2240 2051/1542/2240 891/1593/2240
f 1193/1519/2241 1307/1518/2241 2005/1595/2241
f 2005/1595/2242 210/1596/2242 1193/1519/2242
f 1498/1571/2243 1193/1519/2243 210/1596/2243
f 210/1596/2244 732/1597/2244 1498/1571/2244
f 317/1598/2245 132/1572/2219 1498/1571/2218
f 1498/1571/2246 732/1597/2246 317/1598/2246
f 1848/1599/2247 479/1573/2247 824/1574/2247
f 824/1574/2248 1083/1600/2249 1848/1599/2250
f 484/1601/2251 1316/1602/2251 424/1528/2251
f 424/1528/2252 1030/1527/2252 484/1601/2252
f 553/1603/2253 457/1532/2253 1416/1531/2253
f 1416/1531/2254 511/1604/2254 553/1603/2254
f 553/1603/2255 511/1604/2255 327/1605/2255
f 327/1605/2256 1664/1606/2256 553/1603/2256
f 1316/1602/2257 484/1601/2257 2049/1607/2257
f 2049/1607/2258 362/1608/2258 1316/1602/2258
f 880/1609/2259 1651/1610/2260 1817/1611/2259
f 1817/1611/2259 466/1612/2261 880/1609/2259
f 1069/1613/2262 880/1609/2259 466/1612/2261
f 466/1612/2261 1951/1614/2263 1069/1613/2262
f 1534/1615/2264 1218/1616/2264 82/1617/2264
f 82/1617/2265 1020/1618/2265 1534/1615/2265
f 592/1619/2266 363/1620/2266 1020/1618/2266
f 1020/1618/2267 82/1617/2268 592/1619/2269
f 363/1620/2270 592/1619/2271 1788/1621/2272
f 1788/1621/2273 1828/1622/2273 363/1620/2273
f 1828/1622/2274 1788/1621/2274 2026/1623/2274
f 2026/1623/2275 1614/1624/2275 1828/1622/2275
f 1643/1625/2276 1013/1626/2276 664/1627/2276
f 664/1627/2277 301/1628/2278 1643/1625/2279
f 1579/1629/2280 276/1630/2281 522/1631/2282
f 522/1631/2283 1798/1632/2283 1579/1629/2283
f 1535/1633/2284 218/1634/2285 276/1630/2281
f 276/1630/2281 1579/1629/2280 1535/1633/2284
f 218/1634/2286 1535/1633/2286 512/1635/2286
f 512/1635/2287 1718/1636/2288 218/1634/2289
f 65/1637/2290 1718/1636/2288 512/1635/2287
f 512/1635/2291 1568/1638/2292 65/1637/2293
f 1218/1616/2294 1418/1326/2295 426/1325/2295
f 426/1325/2295 82/1617/2296 1218/1616/2294
f 807/1327/2297 592/1619/2269 82/1617/2268
f 82/1617/2298 426/1325/2298 807/1327/2298
f 592/1619/2299 807/1327/2299 1995/1328/2299
f 1995/1328/2300 1788/1621/2272 592/1619/2271
f 1788/1621/2301 1995/1328/2301 306/1329/2301
f 306/1329/2302 2026/1623/2302 1788/1621/2302
f 2025/1330/2303 664/1627/2303 1013/1626/2303
f 1013/1626/2304 654/1331/2304 2025/1330/2304
f 974/1332/2305 1579/1629/2305 1798/1632/2305
f 1798/1632/2306 1784/1333/2306 974/1332/2306
f 1920/1334/1883 1535/1633/2307 1579/1629/2308
f 1579/1629/2308 974/1332/1884 1920/1334/1883
f 1535/1633/2309 1920/1334/1890 580/1335/1889
f 580/1335/1889 512/1635/2310 1535/1633/2309
f 1568/1638/2311 512/1635/2311 580/1335/2311
f 580/1335/2312 199/1336/2312 1568/1638/2312
f 1105/1639/2313 735/1640/2313 1286/1546/2313
f 1286/1546/2314 74/1545/2314 1105/1639/2314
f 735/1640/2315 1105/1639/2315 1/1641/2315
f 1/1641/2316 1429/1642/2316 735/1640/2316
f 598/1643/2317 413/1644/2317 1072/1645/2317
f 1072/1645/2318 583/1646/2318 598/1643/2318
f 1553/1549/2319 1286/1546/2319 735/1640/2319
f 735/1640/2320 1693/1647/2320 1553/1549/2320
f 1693/1647/2321 735/1640/2321 1429/1642/2321
f 1429/1642/2322 1014/1648/2323 1693/1647/2324
f 496/1649/2325 598/1643/2326 583/1646/2327
f 583/1646/2328 1064/1650/2328 496/1649/2328
f 1553/1549/2329 1693/1647/2329 452/1651/2329
f 452/1651/2330 1497/1551/2330 1553/1549/2330
f 1693/1647/2331 1014/1648/2331 1354/1652/2331
f 1354/1652/2332 452/1651/2332 1693/1647/2332
f 496/1649/2333 1064/1650/2333 144/1653/2333
f 144/1653/2334 569/1654/2334 496/1649/2334
f 19/1556/2335 791/1555/2335 869/1655/2335
f 869/1655/2336 1206/1656/2336 19/1556/2336
f 1414/1558/2337 19/1556/2337 1206/1656/2337
f 1206/1656/2338 142/1657/2338 1414/1558/2338
f 1206/1656/2339 869/1655/2339 1831/1658/2339
f 1831/1658/2340 1059/1659/2340 1206/1656/2340
f 142/1657/2341 1206/1656/2341 1059/1659/2341
f 1059/1659/2342 1932/1660/2342 142/1657/2342
f 430/1661/2343 1194/1662/2343 1160/1663/2343
f 1160/1663/2344 775/1664/2344 430/1661/2344
f 275/1665/2345 430/1661/2346 775/1664/2347
f 775/1664/2347 196/1666/2348 275/1665/2345
f 1035/1667/2349 275/1665/2349 196/1666/2349
f 196/1666/2350 513/1668/2351 1035/1667/2352
f 176/1669/2353 769/1670/2353 1035/1667/2353
f 1035/1667/2352 513/1668/2351 176/1669/2354
f 1817/1611/2355 1308/1368/2355 1459/1367/2355
f 1459/1367/2356 466/1612/2357 1817/1611/2358
f 1459/1367/2356 409/1370/2359 1951/1614/2360
f 1951/1614/2360 466/1612/2357 1459/1367/2356
f 1616/1371/2361 583/1646/2362 1072/1645/2363
f 1072/1645/2363 1532/1372/2364 1616/1371/2361
f 1064/1650/2365 583/1646/2365 1616/1371/2365
f 1616/1371/2366 806/1376/2366 1064/1650/2366
f 1064/1650/2367 806/1376/2367 1028/1378/2367
f 1028/1378/2368 144/1653/2368 1064/1650/2368
f 1439/1379/2369 775/1664/2369 1160/1663/2369
f 1160/1663/2370 2047/1380/2370 1439/1379/2370
f 112/1383/2371 196/1666/2371 775/1664/2371
f 775/1664/2372 1439/1379/2372 112/1383/2372
f 1672/1385/2373 513/1668/2351 196/1666/2350
f 196/1666/2374 112/1383/2374 1672/1385/2374
f 1217/1387/2375 176/1669/2354 513/1668/2351
f 513/1668/2376 1672/1385/1954 1217/1387/1953
f 1181/1389/2377 1915/1671/2377 176/1669/2377
f 176/1669/2378 1217/1387/2378 1181/1389/2378
f 1915/1671/2379 28/1672/2379 769/1670/2379
f 769/1670/2380 176/1669/2380 1915/1671/2380
f 696/1673/2381 1153/1674/2381 1649/1553/2381
f 1649/1553/2382 1974/1557/2382 696/1673/2382
f 1153/1674/2383 1044/1675/2383 572/1554/2383
f 572/1554/2384 1649/1553/2384 1153/1674/2384
f 124/1676/2385 1249/1550/2385 1821/1552/2385
f 1821/1552/2386 1095/1677/2386 124/1676/2386
f 1804/1547/2387 1249/1550/2387 124/1676/2387
f 124/1676/2388 2004/1678/2388 1804/1547/2388
f 1504/1548/2389 1804/1547/2389 2004/1678/2389
f 2004/1678/2390 964/1679/2390 1504/1548/2390
f 826/1680/2391 201/1681/2391 1294/1530/2391
f 1294/1530/2392 999/1529/2392 826/1680/2392
f 1770/1682/2393 1309/1683/2393 386/1526/2393
f 386/1526/2394 1288/1525/2395 1770/1682/2396
f 1273/1684/2397 1458/1685/2397 1070/1522/2397
f 1070/1522/2398 977/1523/2398 1273/1684/2398
f 195/1517/2399 1070/1522/2399 1458/1685/2399
f 1458/1685/2400 555/1686/2401 195/1517/2402
f 555/1686/2403 1942/1687/2403 1307/1518/2403
f 1307/1518/2404 195/1517/2402 555/1686/2401
f 2005/1595/2405 1307/1518/2405 1942/1687/2405
f 1942/1687/2406 1305/1688/2406 2005/1595/2406
f 1572/1536/2407 1679/1535/2407 1949/1689/2407
f 1949/1689/2408 859/1690/2408 1572/1536/2408
f 1726/1691/2409 1759/1537/2409 576/1540/2409
f 576/1540/2410 578/1692/2410 1726/1691/2410
f 103/1693/2411 1350/1585/2411 1759/1537/2411
f 1759/1537/2412 1726/1691/2412 103/1693/2412
f 1697/1694/2413 1630/1541/2413 49/1544/2413
f 49/1544/2414 1375/1695/2414 1697/1694/2414
f 521/1696/2415 1440/1697/2415 1218/1616/2415
f 1218/1616/2416 1534/1615/2416 521/1696/2416
f 1440/1697/2417 280/1418/2417 1418/1326/2417
f 1418/1326/2418 1218/1616/2418 1440/1697/2418
f 1942/1687/2419 555/1686/2419 1377/1698/2419
f 1377/1698/2420 860/1699/2420 1942/1687/2420
f 555/1686/2421 1458/1685/2421 27/1700/2421
f 27/1700/2422 1377/1698/2422 555/1686/2422
f 1458/1685/2423 1273/1684/2423 1472/1701/2423
f 1472/1701/2424 27/1700/2424 1458/1685/2424
f 1309/1683/2425 1770/1682/2425 459/1702/2425
f 459/1702/2426 754/1703/2426 1309/1683/2426
f 201/1681/2427 826/1680/2427 1251/1704/2427
f 1251/1704/2428 52/1705/2428 201/1681/2428
f 859/1690/2429 1949/1689/2429 1045/1706/2429
f 1045/1706/2430 1394/1707/2430 859/1690/2430
f 1726/1691/2431 578/1692/2432 1981/1708/2433
f 1981/1708/2433 166/1709/2434 1726/1691/2431
f 1697/1694/2435 1375/1695/2435 833/1710/2435
f 833/1710/2436 1658/1711/2436 1697/1694/2436
f 964/1679/2437 2004/1678/2437 638/1712/2437
f 638/1712/2438 273/1713/2438 964/1679/2438
f 2004/1678/2439 124/1676/2439 393/1714/2439
f 393/1714/2440 638/1712/2440 2004/1678/2440
f 124/1676/2441 1095/1677/2441 601/1715/2441
f 601/1715/2442 393/1714/2439 124/1676/2439
f 1044/1675/2443 1153/1674/2443 1790/1716/2443
f 1790/1716/2444 1546/1717/2444 1044/1675/2444
f 1153/1674/2445 696/1673/2445 288/1718/2445
f 288/1718/2446 1790/1716/2446 1153/1674/2446
f 1344/1719/2447 103/1693/2447 1726/1691/2447
f 1726/1691/2448 166/1709/2448 1344/1719/2448
f 1305/1688/2449 1942/1687/2449 860/1699/2449
f 860/1699/2450 1765/1720/2450 1305/1688/2450
f 1440/1697/2451 521/1696/2451 1711/1721/2451
f 1711/1721/2452 1079/1722/2452 1440/1697/2452
f 280/1418/2453 1440/1697/2453 1079/1722/2453
f 1079/1722/2454 1325/1445/2454 280/1418/2454
f 28/1672/2455 1915/1671/2455 1728/1723/2455
f 1728/1723/2456 1775/1724/2456 28/1672/2456
f 1915/1671/2457 1181/1389/2457 51/1448/2457
f 51/1448/2458 1728/1723/2458 1915/1671/2458
f 860/1699/2459 1377/1698/2459 1761/1725/2459
f 1761/1725/2460 1292/1726/2460 860/1699/2460
f 1377/1698/2461 27/1700/2461 115/1727/2461
f 115/1727/2462 1761/1725/2462 1377/1698/2462
f 27/1700/2463 1472/1701/2463 536/1728/2463
f 536/1728/2464 115/1727/2464 27/1700/2464
f 754/1703/2465 459/1702/2466 705/1729/2467
f 705/1729/2467 1694/1730/2468 754/1703/2465
f 52/1705/2469 1251/1704/2469 472/1731/2469
f 472/1731/2470 1179/1732/2470 52/1705/2470
f 1394/1707/2471 1045/1706/2471 1046/1733/2471
f 1046/1733/2472 610/1734/2472 1394/1707/2472
f 166/1709/2473 1981/1708/2473 1700/1735/2473
f 1700/1735/2474 1295/1736/2474 166/1709/2474
f 1658/1711/2475 833/1710/2475 503/1737/2475
f 503/1737/2476 1539/1738/2476 1658/1711/2476
f 273/1713/2477 638/1712/2478 6/1739/2479
f 6/1739/2479 702/1740/2480 273/1713/2477
f 638/1712/2481 393/1714/2481 1795/1741/2481
f 1795/1741/2482 6/1739/2482 638/1712/2482
f 393/1714/2483 601/1715/2483 1577/1742/2483
f 1577/1742/2484 1795/1741/2484 393/1714/2484
f 1546/1717/2485 1790/1716/2485 747/1743/2485
f 747/1743/2486 1313/1744/2486 1546/1717/2486
f 1790/1716/2487 288/1718/2487 2003/1745/2487
f 2003/1745/2488 747/1743/2488 1790/1716/2488
f 1295/1736/2489 1008/1746/2489 1344/1719/2489
f 1344/1719/2490 166/1709/2490 1295/1736/2490
f 1765/1720/2491 860/1699/2491 1292/1726/2491
f 1292/1726/2492 952/1747/2492 1765/1720/2492
f 1079/1722/2493 1711/1721/2493 872/1748/2493
f 872/1748/2494 1320/1749/2494 1079/1722/2494
f 1325/1445/2495 1079/1722/2496 1320/1749/2497
f 1320/1749/2497 436/1475/2498 1325/1445/2495
f 1775/1724/2499 1728/1723/2499 751/1750/2499
f 751/1750/2500 1797/1751/2500 1775/1724/2500
f 1728/1723/2501 51/1448/2501 1490/1478/2501
f 1490/1478/2502 751/1750/2502 1728/1723/2502
f 1992/1752/2503 1765/1720/2503 952/1747/2503
f 952/1747/2504 1607/1753/2504 1992/1752/2504
f 1409/1754/2505 1305/1688/2505 1765/1720/2505
f 1765/1720/2506 1992/1752/2506 1409/1754/2506
f 531/1755/2507 2005/1595/2507 1305/1688/2507
f 1305/1688/2508 1409/1754/2508 531/1755/2508
f 210/1596/2509 2005/1595/2509 531/1755/2509
f 531/1755/2510 777/1756/2510 210/1596/2510
f 732/1597/2511 210/1596/2511 777/1756/2511
f 777/1756/2512 254/1757/2512 732/1597/2512
f 841/1758/2513 317/1598/2513 732/1597/2513
f 732/1597/2514 254/1757/2514 841/1758/2514
f 842/1759/2515 1848/1599/2250 1083/1600/2249
f 1083/1600/2516 1653/1760/2516 842/1759/2516
f 1798/1632/2517 522/1631/2517 1244/1761/2517
f 1244/1761/2518 739/1762/2518 1798/1632/2518
f 1784/1333/2519 1798/1632/2519 739/1762/2519
f 739/1762/2520 412/1490/2520 1784/1333/2520
f 511/1604/2521 1316/1602/2522 362/1608/2523
f 362/1608/2523 327/1605/2524 511/1604/2521
f 424/1528/2525 1316/1602/2525 511/1604/2525
f 511/1604/2526 1416/1531/2526 424/1528/2526
f 1294/1530/2527 1288/1525/2528 424/1528/2529
f 424/1528/2529 1416/1531/2530 1294/1530/2527
f 201/1681/2531 1770/1682/2396 1288/1525/2395
f 1288/1525/2532 1294/1530/2532 201/1681/2532
f 459/1702/2533 1770/1682/2533 201/1681/2533
f 201/1681/2534 52/1705/2534 459/1702/2534
f 705/1729/2535 459/1702/2535 52/1705/2535
f 52/1705/2536 1179/1732/2536 705/1729/2536
f 1817/1611/2537 1651/1610/2537 38/1763/2537
f 38/1763/2538 382/1764/2539 1817/1611/2540
f 574/1493/2541 1308/1368/2542 1817/1611/2540
f 1817/1611/2540 382/1764/2539 574/1493/2541
f 1951/1614/2543 409/1370/2543 485/1496/2543
f 485/1496/2544 755/1765/2545 1951/1614/2546
f 1387/1766/2547 1069/1613/2547 1951/1614/2547
f 1951/1614/2546 755/1765/2545 1387/1766/2548
f 590/1767/2549 553/1603/2549 1664/1606/2549
f 1664/1606/2550 435/1768/2550 590/1767/2550
f 590/1767/2551 1393/1769/2551 457/1532/2551
f 457/1532/2552 553/1603/2552 590/1767/2552
f 1483/1770/2553 999/1529/2553 457/1532/2553
f 457/1532/2554 1393/1769/2554 1483/1770/2554
f 2023/1771/2555 826/1680/2556 999/1529/2557
f 999/1529/2557 1483/1770/2558 2023/1771/2555
f 1251/1704/2559 826/1680/2559 2023/1771/2559
f 2023/1771/2560 259/1772/2560 1251/1704/2560
f 472/1731/2561 1251/1704/2561 259/1772/2561
f 259/1772/2562 659/1773/2562 472/1731/2562
f 1906/1774/2563 402/1507/2563 2047/1380/2563
f 2047/1380/2564 1160/1663/2564 1906/1774/2564
f 313/1775/2565 1906/1774/2565 1160/1663/2565
f 1160/1663/2566 1194/1662/2566 313/1775/2566
f 1287/1776/2567 71/1777/2567 1831/1658/2567
f 1831/1658/2568 869/1655/2568 1287/1776/2568
f 644/1778/2569 1287/1776/2569 869/1655/2569
f 869/1655/2570 791/1555/2570 644/1778/2570
f 690/1779/2571 644/1778/2571 791/1555/2571
f 791/1555/2572 572/1554/2572 690/1779/2572
f 260/1780/2573 690/1779/2573 572/1554/2573
f 572/1554/2574 1044/1675/2574 260/1780/2574
f 593/1781/2575 260/1780/2575 1044/1675/2575
f 1044/1675/2576 1546/1717/2576 593/1781/2576
f 542/1782/2577 593/1781/2577 1546/1717/2577
f 1546/1717/2578 1313/1744/2578 542/1782/2578
f 1045/1706/2579 1992/1752/2579 1607/1753/2579
f 1607/1753/2580 1046/1733/2580 1045/1706/2580
f 1949/1689/2581 1409/1754/2581 1992/1752/2581
f 1992/1752/2582 1045/1706/2582 1949/1689/2582
f 1679/1535/2583 531/1755/2583 1409/1754/2583
f 1409/1754/2584 1949/1689/2584 1679/1535/2584
f 777/1756/2585 531/1755/2585 1679/1535/2585
f 1679/1535/2586 69/1534/2586 777/1756/2586
f 254/1757/2587 777/1756/2588 69/1534/2589
f 69/1534/2589 587/1582/2590 254/1757/2587
f 395/1581/2591 841/1758/2591 254/1757/2591
f 254/1757/2592 587/1582/2592 395/1581/2592
f 1876/1576/2593 842/1759/2593 1653/1760/2593
f 1653/1760/2594 1177/1577/2594 1876/1576/2594
f 739/1762/2595 1244/1761/2596 301/1628/2597
f 301/1628/2597 664/1627/2598 739/1762/2595
f 412/1490/2599 739/1762/2599 664/1627/2599
f 664/1627/2600 2025/1330/2600 412/1490/2600
f 494/1488/2601 412/1490/2601 2025/1330/2601
f 2025/1330/2602 832/1313/2602 494/1488/2602
f 407/1489/2603 494/1488/2604 832/1313/2605
f 832/1313/2605 108/1312/2606 407/1489/2603
f 890/1260/2607 1084/1486/2607 490/1487/2607
f 490/1487/2608 736/1261/2608 890/1260/2608
f 1131/1265/2609 611/1264/2609 701/1484/2609
f 701/1484/2610 837/1485/2610 1131/1265/2610
f 1566/1483/2611 701/1484/2612 611/1264/2613
f 611/1264/2613 1139/1220/2614 1566/1483/2611
f 1996/1482/2615 1566/1483/2615 1139/1220/2615
f 1139/1220/2616 81/1219/2616 1996/1482/2616
f 81/1219/2617 682/1409/2617 340/1481/2617
f 340/1481/2618 1996/1482/2618 81/1219/2618
f 682/1409/2619 686/1428/2619 1513/1479/2619
f 1513/1479/2620 340/1481/2620 682/1409/2620
f 686/1428/2621 23/1458/2621 1449/1480/2621
f 1449/1480/2622 1513/1479/2622 686/1428/2622
f 295/1436/2623 2028/1466/2623 39/1516/2623
f 39/1516/2624 707/1515/2624 295/1436/2624
f 1436/1396/2029 295/1436/2028 707/1515/2625
f 707/1515/2626 403/1514/2626 1436/1396/2626
f 972/1235/2627 1436/1396/2627 403/1514/2627
f 403/1514/2628 400/1513/2628 972/1235/2628
f 582/1236/2629 972/1235/2629 400/1513/2629
f 400/1513/2630 1327/1512/2630 582/1236/2630
f 1096/1349/2631 582/1236/2631 1327/1512/2631
f 1327/1512/2632 1696/1510/2632 1096/1349/2632
f 493/1350/2633 1096/1349/2633 1696/1510/2633
f 1696/1510/2634 1521/1511/2634 493/1350/2634
f 1584/1352/2635 529/1351/2635 778/1508/2635
f 778/1508/2636 1689/1509/2636 1584/1352/2636
f 1028/1378/2637 1886/1377/2638 454/1506/2639
f 454/1506/2639 402/1507/2640 1028/1378/2637
f 144/1653/2641 1028/1378/2642 402/1507/2643
f 402/1507/2643 1906/1774/2644 144/1653/2641
f 569/1654/2645 144/1653/2641 1906/1774/2644
f 1906/1774/2646 313/1775/2646 569/1654/2646
f 452/1651/2647 1354/1652/2647 71/1777/2647
f 71/1777/2648 1287/1776/2648 452/1651/2648
f 1497/1551/2649 452/1651/2649 1287/1776/2649
f 1287/1776/2650 644/1778/2650 1497/1551/2650
f 1821/1552/2651 1497/1551/2651 644/1778/2651
f 644/1778/2652 690/1779/2652 1821/1552/2652
f 1095/1677/2653 1821/1552/2653 690/1779/2653
f 690/1779/2654 260/1780/2654 1095/1677/2654
f 601/1715/2655 1095/1677/2655 260/1780/2655
f 260/1780/2656 593/1781/2656 601/1715/2656
f 1577/1742/2657 601/1715/2657 593/1781/2657
f 593/1781/2658 542/1782/2658 1577/1742/2658
f 1631/1783/2659 1223/1784/2659 230/1785/2659
f 230/1785/2660 399/1786/2660 1631/1783/2660
f 1223/1784/2661 1285/1787/2661 987/1788/2661
f 987/1788/2662 230/1785/2662 1223/1784/2662
f 1106/1789/2663 835/1790/2663 328/1791/2663
f 328/1791/2664 429/1792/2664 1106/1789/2664
f 835/1790/2665 799/1793/2665 1037/1794/2665
f 1037/1794/2666 328/1791/2666 835/1790/2667
f 143/1795/2668 878/1796/2669 1712/1797/2670
f 1712/1797/2670 698/1798/2671 143/1795/2668
f 878/1796/2672 1106/1789/2673 1166/1799/2674
f 1166/1799/2674 1712/1797/2675 878/1796/2672
f 2010/1800/2676 761/1801/2677 625/1802/2678
f 625/1802/2679 564/1803/2679 2010/1800/2679
f 761/1801/2680 523/1804/2680 1520/1805/2680
f 1520/1805/2681 625/1802/2681 761/1801/2681
f 1963/1806/2682 637/1807/2682 764/1808/2682
f 764/1808/2683 1682/1809/2683 1963/1806/2683
f 637/1807/2684 419/1810/2684 1985/1811/2684
f 1985/1811/2685 764/1808/2685 637/1807/2685
f 1837/1812/2686 1390/1813/2686 1009/1814/2686
f 1009/1814/2687 1601/1815/2687 1837/1812/2687
f 1390/1813/2688 269/1816/2689 1437/1817/2690
f 1437/1817/2690 1009/1814/2691 1390/1813/2688
f 471/1818/2692 904/1819/2692 1543/1820/2692
f 1543/1820/2693 1929/1821/2693 471/1818/2693
f 608/1822/2694 471/1818/2694 1929/1821/2694
f 1929/1821/2695 2006/1823/2695 608/1822/2695
f 1231/1824/2696 2050/1825/2696 1260/1826/2696
f 1260/1826/2697 310/1827/2698 1231/1824/2699
f 2050/1825/2700 1635/1828/2700 263/1829/2700
f 263/1829/2701 1260/1826/2701 2050/1825/2701
f 660/1830/2702 1936/1831/2703 1883/1832/2704
f 1883/1832/2705 1854/1833/2705 660/1830/2705
f 1936/1831/2706 1107/1834/2707 1403/1835/2708
f 1403/1835/2708 1883/1832/2709 1936/1831/2706
f 847/1208/2710 158/1207/2710 987/1788/2710
f 987/1788/2711 1285/1787/2711 847/1208/2711
f 1808/1212/2712 886/1211/2712 1631/1783/2712
f 1631/1783/2713 399/1786/2713 1808/1212/2713
f 441/1836/2714 347/1837/2714 138/1225/2714
f 138/1225/2715 1519/1228/2715 441/1836/2715
f 1893/1243/2716 847/1208/2716 1285/1787/2716
f 1285/1787/2717 670/1838/2717 1893/1243/2717
f 1618/1245/2718 1893/1243/2718 670/1838/2718
f 670/1838/2719 1938/1839/2719 1618/1245/2719
f 2014/1248/2720 1453/1840/2720 746/1841/2720
f 746/1841/2721 1792/1249/2721 2014/1248/2721
f 1935/1842/2722 266/1843/2722 1792/1249/2722
f 1792/1249/2723 746/1841/2723 1935/1842/2723
f 266/1843/2724 1243/1844/2724 537/1250/2724
f 537/1250/2725 1792/1249/2725 266/1843/2725
f 1243/1844/2726 694/1845/2727 623/1254/2728
f 623/1254/2728 537/1250/2729 1243/1844/2726
f 694/1845/2730 917/1846/2730 1557/1258/2730
f 1557/1258/2731 623/1254/2728 694/1845/2727
f 1471/1847/2732 287/1848/2732 1502/1849/2732
f 1502/1849/2733 56/1850/2733 1471/1847/2733
f 1911/1279/2734 1434/1280/2734 1112/1851/2734
f 1112/1851/2735 822/1852/2735 1911/1279/2735
f 140/1853/2736 441/1836/2736 1519/1228/2736
f 1519/1228/2737 1911/1279/2737 140/1853/2737
f 917/1846/2738 1238/1854/2739 1789/1286/2740
f 1789/1286/2740 1557/1258/2741 917/1846/2738
f 886/1211/2742 1743/1287/2742 1807/1855/2742
f 1807/1855/2743 1631/1783/2743 886/1211/2743
f 1743/1287/2744 1452/1294/2744 443/1856/2744
f 443/1856/2745 1807/1855/2745 1743/1287/2745
f 2022/1857/2746 1541/1858/2746 666/1859/2746
f 666/1859/2747 309/1492/2747 2022/1857/2747
f 206/1860/2748 1384/1491/2749 309/1492/2750
f 309/1492/2750 666/1859/2751 206/1860/2748
f 864/1323/2752 1166/1799/2753 1106/1789/2754
f 1106/1789/2754 429/1792/2755 864/1323/2752
f 864/1323/2752 617/1321/2756 971/1861/2757
f 971/1861/2757 1166/1799/2753 864/1323/2752
f 60/1320/1860 801/1862/2758 971/1861/2757
f 971/1861/2757 617/1321/2756 60/1320/1860
f 801/1862/2758 60/1320/1860 1823/1318/1857
f 1823/1318/2759 2027/1863/2759 801/1862/2759
f 1778/1317/2760 990/1864/2760 2027/1863/2760
f 2027/1863/2761 1823/1318/2761 1778/1317/2761
f 1520/1805/2762 523/1804/2762 108/1312/2762
f 108/1312/1852 1549/1311/1851 1520/1805/2763
f 1479/1307/2764 1634/1865/2764 661/1866/2764
f 661/1866/2765 635/1309/2765 1479/1307/2765
f 800/1306/2766 1031/1867/2767 1634/1865/2768
f 1634/1865/2768 1479/1307/2769 800/1306/2766
f 148/1868/2770 1031/1867/2771 800/1306/2772
f 800/1306/2772 410/1302/2773 148/1868/2770
f 410/1302/2774 1468/1301/2774 1646/1869/2774
f 1646/1869/2775 148/1868/2775 410/1302/2775
f 864/1323/2776 429/1792/2776 365/1870/2776
f 365/1870/2777 29/1324/1866 864/1323/1865
f 1879/1871/2778 2022/1857/2778 309/1492/2778
f 309/1492/2779 398/1494/2779 1879/1871/2779
f 29/1324/2780 365/1870/2780 70/1872/2780
f 70/1872/2781 199/1336/2781 29/1324/2781
f 239/1873/2782 1879/1871/2782 398/1494/2782
f 398/1494/2783 574/1493/2783 239/1873/2783
f 970/1402/2784 1808/1212/2784 399/1786/2784
f 399/1786/2785 877/1874/2785 970/1402/2785
f 158/1207/2786 1558/1403/2786 624/1875/2786
f 624/1875/2787 987/1788/2787 158/1207/2787
f 138/1225/2788 347/1837/2788 1683/1876/2788
f 1683/1876/2789 87/1414/2789 138/1225/2789
f 1468/1301/2790 1768/1416/2790 1329/1877/2790
f 1329/1877/2791 1646/1869/2791 1468/1301/2791
f 1558/1403/2792 1717/1422/2792 337/1878/2792
f 337/1878/2793 624/1875/2793 1558/1403/2793
f 877/1874/2794 956/1879/2794 1998/1423/2794
f 1998/1423/2795 970/1402/2795 877/1874/2795
f 1683/1876/2796 298/1880/2796 520/1431/2796
f 520/1431/2797 87/1414/2797 1683/1876/2797
f 1768/1416/2798 234/1444/2798 1917/1881/2798
f 1917/1881/2799 1329/1877/2799 1768/1416/2799
f 1717/1422/2800 2035/1452/2800 236/1882/2800
f 236/1882/2801 337/1878/2801 1717/1422/2801
f 956/1879/2802 1263/1883/2802 1990/1453/2802
f 1990/1453/2803 1998/1423/2803 956/1879/2803
f 298/1880/2804 1264/1884/2804 802/1461/2804
f 802/1461/2805 520/1431/2805 298/1880/2805
f 234/1444/2806 446/1474/2806 685/1885/2806
f 685/1885/2807 1917/1881/2807 234/1444/2807
f 1738/1886/2808 515/1887/2808 1238/1854/2808
f 1238/1854/2809 1356/1888/2809 1738/1886/2809
f 407/1489/2810 1388/1889/2810 990/1864/2810
f 990/1864/2811 1778/1317/2811 407/1489/2811
f 612/1524/2812 1963/1806/2812 1682/1809/2812
f 1682/1809/2813 977/1523/2813 612/1524/2813
f 386/1526/2814 1985/1811/2814 419/1810/2814
f 419/1810/2815 1030/1527/2815 386/1526/2815
f 17/1890/2816 524/1891/2816 2051/1542/2816
f 2051/1542/2817 1630/1541/2817 17/1890/2817
f 1654/1559/2818 700/1892/2818 1963/1806/2818
f 1963/1806/2819 612/1524/2819 1654/1559/2819
f 1315/1561/2820 1404/1893/2820 700/1892/2820
f 700/1892/2821 1654/1559/2821 1315/1561/2821
f 1526/1564/2822 2006/1823/2822 1331/1894/2822
f 1331/1894/2823 320/1565/2823 1526/1564/2823
f 692/1895/2824 608/1822/2824 2006/1823/2824
f 2006/1823/2825 1526/1564/2825 692/1895/2825
f 1593/1896/2826 692/1895/2826 1526/1564/2826
f 1526/1564/2827 242/1563/2827 1593/1896/2827
f 1039/1897/2828 1593/1896/2828 242/1563/2828
f 242/1563/2829 463/1569/2830 1039/1897/2831
f 1148/1898/2832 1039/1897/2831 463/1569/2830
f 463/1569/2830 479/1573/2832 1148/1898/2832
f 267/1899/2833 303/1900/2833 1517/1901/2833
f 1517/1901/2834 1475/1902/2834 267/1899/2834
f 1633/1594/2835 891/1593/2835 1441/1903/2835
f 1441/1903/2836 762/1904/2836 1633/1594/2836
f 524/1891/2837 1997/1905/2837 891/1593/2837
f 891/1593/2838 2051/1542/2838 524/1891/2838
f 1148/1898/2839 1129/1906/2839 321/1907/2839
f 321/1907/2840 163/1908/2840 1148/1898/2840
f 891/1593/2841 1997/1905/2841 1491/1909/2841
f 1491/1909/2842 1441/1903/2842 891/1593/2842
f 1030/1527/2843 419/1810/2843 1256/1910/2843
f 1256/1910/2844 484/1601/2844 1030/1527/2844
f 484/1601/2845 1256/1910/2845 1141/1911/2845
f 1141/1911/2846 2049/1607/2846 484/1601/2846
f 904/1819/2847 1598/1912/2847 38/1763/2847
f 38/1763/2848 1543/1820/2848 904/1819/2848
f 1543/1820/2849 38/1763/2850 1731/1913/2849
f 1731/1913/2849 1931/1914/2851 1543/1820/2849
f 65/1637/2852 263/1829/2853 1635/1828/2854
f 1635/1828/2854 945/1915/2855 65/1637/2852
f 65/1637/2852 945/1915/2855 420/1916/2856
f 420/1916/2856 1718/1636/2857 65/1637/2852
f 218/1634/2285 1718/1636/2857 420/1916/2856
f 420/1916/2856 192/1917/2858 218/1634/2285
f 192/1917/2859 660/1830/2859 276/1630/2859
f 276/1630/2281 218/1634/2285 192/1917/2858
f 522/1631/2860 276/1630/2860 660/1830/2860
f 660/1830/2861 1854/1833/2861 522/1631/2861
f 931/1918/2862 1643/1625/2279 301/1628/2278
f 301/1628/2863 221/1919/2863 931/1918/2863
f 1755/1920/2864 1828/1622/2864 1614/1624/2864
f 1614/1624/2865 2016/1921/2865 1755/1920/2865
f 53/1922/2866 363/1620/2867 1828/1622/2868
f 1828/1622/2868 1755/1920/2869 53/1922/2866
f 1837/1812/2870 1020/1618/2871 363/1620/2872
f 363/1620/2872 53/1922/2873 1837/1812/2870
f 1020/1618/2874 1837/1812/2874 1601/1815/2874
f 1601/1815/2875 1534/1615/2875 1020/1618/2875
f 65/1637/2293 1568/1638/2292 425/1923/2876
f 425/1923/2877 263/1829/2877 65/1637/2877
f 1598/1912/2878 603/1924/2878 382/1764/2878
f 382/1764/2879 38/1763/2879 1598/1912/2879
f 1568/1638/2880 199/1336/2880 70/1872/2880
f 70/1872/2881 425/1923/2881 1568/1638/2881
f 603/1924/2882 239/1873/2882 574/1493/2882
f 574/1493/2883 382/1764/2883 603/1924/2883
f 1309/1683/2884 1053/1925/2884 1985/1811/2884
f 1985/1811/2885 386/1526/2885 1309/1683/2885
f 977/1523/2886 1682/1809/2886 175/1926/2886
f 175/1926/2887 1273/1684/2887 977/1523/2887
f 161/1927/2888 17/1890/2889 1630/1541/2890
f 1630/1541/2891 1697/1694/2891 161/1927/2891
f 1534/1615/2892 1601/1815/2892 927/1928/2892
f 927/1928/2893 521/1696/2893 1534/1615/2893
f 1273/1684/2894 175/1926/2894 1398/1929/2894
f 1398/1929/2895 1472/1701/2895 1273/1684/2895
f 1053/1925/2896 1309/1683/2896 754/1703/2896
f 754/1703/2897 602/1930/2897 1053/1925/2897
f 57/1931/2898 161/1927/2898 1697/1694/2898
f 1697/1694/2899 1658/1711/2899 57/1931/2899
f 521/1696/2900 927/1928/2900 1360/1932/2900
f 1360/1932/2901 1711/1721/2901 521/1696/2901
f 1472/1701/2902 1398/1929/2902 2031/1933/2902
f 2031/1933/2903 536/1728/2903 1472/1701/2903
f 602/1930/2904 754/1703/2905 1694/1730/2906
f 1694/1730/2906 433/1934/2907 602/1930/2904
f 1539/1738/2908 478/1935/2908 57/1931/2908
f 57/1931/2909 1658/1711/2909 1539/1738/2909
f 1711/1721/2910 1360/1932/2910 1622/1936/2910
f 1622/1936/2911 872/1748/2911 1711/1721/2911
f 1621/1937/2912 321/1907/2913 1129/1906/2914
f 1129/1906/2915 388/1938/2915 1621/1937/2915
f 1244/1761/2916 522/1631/2916 1854/1833/2916
f 1854/1833/2917 1337/1939/2917 1244/1761/2917
f 1475/1902/2918 1621/1937/2919 388/1938/2920
f 388/1938/2921 267/1899/2921 1475/1902/2921
f 301/1628/2922 1244/1761/2923 1337/1939/2924
f 1337/1939/2924 221/1919/2925 301/1628/2922
f 108/1312/2926 523/1804/2927 1388/1889/2928
f 1388/1889/2928 407/1489/2929 108/1312/2926
f 287/1848/2930 1471/1847/2930 515/1887/2930
f 515/1887/2931 1738/1886/2931 287/1848/2931
f 1285/1787/2932 1223/1784/2932 213/1940/2932
f 213/1940/2933 670/1838/2933 1285/1787/2933
f 1223/1784/2934 1631/1783/2934 1807/1855/2934
f 1807/1855/2935 213/1940/2935 1223/1784/2935
f 399/1786/2936 230/1785/2936 1062/1941/2936
f 1062/1941/2937 877/1874/2937 399/1786/2937
f 230/1785/2938 987/1788/2938 624/1875/2938
f 624/1875/2939 1062/1941/2939 230/1785/2939
f 750/1942/2940 688/1943/2941 1867/1944/2942
f 1867/1944/2942 1753/1945/2943 750/1942/2940
f 688/1943/2944 148/1868/2944 1646/1869/2944
f 1646/1869/2945 1867/1944/2945 688/1943/2945
f 1753/1945/2946 1867/1944/2946 1276/1946/2946
f 1276/1946/2947 650/1947/2947 1753/1945/2947
f 1867/1944/2948 1646/1869/2948 1329/1877/2948
f 1329/1877/2949 1276/1946/2949 1867/1944/2949
f 670/1838/2950 213/1940/2951 492/1948/2952
f 492/1948/2952 1938/1839/2953 670/1838/2950
f 213/1940/2954 1807/1855/2954 443/1856/2954
f 443/1856/2955 492/1948/2955 213/1940/2955
f 1453/1840/2956 1229/1949/2957 1322/1950/2958
f 1322/1950/2958 746/1841/2959 1453/1840/2956
f 1229/1949/2960 206/1860/2960 666/1859/2960
f 666/1859/2961 1322/1950/2961 1229/1949/2961
f 679/1951/2962 1935/1842/2962 746/1841/2962
f 746/1841/2963 1322/1950/2963 679/1951/2963
f 1541/1858/2964 679/1951/2964 1322/1950/2964
f 1322/1950/2965 666/1859/2965 1541/1858/2965
f 698/1798/2966 1712/1797/2967 898/1952/2968
f 898/1952/2968 312/1953/2969 698/1798/2966
f 1712/1797/2675 1166/1799/2674 971/1861/2970
f 971/1861/2970 898/1952/2971 1712/1797/2675
f 312/1953/2969 898/1952/2968 268/1954/2972
f 268/1954/2972 741/1955/2973 312/1953/2969
f 898/1952/2971 971/1861/2970 801/1862/2974
f 801/1862/2974 268/1954/2975 898/1952/2971
f 741/1955/2973 268/1954/2972 91/1956/2976
f 91/1956/2976 1108/1957/2977 741/1955/2973
f 268/1954/2975 801/1862/2974 2027/1863/2978
f 2027/1863/2978 91/1956/2979 268/1954/2975
f 1108/1957/2977 91/1956/2976 1435/1958/2980
f 1435/1958/2980 887/1959/2981 1108/1957/2977
f 91/1956/2982 2027/1863/2983 990/1864/2984
f 990/1864/2984 1435/1958/2985 91/1956/2982
f 1909/1960/2986 1392/1961/2986 1650/1962/2986
f 1650/1962/2987 1510/1963/2987 1909/1960/2987
f 1634/1865/2988 1909/1960/2988 1510/1963/2988
f 1510/1963/2989 661/1866/2989 1634/1865/2989
f 148/1868/2990 688/1943/2990 1087/1964/2990
f 1087/1964/2991 1031/1867/2991 148/1868/2991
f 688/1943/2992 750/1942/2992 41/1965/2992
f 41/1965/2993 1087/1964/2993 688/1943/2993
f 887/1959/2981 1435/1958/2980 1401/1966/2994
f 1401/1966/2995 718/1967/2996 887/1959/2997
f 1435/1958/2998 990/1864/2999 1388/1889/3000
f 1388/1889/3000 1401/1966/3001 1435/1958/2998
f 1031/1867/3002 1087/1964/3002 1909/1960/3002
f 1909/1960/3003 1634/1865/3003 1031/1867/3003
f 1087/1964/3004 41/1965/3004 1392/1961/3004
f 1392/1961/3005 1909/1960/3005 1087/1964/3005
f 429/1792/3006 328/1791/3006 1560/1968/3006
f 1560/1968/3007 365/1870/3007 429/1792/3007
f 328/1791/2666 1037/1794/2666 20/1969/3008
f 20/1969/3009 1560/1968/3009 328/1791/3009
f 365/1870/3010 1560/1968/3010 1914/1970/3010
f 1914/1970/3011 70/1872/3011 365/1870/3011
f 1560/1968/3012 20/1969/3013 95/1971/3014
f 95/1971/3014 1914/1970/3015 1560/1968/3012
f 877/1874/3016 1062/1941/3016 1746/1972/3016
f 1746/1972/3017 956/1879/3017 877/1874/3017
f 1062/1941/3018 624/1875/3018 337/1878/3018
f 337/1878/3019 1746/1972/3019 1062/1941/3019
f 650/1947/3020 1276/1946/3020 749/1973/3020
f 749/1973/3021 989/1974/3021 650/1947/3021
f 1276/1946/3022 1329/1877/3023 1917/1881/3024
f 1917/1881/3024 749/1973/3025 1276/1946/3022
f 956/1879/3026 1746/1972/3026 507/1975/3026
f 507/1975/3027 1263/1883/3027 956/1879/3027
f 1746/1972/3028 337/1878/3028 236/1882/3028
f 236/1882/3029 507/1975/3029 1746/1972/3029
f 989/1974/3030 749/1973/3030 241/1976/3030
f 241/1976/3031 1841/1977/3031 989/1974/3031
f 749/1973/3032 1917/1881/3032 685/1885/3032
f 685/1885/3033 241/1976/3033 749/1973/3033
f 523/1804/3034 761/1801/3034 1401/1966/3034
f 1401/1966/3035 1388/1889/3035 523/1804/3035
f 761/1801/2677 2010/1800/2676 718/1967/3036
f 718/1967/2996 1401/1966/2995 761/1801/3037
f 1682/1809/3038 764/1808/3038 1040/1978/3038
f 1040/1978/3039 175/1926/3039 1682/1809/3039
f 764/1808/3040 1985/1811/3040 1053/1925/3040
f 1053/1925/3041 1040/1978/3041 764/1808/3041
f 269/1816/3042 1390/1813/3042 897/1979/3042
f 897/1979/3043 1864/1980/3043 269/1816/3043
f 1390/1813/3044 1837/1812/3044 53/1922/3044
f 53/1922/3045 897/1979/3045 1390/1813/3045
f 1601/1815/3046 1009/1814/3046 152/1981/3046
f 152/1981/3047 927/1928/3047 1601/1815/3047
f 1009/1814/3048 1437/1817/3048 883/1982/3048
f 883/1982/3049 152/1981/3049 1009/1814/3049
f 419/1810/3050 637/1807/3050 405/1983/3050
f 405/1983/3051 1256/1910/3051 419/1810/3051
f 637/1807/3052 1963/1806/3052 700/1892/3052
f 700/1892/3053 405/1983/3053 637/1807/3053
f 1256/1910/3054 405/1983/3054 1582/1984/3054
f 1582/1984/3055 1141/1911/3055 1256/1910/3055
f 405/1983/3056 700/1892/3057 1404/1893/3058
f 1404/1893/3058 1582/1984/3059 405/1983/3056
f 1929/1821/3060 1543/1820/3060 1931/1914/3060
f 1931/1914/3061 40/1985/3061 1929/1821/3061
f 2006/1823/3062 1929/1821/3063 40/1985/3064
f 40/1985/3064 1331/1894/3065 2006/1823/3062
f 1635/1828/3066 589/1986/3066 1629/1987/3066
f 1629/1987/3067 945/1915/3068 1635/1828/3069
f 589/1986/3070 939/1988/3071 1585/1989/3072
f 1585/1989/3072 1629/1987/3073 589/1986/3070
f 945/1915/3068 1629/1987/3067 440/1990/3074
f 440/1990/3074 420/1916/3075 945/1915/3068
f 1629/1987/3076 1585/1989/3077 628/1991/3078
f 628/1991/3078 440/1990/3079 1629/1987/3076
f 420/1916/3075 440/1990/3074 1114/1992/3080
f 1114/1992/3080 192/1917/3081 420/1916/3075
f 440/1990/3079 628/1991/3078 247/1993/3082
f 247/1993/3082 1114/1992/3083 440/1990/3079
f 192/1917/3081 1114/1992/3080 1936/1831/2703
f 1936/1831/2703 660/1830/2702 192/1917/3081
f 1114/1992/3083 247/1993/3082 1107/1834/2707
f 1107/1834/2707 1936/1831/2706 1114/1992/3083
f 221/1919/3084 458/1994/3084 817/1995/3084
f 817/1995/3085 931/1918/3085 221/1919/3085
f 458/1994/3086 1624/1996/3086 781/1997/3086
f 781/1997/3087 817/1995/3087 458/1994/3087
f 1864/1980/3088 897/1979/3088 377/1998/3088
f 377/1998/3089 534/1999/3089 1864/1980/3089
f 897/1979/3090 53/1922/3090 1755/1920/3090
f 1755/1920/3091 377/1998/3091 897/1979/3091
f 1854/1833/3092 1883/1832/3093 465/2000/3094
f 465/2000/3094 1337/1939/3095 1854/1833/3092
f 1883/1832/2709 1403/1835/2708 1663/2001/3096
f 1663/2001/3097 465/2000/3097 1883/1832/3097
f 377/1998/3098 1755/1920/3098 2016/1921/3098
f 2016/1921/3099 1714/2002/3099 377/1998/3099
f 640/2003/3100 534/1999/3100 377/1998/3100
f 377/1998/3101 1714/2002/3101 640/2003/3101
f 310/1827/2698 1260/1826/2697 1443/2004/3102
f 1443/2004/3103 929/2005/3103 310/1827/3103
f 1260/1826/3104 263/1829/3104 425/1923/3104
f 425/1923/3105 1443/2004/3105 1260/1826/3105
f 70/1872/3106 1914/1970/3106 1443/2004/3106
f 1443/2004/3107 425/1923/3107 70/1872/3107
f 1914/1970/3108 95/1971/3109 929/2005/3110
f 929/2005/3110 1443/2004/3111 1914/1970/3108
f 175/1926/3112 1040/1978/3112 220/2006/3112
f 220/2006/3113 1398/1929/3113 175/1926/3113
f 1040/1978/3114 1053/1925/3114 602/1930/3114
f 602/1930/3115 220/2006/3115 1040/1978/3115
f 927/1928/3116 152/1981/3116 322/2007/3116
f 322/2007/3117 1360/1932/3117 927/1928/3117
f 152/1981/3118 883/1982/3118 281/2008/3118
f 281/2008/3119 322/2007/3119 152/1981/3119
f 1398/1929/3120 220/2006/3120 1889/2009/3120
f 1889/2009/3121 2031/1933/3121 1398/1929/3121
f 220/2006/3122 602/1930/3122 433/1934/3122
f 433/1934/3123 1889/2009/3123 220/2006/3123
f 1360/1932/3124 322/2007/3124 397/2010/3124
f 397/2010/3125 1622/1936/3125 1360/1932/3125
f 322/2007/3126 281/2008/3126 1527/2011/3126
f 1527/2011/3127 397/2010/3127 322/2007/3127
f 1624/1996/3128 458/1994/3128 465/2000/3128
f 465/2000/3129 1663/2001/3129 1624/1996/3129
f 458/1994/3130 221/1919/3130 1337/1939/3130
f 1337/1939/3131 465/2000/3131 458/1994/3131
f 1678/2012/3132 799/1793/3132 835/1790/3132
f 835/1790/3133 1855/2013/3133 1678/2012/3133
f 835/1790/3134 1106/1789/3134 878/1796/3134
f 878/1796/3135 1855/2013/3135 835/1790/3135
f 878/1796/3136 143/1795/3136 1678/2012/3136
f 1678/2012/3137 1855/2013/3137 878/1796/3137
f 589/1986/3138 1635/1828/3138 2050/1825/3138
f 2050/1825/3139 1278/2014/3139 589/1986/3139
f 2050/1825/3140 1231/1824/3140 756/2015/3140
f 756/2015/3141 1278/2014/3141 2050/1825/3141
f 756/2015/3142 939/1988/3142 589/1986/3142
f 589/1986/3143 1278/2014/3143 756/2015/3143
f 1138/2016/3144 1080/2017/3144 1785/2018/3144
f 1785/2018/3145 292/2019/3145 1138/2016/3145
f 1080/2017/3146 704/2020/3146 959/2021/3146
f 959/2021/3147 1785/2018/3147 1080/2017/3147
f 1742/2022/3148 448/2023/3148 958/2024/3148
f 958/2024/3149 153/2025/3149 1742/2022/3149
f 448/2023/3150 110/2026/3150 1548/2027/3150
f 1548/2027/3151 958/2024/3151 448/2023/3151
f 1225/2028/3152 1499/2029/3152 1395/2030/3152
f 1395/2030/3153 2020/2031/3153 1225/2028/3153
f 1499/2029/3154 871/2032/3154 1476/2033/3154
f 1476/2033/3155 1395/2030/3155 1499/2029/3155
f 1561/1501/3156 1280/1502/3156 959/2021/3156
f 959/2021/3157 704/2020/3157 1561/1501/3157
f 1138/2016/3158 292/2019/3158 1724/1230/3158
f 1724/1230/3159 1358/1229/3159 1138/2016/3159
f 1133/2034/3160 1489/1499/3160 1561/1501/3160
f 1561/1501/3161 704/2020/3161 1133/2034/3161
f 1133/2034/3162 743/2035/3162 150/1500/3162
f 150/1500/3163 1489/1499/3163 1133/2034/3163
f 1782/2036/3164 1104/2037/3164 753/1498/3164
f 753/1498/2135 1609/1497/2134 1782/2036/3165
f 1138/2016/3166 1358/1229/3166 943/1337/3166
f 943/1337/3167 1594/2038/3167 1138/2016/3167
f 943/1337/3168 169/1340/3168 1719/2039/3168
f 1719/2039/3169 1594/2038/3169 943/1337/3169
f 174/1344/3170 240/1343/3170 35/2040/3170
f 35/2040/3171 139/2041/3171 174/1344/3171
f 389/1495/3172 1972/2042/3173 1317/2043/3174
f 1317/2043/3175 485/1496/3176 389/1495/3177
f 1532/1372/3178 1875/2044/3178 1710/2045/3178
f 1710/2045/3179 1533/1373/3179 1532/1372/3179
f 292/2019/3180 1934/2046/3180 1685/1398/3180
f 1685/1398/3181 1724/1230/3181 292/2019/3181
f 1280/1502/3182 548/1503/3182 1180/2047/3182
f 1180/2047/3183 959/2021/3183 1280/1502/3183
f 548/1503/3184 47/1504/3184 223/2048/3184
f 223/2048/3185 1180/2047/3185 548/1503/3185
f 1934/2046/3186 1900/2049/3186 99/1433/3186
f 99/1433/2023 1685/1398/1974 1934/2046/3187
f 47/1504/3188 1556/1505/3188 1255/2050/3188
f 1255/2050/3189 223/2048/3189 47/1504/3189
f 1900/2049/3190 190/2051/3190 1298/1463/3190
f 1298/1463/3191 99/1433/3191 1900/2049/3191
f 1393/1769/3192 1742/2022/3192 153/2025/3192
f 153/2025/3193 1483/1770/3193 1393/1769/3193
f 110/2026/3194 74/1545/3194 1504/1548/3194
f 1504/1548/3195 1548/2027/3195 110/2026/3195
f 432/2052/3196 1742/2022/3196 1393/1769/3196
f 1393/1769/3197 590/1767/3197 432/2052/3197
f 432/2052/3198 590/1767/3198 435/1768/3198
f 435/1768/3199 79/2053/3199 432/2052/3199
f 871/2032/3200 1387/1766/3200 755/1765/3200
f 755/1765/3201 1476/2033/3201 871/2032/3201
f 110/2026/3202 552/2054/3202 1105/1639/3202
f 1105/1639/3203 74/1545/3203 110/2026/3203
f 1105/1639/3204 552/2054/3204 527/2055/3204
f 527/2055/3205 1/1641/3205 1105/1639/3205
f 413/1644/3206 1225/2028/3206 2020/2031/3206
f 2020/2031/3207 1072/1645/3207 413/1644/3207
f 755/1765/3208 485/1496/3176 1317/2043/3175
f 1317/2043/3209 1476/2033/3209 755/1765/3209
f 1532/1372/3210 1072/1645/3210 2020/2031/3210
f 2020/2031/3211 1875/2044/3211 1532/1372/3211
f 1548/2027/3212 1504/1548/3212 964/1679/3212
f 964/1679/3213 235/2056/3213 1548/2027/3213
f 1483/1770/3214 153/2025/3214 1991/2057/3214
f 1991/2057/3215 2023/1771/2555 1483/1770/2558
f 2023/1771/3216 1991/2057/3216 983/2058/3216
f 983/2058/3217 259/1772/3217 2023/1771/3217
f 235/2056/3218 964/1679/3218 273/1713/3218
f 273/1713/3219 264/2059/3219 235/2056/3219
f 259/1772/3220 983/2058/3220 330/2060/3220
f 330/2060/3221 659/1773/3221 259/1772/3221
f 264/2059/3222 273/1713/3222 702/1740/3222
f 702/1740/3223 1149/2061/3223 264/2059/3223
f 704/2020/3224 1080/2017/3224 1301/2062/3224
f 1301/2062/3225 1133/2034/3225 704/2020/3225
f 1080/2017/3226 1138/2016/3226 1594/2038/3226
f 1594/2038/3227 1301/2062/3227 1080/2017/3227
f 292/2019/3228 1785/2018/3228 1156/2063/3228
f 1156/2063/3229 1934/2046/3229 292/2019/3229
f 1785/2018/3230 959/2021/3230 1180/2047/3230
f 1180/2047/3231 1156/2063/3231 1785/2018/3231
f 1133/2034/3232 1301/2062/3232 482/2064/3232
f 482/2064/3233 743/2035/3233 1133/2034/3233
f 1301/2062/3234 1594/2038/3234 1719/2039/3234
f 1719/2039/3235 482/2064/3235 1301/2062/3235
f 1782/2036/3236 342/2065/3236 467/2066/3236
f 467/2066/3237 1104/2037/3237 1782/2036/3237
f 342/2065/3238 139/2041/3238 35/2040/3238
f 35/2040/3239 467/2066/3239 342/2065/3239
f 1972/2042/3240 1723/2067/3240 1457/2068/3240
f 1457/2068/3241 1317/2043/3241 1972/2042/3241
f 1723/2067/3242 1710/2045/3242 1875/2044/3242
f 1875/2044/3243 1457/2068/3243 1723/2067/3243
f 1934/2046/3244 1156/2063/3244 771/2069/3244
f 771/2069/3245 1900/2049/3245 1934/2046/3245
f 1156/2063/3246 1180/2047/3246 223/2048/3246
f 223/2048/3247 771/2069/3247 1156/2063/3247
f 1900/2049/3248 771/2069/3248 253/2070/3248
f 253/2070/3249 190/2051/3249 1900/2049/3249
f 771/2069/3250 223/2048/3250 1255/2050/3250
f 1255/2050/3251 253/2070/3251 771/2069/3251
f 153/2025/3252 958/2024/3252 1003/2071/3253
f 1003/2071/3253 1991/2057/3253 153/2025/3252
f 958/2024/3254 1548/2027/3254 235/2056/3254
f 235/2056/3255 1003/2071/3255 958/2024/3255
f 110/2026/3256 448/2023/3256 818/2072/3256
f 818/2072/3257 552/2054/3257 110/2026/3257
f 448/2023/3258 1742/2022/3258 432/2052/3258
f 432/2052/3259 818/2072/3259 448/2023/3259
f 552/2054/3260 818/2072/3260 1907/2073/3260
f 1907/2073/3261 527/2055/3261 552/2054/3261
f 818/2072/3262 432/2052/3262 79/2053/3262
f 79/2053/3263 1907/2073/3263 818/2072/3263
f 1317/2043/3264 1457/2068/3264 1395/2030/3264
f 1395/2030/3265 1476/2033/3265 1317/2043/3265
f 1457/2068/3266 1875/2044/3266 2020/2031/3266
f 2020/2031/3267 1395/2030/3267 1457/2068/3267
f 1991/2057/3268 1003/2071/3268 834/2074/3268
f 834/2074/3269 983/2058/3269 1991/2057/3269
f 1003/2071/3270 235/2056/3270 264/2059/3270
f 264/2059/3271 834/2074/3271 1003/2071/3271
f 983/2058/3272 834/2074/3272 1892/2075/3272
f 1892/2075/3273 330/2060/3273 983/2058/3273
f 834/2074/3274 264/2059/3275 1149/2061/3276
f 1149/2061/3276 1892/2075/3277 834/2074/3274
f 631/1277/3278 1872/2076/3278 921/2077/3278
f 921/2077/3279 504/1278/3279 631/1277/3279
f 1197/2078/3280 822/1852/3280 1112/1851/3280
f 1112/1851/3281 502/2079/3281 1197/2078/3281
f 1475/1902/3282 1517/1901/3282 936/2080/3282
f 936/2080/3283 960/2081/3283 1475/1902/3283
f 960/2081/3284 33/2082/3284 1621/1937/3284
f 1621/1937/2919 1475/1902/2918 960/2081/3285
f 33/2082/3286 163/1908/3286 321/1907/3286
f 321/1907/2913 1621/1937/2912 33/2082/3287
f 1039/1897/3288 1148/1898/3288 1107/1834/3288
f 1107/1834/3289 247/1993/3290 1039/1897/3291
f 1593/1896/3292 1039/1897/3291 247/1993/3290
f 247/1993/3293 628/1991/3294 1593/1896/3295
f 692/1895/3296 1593/1896/3295 628/1991/3294
f 628/1991/3297 1585/1989/3297 692/1895/3297
f 608/1822/3298 692/1895/3299 1585/1989/3300
f 1585/1989/3300 939/1988/3301 608/1822/3298
f 471/1818/3302 608/1822/3302 939/1988/3302
f 939/1988/3303 756/2015/3303 471/1818/3303
f 904/1819/3304 471/1818/3304 756/2015/3304
f 756/2015/3305 1231/1824/3305 904/1819/3305
f 1598/1912/3306 904/1819/3306 1231/1824/3306
f 1231/1824/3307 310/1827/3307 1598/1912/3307
f 603/1924/3308 1598/1912/3308 310/1827/3308
f 310/1827/3309 929/2005/3309 603/1924/3309
f 239/1873/3310 603/1924/3310 929/2005/3310
f 929/2005/3311 95/1971/3311 239/1873/3311
f 1879/1871/3312 239/1873/3312 95/1971/3312
f 95/1971/3313 20/1969/3313 1879/1871/3313
f 2022/1857/3314 1879/1871/3314 20/1969/3314
f 20/1969/3315 1037/1794/3315 2022/1857/3315
f 1541/1858/3316 2022/1857/3316 1037/1794/3316
f 1037/1794/3317 799/1793/3317 1541/1858/3317
f 679/1951/3318 1541/1858/3318 799/1793/3318
f 799/1793/3319 1678/2012/3319 679/1951/3319
f 1935/1842/3320 679/1951/3320 1678/2012/3320
f 1678/2012/3321 143/1795/3321 1935/1842/3321
f 266/1843/3322 1935/1842/3323 143/1795/3324
f 143/1795/3324 698/1798/3325 266/1843/3322
f 1243/1844/3326 266/1843/3326 698/1798/3326
f 698/1798/3327 312/1953/3328 1243/1844/3329
f 694/1845/3330 1243/1844/3329 312/1953/3328
f 312/1953/3331 741/1955/3332 694/1845/3333
f 917/1846/3334 694/1845/3333 741/1955/3332
f 741/1955/3335 1108/1957/3336 917/1846/3337
f 1238/1854/3338 917/1846/3337 1108/1957/3336
f 1108/1957/3339 887/1959/3339 1238/1854/3339
f 1518/2083/3340 287/1848/3340 1738/1886/3340
f 1738/1886/3341 1356/1888/3341 1518/2083/3341
f 1502/1849/3342 287/1848/3342 1518/2083/3342
f 1518/2083/3343 193/2084/3343 1502/1849/3343
f 937/2085/3344 822/1852/3344 1197/2078/3344
f 1197/2078/3345 648/2086/3345 937/2085/3345
f 140/1853/3346 1911/1279/3346 822/1852/3346
f 822/1852/3347 937/2085/3347 140/1853/3347
f 1441/1903/3348 1987/2087/3349 265/2088/3350
f 265/2088/3351 762/1904/3351 1441/1903/3351
f 1306/1591/3352 605/2089/3352 480/2090/3352
f 480/2090/3353 991/1592/3353 1306/1591/3353
f 1441/1903/3354 1491/1909/3354 1967/2091/3354
f 1967/2091/3355 1987/2087/3349 1441/1903/3348
f 478/1935/3356 1527/2011/3356 281/2008/3356
f 281/2008/3357 57/1931/3357 478/1935/3357
f 281/2008/3358 883/1982/3358 161/1927/3358
f 161/1927/3359 57/1931/3359 281/2008/3359
f 883/1982/3360 1437/1817/3360 17/1890/3360
f 17/1890/2889 161/1927/2888 883/1982/3361
f 1437/1817/3362 269/1816/3362 524/1891/3362
f 524/1891/3363 17/1890/3363 1437/1817/3363
f 269/1816/3364 1864/1980/3364 1997/1905/3364
f 1997/1905/3365 524/1891/3365 269/1816/3365
f 1997/1905/3366 1864/1980/3366 534/1999/3366
f 534/1999/3367 1491/1909/3367 1997/1905/3367
f 1967/2091/3368 1491/1909/3368 534/1999/3368
f 534/1999/3369 640/2003/3369 1967/2091/3369
f 960/2081/3370 936/2080/3370 781/1997/3370
f 781/1997/3371 1624/1996/3371 960/2081/3371
f 1624/1996/3372 1663/2001/3372 33/2082/3372
f 33/2082/3373 960/2081/3373 1624/1996/3373
f 1663/2001/3374 1403/1835/3374 163/1908/3374
f 163/1908/3375 33/2082/3375 1663/2001/3375
f 1403/1835/3376 1107/1834/3376 1148/1898/3376
f 1148/1898/3377 163/1908/3377 1403/1835/3377
f 718/1967/3378 1356/1888/3378 1238/1854/3378
f 1238/1854/3379 887/1959/3379 718/1967/3379
f 2010/1800/3380 1518/2083/3380 1356/1888/3380
f 1356/1888/3381 718/1967/3381 2010/1800/3381
f 193/2084/3382 1518/2083/3382 2010/1800/3382
f 2010/1800/3383 564/1803/3383 193/2084/3383
f 1392/1961/3384 937/2085/3384 648/2086/3384
f 648/2086/3385 1650/1962/3385 1392/1961/3385
f 41/1965/3386 140/1853/3386 937/2085/3386
f 937/2085/3387 1392/1961/3387 41/1965/3387
f 41/1965/3388 750/1942/3388 441/1836/3388
f 441/1836/3389 140/1853/3389 41/1965/3389
f 750/1942/3390 1753/1945/3390 347/1837/3390
f 347/1837/3391 441/1836/3391 750/1942/3391
f 1683/1876/3392 347/1837/3392 1753/1945/3392
f 1753/1945/3393 650/1947/3393 1683/1876/3393
f 650/1947/3394 989/1974/3394 298/1880/3394
f 298/1880/3395 1683/1876/3395 650/1947/3395
f 989/1974/3396 1841/1977/3396 1264/1884/3396
f 1264/1884/3397 298/1880/3397 989/1974/3397
f 1481/2092/3398 1394/1707/3398 610/1734/3398
f 610/1734/3399 1492/2093/3399 1481/2092/3399
f 1677/2094/3400 859/1690/3400 1394/1707/3400
f 1394/1707/3401 1481/2092/3401 1677/2094/3401
f 102/2095/3402 1572/1536/3402 859/1690/3402
f 859/1690/3403 1677/2094/3403 102/2095/3403
f 561/2096/3404 1839/1533/3404 1572/1536/3404
f 1572/1536/3405 102/2095/3405 561/2096/3405
f 1036/1589/3406 717/1579/3406 1839/1533/3406
f 1839/1533/3407 561/2096/3407 1036/1589/3407
f 1036/1589/3408 836/1588/3408 957/1580/3408
f 957/1580/3409 717/1579/3409 1036/1589/3409
f 605/2089/3410 595/1575/3410 1734/1578/3410
f 1734/1578/3411 480/2090/3411 605/2089/3411
f 1517/1901/3412 303/1900/3412 265/2088/3412
f 265/2088/3413 1987/2087/3413 1517/1901/3413
f 936/2080/3414 1517/1901/3414 1987/2087/3414
f 1987/2087/3415 1967/2091/3415 936/2080/3415
f 781/1997/3416 936/2080/3416 1967/2091/3416
f 1967/2091/3417 640/2003/3417 781/1997/3417
f 817/1995/3418 781/1997/3418 640/2003/3418
f 640/2003/3419 1714/2002/3419 817/1995/3419
f 931/1918/3420 817/1995/3420 1714/2002/3420
f 1714/2002/3421 2016/1921/3421 931/1918/3421
f 2016/1921/3422 1614/1624/3423 1643/1625/3424
f 1643/1625/3425 931/1918/3425 2016/1921/3425
f 1614/1624/3426 2026/1623/3426 1013/1626/3426
f 1013/1626/3427 1643/1625/3424 1614/1624/3423
f 654/1331/3428 1013/1626/3428 2026/1623/3428
f 2026/1623/3429 306/1329/3429 654/1331/3429
f 1482/1314/3430 654/1331/3430 306/1329/3430
f 306/1329/3431 1048/1310/3431 1482/1314/3431
f 635/1309/3432 1549/1311/3433 1482/1314/3434
f 1482/1314/3435 1048/1310/3435 635/1309/3435
f 661/1866/3436 1520/1805/3436 1549/1311/3436
f 1549/1311/3433 635/1309/3432 661/1866/3437
f 625/1802/3438 1520/1805/3438 661/1866/3438
f 661/1866/3439 1510/1963/3439 625/1802/3439
f 564/1803/3440 625/1802/3440 1510/1963/3440
f 1510/1963/3441 1650/1962/3441 564/1803/3441
f 648/2086/3442 193/2084/3442 564/1803/3442
f 564/1803/3443 1650/1962/3443 648/2086/3443
f 1197/2078/3444 1502/1849/3444 193/2084/3444
f 193/2084/3445 648/2086/3445 1197/2078/3445
f 56/1850/3446 1502/1849/3446 1197/2078/3446
f 1197/2078/3447 502/2079/3447 56/1850/3447
f 1872/2076/3448 1173/1259/3448 1415/1262/3448
f 1415/1262/3449 921/2077/3449 1872/2076/3449
f 1157/1267/3450 1636/1263/3450 1151/1266/3450
f 1151/1266/3451 652/1276/3451 1157/1267/3451
f 1157/1267/3452 1850/1223/3452 681/1217/3452
f 681/1217/3453 1636/1263/3453 1157/1267/3453
f 1850/1223/3454 708/1222/3454 730/1218/3454
f 730/1218/3455 681/1217/3455 1850/1223/3455
f 708/1222/3456 160/1411/3456 442/1408/3456
f 442/1408/3457 730/1218/3457 708/1222/3457
f 160/1411/3458 606/1430/3458 216/1427/3458
f 216/1427/3459 442/1408/3459 160/1411/3459
f 606/1430/3460 994/1460/3460 1642/1457/3460
f 1642/1457/3461 216/1427/3461 606/1430/3461
f 1406/1356/3462 526/1358/3462 501/1361/3462
f 501/1361/3463 1901/1357/3463 1406/1356/3463
f 1521/1511/3464 1901/1357/3464 501/1361/3464
f 501/1361/3465 778/1508/3465 1521/1511/3465
f 529/1351/3466 493/1350/3466 1521/1511/3466
f 1521/1511/3467 778/1508/3467 529/1351/3467
f 1211/1346/3468 493/1350/3468 529/1351/3468
f 529/1351/3469 1565/1347/3469 1211/1346/3469
f 48/1339/3470 1211/1346/3470 1565/1347/3470
f 1565/1347/3471 840/1341/3471 48/1339/3471
f 169/1340/3472 48/1339/3472 840/1341/3472
f 840/1341/3473 174/1344/3473 169/1340/3473
f 1719/2039/3474 169/1340/3474 174/1344/3474
f 174/1344/3475 139/2041/3475 1719/2039/3475
f 482/2064/3476 1719/2039/3476 139/2041/3476
f 139/2041/3477 342/2065/3477 482/2064/3477
f 743/2035/3478 482/2064/3478 342/2065/3478
f 342/2065/3479 1782/2036/3479 743/2035/3479
f 150/1500/3480 743/2035/3480 1782/2036/3480
f 1782/2036/3481 1609/1497/3481 150/1500/3481
f 1421/1291/3482 150/1500/3482 1609/1497/3482
f 1609/1497/3483 324/1299/3483 1421/1291/3483
f 1588/1292/3484 1421/1291/3484 324/1299/3484
f 324/1299/3485 683/1295/3486 1588/1292/3487
f 375/1293/3488 1588/1292/3487 683/1295/3486
f 683/1295/3486 792/1298/3489 375/1293/3488
f 1452/1294/3490 375/1293/3490 792/1298/3490
f 792/1298/3491 1384/1491/3491 1452/1294/3491
f 443/1856/3492 1452/1294/3492 1384/1491/3492
f 1384/1491/2749 206/1860/2748 443/1856/3493
f 492/1948/3494 443/1856/3494 206/1860/3494
f 206/1860/3495 1229/1949/3495 492/1948/3495
f 1938/1839/3496 492/1948/3497 1229/1949/3498
f 1229/1949/3498 1453/1840/3499 1938/1839/3496
f 2014/1248/3500 1618/1245/3501 1938/1839/3502
f 1938/1839/3503 1453/1840/3503 2014/1248/3503
f 2014/1248/3504 1791/1247/3504 474/1246/3504
f 474/1246/3505 1618/1245/3501 2014/1248/3500
f 305/1253/3506 4/1252/3507 474/1246/3508
f 474/1246/3509 1791/1247/3509 305/1253/3509
f 1172/1257/3510 909/1256/3510 4/1252/3510
f 4/1252/3507 305/1253/3506 1172/1257/3511
f 1739/1285/3512 1993/1284/3513 909/1256/3514
f 909/1256/3514 1172/1257/3515 1739/1285/3512
f 1084/1486/3516 837/1485/3517 1993/1284/3518
f 1993/1284/3518 1739/1285/3519 1084/1486/3516
f 890/1260/3520 1131/1265/3521 837/1485/3522
f 837/1485/3522 1084/1486/3523 890/1260/3520
f 1151/1266/3524 1131/1265/3524 890/1260/3524
f 890/1260/3525 1173/1259/3525 1151/1266/3525
f 652/1276/3526 1151/1266/3526 1173/1259/3526
f 1173/1259/3527 1872/2076/3527 652/1276/3527
f 957/1580/3528 836/1588/3528 480/2090/3528
f 480/2090/3529 1734/1578/3529 957/1580/3529
f 395/1581/3530 957/1580/3530 1734/1578/3530
f 1734/1578/3531 1177/1577/3531 395/1581/3531
f 1177/1577/3532 1653/1760/3533 841/1758/3534
f 841/1758/3534 395/1581/3535 1177/1577/3532
f 1653/1760/3536 1083/1600/3537 317/1598/3538
f 317/1598/3538 841/1758/3539 1653/1760/3536
f 1083/1600/3540 824/1574/3541 132/1572/3540
f 132/1572/3540 317/1598/3542 1083/1600/3540
f 824/1574/3543 1196/1570/3544 1123/1568/3545
f 1123/1568/3546 132/1572/3546 824/1574/3546
f 1196/1570/3547 1480/1566/3547 1827/1562/3547
f 1827/1562/3548 1123/1568/3545 1196/1570/3544
f 320/1565/3549 1315/1561/3550 1827/1562/3551
f 1827/1562/3552 1480/1566/3552 320/1565/3552
f 320/1565/3553 1331/1894/3553 1404/1893/3553
f 1404/1893/3554 1315/1561/3550 320/1565/3549
f 1582/1984/3555 1404/1893/3555 1331/1894/3555
f 1331/1894/3556 40/1985/3556 1582/1984/3556
f 1141/1911/3557 1582/1984/3557 40/1985/3557
f 40/1985/3558 1931/1914/3558 1141/1911/3558
f 2049/1607/3559 1141/1911/3559 1931/1914/3559
f 1931/1914/3560 1731/1913/3560 2049/1607/3560
f 362/1608/3561 2049/1607/3561 1731/1913/3561
f 1731/1913/3562 1027/2097/3562 362/1608/3562
f 327/1605/3563 362/1608/3564 1027/2097/3565
f 1027/2097/3565 600/2098/3566 327/1605/3563
f 1664/1606/3567 327/1605/3567 600/2098/3567
f 600/2098/3568 1849/2099/3569 1664/1606/3570
f 435/1768/3571 1664/1606/3570 1849/2099/3569
f 1849/2099/3572 1916/2100/3572 435/1768/3572
f 79/2053/3573 435/1768/3573 1916/2100/3573
f 1916/2100/3574 61/2101/3574 79/2053/3574
f 1907/2073/3575 79/2053/3575 61/2101/3575
f 61/2101/3576 1081/2102/3576 1907/2073/3576
f 527/2055/3577 1907/2073/3577 1081/2102/3577
f 1081/2102/3578 1574/2103/3578 527/2055/3578
f 1/1641/3579 527/2055/3579 1574/2103/3579
f 1574/2103/3580 1684/2104/3580 1/1641/3580
f 1429/1642/3581 1/1641/3581 1684/2104/3581
f 1684/2104/3582 728/2105/3582 1429/1642/3582
f 1014/1648/2323 1429/1642/2322 728/2105/3583
f 728/2105/3584 2024/2106/3585 1014/1648/3586
f 1354/1652/3587 1014/1648/3586 2024/2106/3585
f 2024/2106/3588 293/2107/3588 1354/1652/3589
f 71/1777/3590 1354/1652/3590 293/2107/3590
f 293/2107/3591 1958/2108/3591 71/1777/3591
f 1831/1658/3592 71/1777/3592 1958/2108/3592
f 1958/2108/3593 1766/2109/3593 1831/1658/3593
f 1059/1659/3594 1831/1658/3594 1766/2109/3594
f 1766/2109/3595 1932/1660/3595 1059/1659/3595
f 22/1539/3596 1834/1584/3596 1036/1589/3596
f 1036/1589/3597 561/2096/3597 22/1539/3597
f 576/1540/3598 22/1539/3598 561/2096/3598
f 561/2096/3599 102/2095/3599 576/1540/3599
f 578/1692/3600 576/1540/3600 102/2095/3600
f 102/2095/3601 1677/2094/3601 578/1692/3601
f 1981/1708/3602 578/1692/3602 1677/2094/3602
f 1677/2094/3603 1481/2092/3603 1981/1708/3603
f 1700/1735/3604 1981/1708/3604 1481/2092/3604
f 1481/2092/3605 1492/2093/3605 1700/1735/3605
f 836/1588/3606 1787/1590/3606 991/1592/3606
f 991/1592/3607 480/2090/3607 836/1588/3607
f 991/1592/3608 1787/1590/3608 1834/1584/3608
f 1834/1584/3609 1877/1583/3609 991/1592/3609
f 370/1270/3610 1708/1224/3610 1164/1268/3610
f 1164/1268/3611 1707/1273/3611 370/1270/3611
f 1816/1269/3612 1142/1221/3612 1708/1224/3612
f 1708/1224/3613 370/1270/3613 1816/1269/3613
f 1007/1412/3614 1345/1410/3614 1142/1221/3614
f 1142/1221/3615 1816/1269/3615 1007/1412/3615
f 1007/1412/3616 1339/1440/3617 368/1429/3618
f 368/1429/3618 1345/1410/3619 1007/1412/3616
f 1339/1440/3620 422/1471/3620 1760/1459/3620
f 1760/1459/3621 368/1429/3621 1339/1440/3621
f 631/1277/3622 1386/1275/3622 652/1276/3622
f 652/1276/3623 1872/2076/3623 631/1277/3623
f 1707/1273/3624 1164/1268/1810 1386/1275/1809
f 1386/1275/3625 631/1277/3625 1707/1273/3625
f 1248/1432/3626 167/1462/3626 673/1470/3626
f 673/1470/3627 1204/1441/3627 1248/1432/3627
f 809/1415/3628 1248/1432/3628 1204/1441/3628
f 1204/1441/3629 1147/1413/3629 809/1415/3629
f 117/1226/3630 809/1415/3630 1147/1413/3630
f 1147/1413/3631 100/1272/3631 117/1226/3631
f 796/1227/3632 117/1226/3633 100/1272/3634
f 100/1272/3634 109/1271/3635 796/1227/3632
f 1434/1280/1819 796/1227/1818 109/1271/3636
f 109/1271/3637 955/1274/3637 1434/1280/3637
f 1112/1851/3638 1434/1280/3638 955/1274/3638
f 955/1274/1815 504/1278/1814 1112/1851/3639
f 502/2079/3640 1112/1851/3640 504/1278/3640
f 504/1278/3641 921/2077/3641 502/2079/3641
f 1415/1262/3642 56/1850/3642 502/2079/3642
f 502/2079/3643 921/2077/3643 1415/1262/3643
f 736/1261/3644 1471/1847/3644 56/1850/3644
f 56/1850/3645 1415/1262/3645 736/1261/3645
f 515/1887/3646 1471/1847/3646 736/1261/3646
f 736/1261/3647 490/1487/3647 515/1887/3647
f 1238/1854/3648 515/1887/3648 490/1487/3648
f 490/1487/3649 1789/1286/3649 1238/1854/3649
f 1129/1906/3650 1148/1898/3650 479/1573/3650
f 479/1573/3651 1848/1599/3651 1129/1906/3651
f 388/1938/3652 1129/1906/3652 1848/1599/3652
f 1848/1599/2250 842/1759/2515 388/1938/3653
f 267/1899/3654 388/1938/3654 842/1759/3654
f 842/1759/3655 1876/1576/3655 267/1899/3655
f 1876/1576/3656 595/1575/3656 303/1900/3656
f 303/1900/3657 267/1899/3657 1876/1576/3657
f 265/2088/3658 303/1900/3658 595/1575/3658
f 595/1575/3659 605/2089/3659 265/2088/3659
f 762/1904/3660 265/2088/3660 605/2089/3660
f 605/2089/3661 1306/1591/3661 762/1904/3661
f 1947/1587/3662 1633/1594/3662 762/1904/3662
f 762/1904/3663 1306/1591/3663 1947/1587/3663
f 1311/1543/3664 1633/1594/3664 1947/1587/3664
f 1947/1587/3665 2000/1586/3665 1311/1543/3665
f 49/1544/3666 1311/1543/3666 2000/1586/3666
f 2000/1586/3667 1350/1585/3667 49/1544/3667
f 1375/1695/3668 49/1544/3668 1350/1585/3668
f 1350/1585/3669 103/1693/3669 1375/1695/3669
f 833/1710/3670 1375/1695/3670 103/1693/3670
f 103/1693/3671 1344/1719/3671 833/1710/3671
f 503/1737/3672 833/1710/3672 1344/1719/3672
f 1344/1719/3673 1008/1746/3673 503/1737/3673
f 288/1718/3674 1775/1724/3674 1797/1751/3674
f 1797/1751/3675 2003/1745/3675 288/1718/3675
f 696/1673/3676 28/1672/3676 1775/1724/3676
f 1775/1724/3677 288/1718/3677 696/1673/3677
f 769/1670/3678 28/1672/3678 696/1673/3678
f 696/1673/3679 1974/1557/3679 769/1670/3679
f 1035/1667/3680 769/1670/3680 1974/1557/3680
f 1974/1557/3681 1414/1558/3681 1035/1667/3681
f 1414/1558/3682 142/1657/3682 275/1665/3682
f 275/1665/3683 1035/1667/3683 1414/1558/3683
f 142/1657/3684 1932/1660/3684 430/1661/3684
f 430/1661/3685 275/1665/3685 142/1657/3685
f 1932/1660/3686 1766/2109/3686 1194/1662/3686
f 1194/1662/3687 430/1661/3687 1932/1660/3687
f 1958/2108/3688 313/1775/3688 1194/1662/3688
f 1194/1662/3689 1766/2109/3689 1958/2108/3689
f 293/2107/3690 569/1654/3690 313/1775/3690
f 313/1775/3691 1958/2108/3691 293/2107/3691
f 2024/2106/3692 496/1649/3692 569/1654/3692
f 569/1654/3693 293/2107/3588 2024/2106/3588
f 2024/2106/3694 728/2105/3694 598/1643/3694
f 598/1643/2326 496/1649/2325 2024/2106/3695
f 728/2105/3696 1684/2104/3696 413/1644/3696
f 413/1644/3697 598/1643/3697 728/2105/3697
f 1684/2104/3698 1574/2103/3698 1225/2028/3698
f 1225/2028/3699 413/1644/3699 1684/2104/3699
f 1574/2103/3700 1081/2102/3700 1499/2029/3700
f 1499/2029/3701 1225/2028/3701 1574/2103/3701
f 1081/2102/3702 61/2101/3702 871/2032/3702
f 871/2032/3703 1499/2029/3703 1081/2102/3703
f 61/2101/3704 1916/2100/3705 1387/1766/3706
f 1387/1766/3707 871/2032/3707 61/2101/3707
f 1916/2100/3708 1849/2099/3708 1069/1613/3708
f 1069/1613/3709 1387/1766/3706 1916/2100/3705
f 1849/2099/3710 600/2098/3711 880/1609/3710
f 880/1609/3710 1069/1613/3712 1849/2099/3710
f 600/2098/3711 1027/2097/3713 1651/1610/3714
f 1651/1610/3714 880/1609/3710 600/2098/3711
f 1284/1446/3715 278/1476/3715 179/1477/3715
f 179/1477/3716 1136/1447/3716 1284/1446/3716
f 1833/1391/3717 1284/1446/3717 1136/1447/3717
f 1136/1447/3718 2042/1390/3718 1833/1391/3718
f 2042/1390/3719 868/1388/3719 1699/1364/3719
f 1699/1364/3720 1833/1391/3720 2042/1390/3720
f 868/1388/1957 1741/1386/1956 9/1363/3721
f 9/1363/1928 1699/1364/1927 868/1388/3722
f 543/1362/3723 9/1363/3723 1741/1386/3723
f 1741/1386/3724 113/1384/3724 543/1362/3724
f 1536/1359/3725 543/1362/3726 113/1384/3727
f 113/1384/3727 111/1382/3728 1536/1359/3725
f 1222/1360/1921 1536/1359/1920 111/1382/3729
f 111/1382/3730 170/1381/3730 1222/1360/3730
f 1689/1509/3731 1222/1360/3731 170/1381/3731
f 170/1381/3732 454/1506/3732 1689/1509/3732
f 1886/1377/3733 1584/1352/3733 1689/1509/3733
f 1689/1509/3734 454/1506/3734 1886/1377/3734
f 636/1348/3735 1584/1352/3735 1886/1377/3735
f 1886/1377/3736 421/1375/3736 636/1348/3736
f 1407/1342/3737 636/1348/3737 421/1375/3737
f 421/1375/1944 85/1374/1943 1407/1342/3738
f 240/1343/3739 1407/1342/3739 85/1374/3739
f 85/1374/3740 1533/1373/3740 240/1343/3740
f 35/2040/3741 240/1343/3741 1533/1373/3741
f 1533/1373/3742 1710/2045/3742 35/2040/3742
f 467/2066/3743 35/2040/3743 1710/2045/3743
f 1710/2045/3744 1723/2067/3744 467/2066/3744
f 1104/2037/3745 467/2066/3745 1723/2067/3745
f 1723/2067/3746 1972/2042/3746 1104/2037/3746
f 753/1498/3747 1104/2037/3747 1972/2042/3747
f 1972/2042/3173 389/1495/3172 753/1498/3748
f 1367/1300/3749 753/1498/3749 389/1495/3749
f 389/1495/3750 1333/1369/3750 1367/1300/3750
f 232/1296/3751 1367/1300/3752 1333/1369/3753
f 1333/1369/3753 224/1366/3754 232/1296/3751
f 1034/1297/3754 232/1296/3751 224/1366/3754
f 224/1366/3754 942/1365/3754 1034/1297/3754
f 38/1763/3755 1651/1610/3756 1027/2097/3757
f 1027/2097/3757 1731/1913/3758 38/1763/3755
f 309/1492/3759 1034/1297/3759 942/1365/3759
f 942/1365/2130 398/1494/2129 309/1492/3760
usemtl Back_mtl_#0
f 444/1/1 2044/2/1 1511/3/1
f 1511/3/2 863/4/2 444/1/2
f 437/5/3 348/6/3 780/7/3
f 780/7/4 783/8/4 437/5/4
f 155/9/5 568/10/5 1670/11/5
f 1670/11/6 1000/12/6 155/9/6
f 1000/12/7 1670/11/7 1143/13/7
f 1143/13/8 66/14/8 1000/12/8
f 711/15/9 2011/16/10 1615/17/11
f 1615/17/11 1674/18/12 711/15/9
f 547/19/13 711/15/13 1674/18/13
f 1674/18/14 797/20/14 547/19/14
f 427/21/15 662/22/15 547/19/15
f 547/19/16 797/20/16 427/21/16
f 1980/23/17 1970/24/17 975/25/17
f 975/25/18 215/26/18 1980/23/18
f 34/27/19 94/28/20 1970/24/21
f 1970/24/21 1980/23/22 34/27/19
f 345/29/23 8/30/23 94/28/23
f 94/28/24 34/27/24 345/29/24
f 1930/31/25 72/32/25 88/33/25
f 88/33/26 845/34/26 1930/31/26
f 178/35/27 72/32/27 1930/31/27
f 1930/31/28 1933/36/28 178/35/28
f 204/37/29 780/7/29 348/6/29
f 348/6/30 554/38/30 204/37/30
f 1420/39/31 1511/3/32 2044/2/33
f 2044/2/33 1641/40/34 1420/39/31
f 1184/41/35 137/42/36 1266/43/37
f 1266/43/38 1122/44/38 1184/41/38
f 1184/41/39 1122/44/40 300/45/41
f 300/45/41 257/46/42 1184/41/39
f 1880/47/43 285/48/43 2030/49/43
f 2030/49/44 272/50/44 1880/47/44
f 32/51/45 1880/47/45 272/50/45
f 272/50/46 1144/52/46 32/51/46
f 1645/53/47 32/51/47 1144/52/47
f 1144/52/48 332/54/48 1645/53/48
f 156/55/49 331/56/49 1680/57/49
f 1680/57/50 560/58/50 156/55/50
f 1341/59/51 156/55/51 560/58/51
f 560/58/52 992/60/53 1341/59/54
f 1010/61/55 1341/59/54 992/60/53
f 992/60/56 1001/62/56 1010/61/56
f 173/63/57 1657/64/57 145/65/57
f 145/65/58 709/66/59 173/63/60
f 1692/67/61 1657/64/61 173/63/61
f 1525/68/62 1425/69/62 1430/70/62
f 1430/70/63 1897/71/63 1525/68/63
f 695/72/64 1842/73/64 24/74/64
f 24/74/65 1777/75/65 695/72/65
f 416/76/66 1777/75/66 24/74/66
f 24/74/67 1343/77/67 416/76/67
f 1058/78/68 416/76/68 1343/77/68
f 1343/77/69 629/79/70 1058/78/71
f 1736/80/72 1412/81/73 906/82/74
f 906/82/74 1097/83/75 1736/80/72
f 45/84/76 1097/83/77 906/82/78
f 906/82/78 615/85/79 45/84/76
f 1544/86/80 45/84/80 615/85/80
f 615/85/81 1793/87/81 1544/86/81
f 1890/88/82 1928/89/83 559/90/84
f 559/90/84 1336/91/85 1890/88/82
f 641/92/86 1890/88/86 1336/91/86
f 1336/91/87 2012/93/87 641/92/87
f 1820/94/88 573/95/89 1620/96/90
f 1620/96/91 77/97/91 1820/94/91
f 1655/98/92 656/99/92 1515/100/92
f 1515/100/93 509/101/93 1655/98/93
f 710/102/94 307/103/94 1706/104/94
f 1706/104/95 528/105/95 710/102/95
f 66/14/96 1143/13/96 620/106/96
f 620/106/97 1969/107/97 66/14/97
f 257/46/98 300/45/98 2017/108/98
f 2017/108/99 1043/109/99 257/46/99
f 1897/71/100 1430/70/100 233/110/100
f 233/110/101 1825/111/101 1897/71/101
f 1969/112/102 620/113/102 573/95/102
f 573/95/103 1820/94/103 1969/112/103
f 1655/98/104 1043/114/104 2017/115/104
f 2017/115/105 656/99/105 1655/98/105
f 233/116/106 307/103/106 710/102/106
f 710/102/107 1825/117/107 233/116/107
f 627/118/108 706/119/108 1644/120/108
f 1644/120/109 289/121/109 627/118/109
f 706/119/110 183/122/110 15/123/110
f 15/123/111 1644/120/111 706/119/111
f 302/124/112 1071/125/112 1425/69/112
f 1425/69/113 1525/68/113 302/124/113
f 248/126/114 1450/127/114 1323/128/114
f 1323/128/115 1774/129/115 248/126/115
f 1450/127/116 928/130/116 1362/131/116
f 1362/131/117 1323/128/118 1450/127/119
f 1869/132/120 356/133/120 1966/134/120
f 1966/134/121 1230/135/121 1869/132/121
f 838/136/122 36/137/123 667/138/124
f 667/138/124 1446/139/125 838/136/122
f 928/130/126 1110/140/126 546/141/126
f 546/141/127 1362/131/127 928/130/127
f 533/142/128 607/143/129 1494/144/130
f 1494/144/131 1530/145/131 533/142/131
f 1530/145/132 1494/144/132 106/146/132
f 106/146/133 481/147/133 1530/145/133
f 759/148/134 1228/149/134 968/150/134
f 968/150/135 1065/151/135 759/148/135
f 84/152/136 119/153/136 1228/149/136
f 1228/149/137 759/148/137 84/152/137
f 1464/154/138 93/155/138 119/153/138
f 119/153/139 84/152/139 1464/154/139
f 1355/156/140 1419/157/140 867/158/140
f 867/158/141 1910/159/141 1355/156/141
f 1619/160/142 431/161/142 1419/157/142
f 1419/157/143 1355/156/143 1619/160/143
f 1965/162/144 1943/163/144 431/161/144
f 431/161/145 1619/160/145 1965/162/145
f 1662/164/146 1799/165/146 1542/166/146
f 1542/166/147 1562/167/147 1662/164/147
f 1799/165/148 1662/164/148 742/168/148
f 742/168/149 1715/169/149 1799/165/149
f 171/170/150 1860/171/150 1357/172/150
f 1357/172/151 1688/173/151 171/170/151
f 191/174/152 1074/175/152 1466/176/152
f 1466/176/153 1442/177/153 191/174/153
f 657/178/154 1905/179/154 481/147/154
f 481/147/155 106/146/155 657/178/155
f 1905/180/156 657/181/156 1074/175/156
f 1074/175/157 191/174/157 1905/180/157
f 1165/182/158 438/183/158 668/184/158
f 668/184/159 392/185/159 1165/182/159
f 5/186/160 1623/187/160 444/1/160
f 444/1/161 863/4/162 5/186/163
f 1623/187/164 1602/188/165 2044/2/166
f 2044/2/166 444/1/167 1623/187/164
f 475/189/168 464/190/168 178/35/168
f 178/35/169 1933/36/169 475/189/169
f 854/191/170 848/192/171 204/37/172
f 204/37/173 554/38/173 854/191/173
f 1602/188/174 876/193/174 1641/40/174
f 1641/40/175 2044/2/175 1602/188/175
f 1122/44/176 1266/43/176 1283/194/176
f 1283/194/177 1233/195/177 1122/44/177
f 300/45/178 1122/44/178 1233/195/178
f 1233/195/179 297/196/179 300/45/179
f 1701/197/180 1413/198/181 272/50/182
f 272/50/183 2030/49/183 1701/197/183
f 1413/198/184 423/199/184 1144/52/184
f 1144/52/185 272/50/182 1413/198/181
f 423/199/186 1908/200/186 332/54/186
f 332/54/187 1144/52/187 423/199/187
f 1660/201/188 772/202/189 560/58/190
f 560/58/190 1680/57/191 1660/201/188
f 772/202/192 1540/203/192 992/60/192
f 992/60/193 560/58/193 772/202/193
f 1540/203/194 745/204/195 1001/62/196
f 1001/62/196 992/60/197 1540/203/194
f 462/205/198 1016/206/198 173/63/198
f 173/63/60 709/66/59 462/205/199
f 1692/67/200 173/63/201 1016/206/202
f 1016/206/202 646/207/203 1692/67/200
f 1082/208/204 123/209/204 641/92/204
f 641/92/205 2012/93/205 1082/208/205
f 1515/100/206 656/99/206 1982/210/206
f 1982/210/207 64/211/207 1515/100/207
f 297/196/208 1725/212/208 2017/108/208
f 2017/108/209 300/45/209 297/196/209
f 656/99/210 2017/115/210 1725/213/210
f 1725/213/211 1982/210/211 656/99/211
f 1512/214/212 627/118/212 289/121/212
f 289/121/213 311/215/213 1512/214/213
f 1623/187/214 5/186/214 1774/129/214
f 1774/129/215 1323/128/215 1623/187/215
f 1602/188/216 1623/187/216 1323/128/216
f 1323/128/118 1362/131/117 1602/188/217
f 464/190/218 475/189/218 1966/134/218
f 1966/134/219 356/133/219 464/190/219
f 848/192/220 854/191/220 1446/139/220
f 1446/139/221 667/138/221 848/192/221
f 876/193/222 1602/188/222 1362/131/222
f 1362/131/223 546/141/223 876/193/223
f 1233/195/224 1283/194/224 533/142/224
f 533/142/225 1530/145/225 1233/195/225
f 297/196/226 1233/195/226 1530/145/226
f 1530/145/227 481/147/227 297/196/227
f 1413/198/228 1701/197/228 968/150/228
f 968/150/229 1228/149/229 1413/198/229
f 423/199/230 1413/198/230 1228/149/230
f 1228/149/231 119/153/231 423/199/231
f 1908/200/232 423/199/232 119/153/232
f 119/153/233 93/155/233 1908/200/233
f 772/202/234 1660/201/234 867/158/234
f 867/158/235 1419/157/235 772/202/235
f 1540/203/236 772/202/236 1419/157/236
f 1419/157/237 431/161/237 1540/203/237
f 745/204/238 1540/203/238 431/161/238
f 431/161/239 1943/163/239 745/204/239
f 1016/206/240 462/205/241 1542/166/242
f 1542/166/242 1799/165/243 1016/206/240
f 646/207/244 1016/206/244 1799/165/244
f 1799/165/245 1715/169/245 646/207/245
f 123/209/246 1082/208/246 1357/172/246
f 1357/172/247 1860/171/247 123/209/247
f 64/211/248 1982/210/248 191/174/248
f 191/174/249 1442/177/249 64/211/249
f 1725/212/250 297/196/250 481/147/250
f 481/147/251 1905/179/251 1725/212/251
f 191/174/252 1982/210/252 1725/213/252
f 1725/213/253 1905/180/253 191/174/253
f 392/185/254 668/184/254 1512/214/254
f 1512/214/255 311/215/255 392/185/255
f 1161/216/256 1318/217/256 1735/218/256
f 1063/219/257 889/220/258 1756/221/259
f 1756/221/260 1245/222/260 1063/219/260
f 954/223/261 238/224/261 545/225/261
f 545/225/262 893/226/262 954/223/262
f 1137/227/263 121/228/264 1410/229/265
f 1410/229/265 50/230/266 1137/227/263
f 351/231/267 1137/227/267 50/230/267
f 50/230/268 1400/232/268 351/231/268
f 535/233/269 1948/234/269 1805/235/269
f 1805/235/270 773/236/270 535/233/270
f 1456/237/271 535/233/271 773/236/271
f 773/236/272 1610/238/272 1456/237/272
f 862/239/273 1456/237/273 1610/238/273
f 1610/238/274 498/240/274 862/239/274
f 1713/241/275 1427/242/275 1178/243/276
f 1178/243/276 684/244/276 1713/241/275
f 55/245/277 1713/241/278 684/244/279
f 684/244/279 390/246/280 55/245/277
f 831/247/281 55/245/281 390/246/281
f 390/246/282 122/248/282 831/247/282
f 237/249/283 1426/250/284 1399/251/285
f 1399/251/285 932/252/286 237/249/283
f 1185/253/287 237/249/283 932/252/286
f 932/252/288 333/254/288 1185/253/288
f 238/224/289 1269/255/289 1871/256/289
f 1871/256/290 545/225/290 238/224/290
f 920/257/291 1198/258/291 1245/222/291
f 1245/222/292 1756/221/292 920/257/292
f 633/259/293 73/260/294 244/261/295
f 244/261/295 1405/262/296 633/259/293
f 1405/262/297 244/261/298 133/263/299
f 133/263/299 13/264/300 1405/262/297
f 790/265/301 1242/266/301 1214/267/301
f 1214/267/302 1495/268/302 790/265/302
f 599/269/303 1201/270/303 1242/266/303
f 1242/266/301 790/265/301 599/269/301
f 850/271/304 194/272/304 1201/270/304
f 1201/270/305 599/269/305 850/271/305
f 1120/273/306 852/274/306 361/275/306
f 361/275/307 1921/276/308 1120/273/307
f 2021/277/309 334/278/309 852/274/310
f 852/274/311 1120/273/311 2021/277/311
f 795/279/312 126/280/313 334/278/314
f 334/278/309 2021/277/309 795/279/315
f 2039/281/316 1956/282/316 744/283/316
f 744/283/317 1353/284/317 2039/281/317
f 716/285/318 2039/281/318 1353/284/318
f 1353/284/319 669/286/319 716/285/319
f 50/230/320 1175/287/320 789/288/320
f 789/288/321 1400/232/321 50/230/321
f 1757/289/322 258/290/322 773/236/322
f 773/236/323 1805/235/323 1757/289/323
f 350/291/324 1610/238/324 773/236/324
f 773/236/325 258/290/325 350/291/325
f 619/292/326 498/240/327 1610/238/328
f 1610/238/329 350/291/329 619/292/329
f 1781/293/330 1057/294/331 684/244/332
f 684/244/332 1178/243/333 1781/293/330
f 1506/295/334 390/246/335 684/244/336
f 684/244/336 1057/294/337 1506/295/334
f 1811/296/338 122/248/338 390/246/338
f 390/246/339 1506/295/339 1811/296/339
f 286/297/340 932/252/341 1399/251/342
f 1399/251/342 849/298/343 286/297/340
f 489/299/344 333/254/344 932/252/344
f 932/252/345 286/297/345 489/299/345
f 2036/300/346 154/301/346 96/302/346
f 96/302/347 2009/303/347 2036/300/347
f 1923/304/348 1052/305/348 984/306/348
f 984/306/349 758/307/349 1923/304/349
f 96/302/350 551/308/350 1957/309/350
f 1957/309/351 2009/303/351 96/302/351
f 1348/310/352 351/231/352 1400/232/352
f 1400/232/353 1538/311/353 1348/310/353
f 133/263/354 299/312/354 634/313/354
f 634/313/355 13/264/355 133/263/355
f 789/288/356 1824/314/356 1538/311/356
f 1538/311/357 1400/232/357 789/288/357
f 154/301/358 1348/315/358 1538/316/358
f 1538/316/359 96/302/359 154/301/359
f 634/317/360 299/318/360 1052/305/360
f 1052/305/361 1923/304/361 634/317/361
f 1538/316/362 1824/319/362 551/308/362
f 551/308/363 96/302/363 1538/316/363
f 545/225/364 1871/256/364 731/320/364
f 731/320/365 948/321/365 545/225/365
f 893/226/366 545/225/366 948/321/366
f 948/321/367 912/322/367 893/226/367
f 50/230/368 1410/229/368 1050/323/368
f 1050/323/369 1175/287/369 50/230/369
f 1361/324/370 1552/325/370 1590/326/370
f 1590/326/371 1224/327/371 1361/324/371
f 757/328/372 1417/329/372 1202/330/372
f 1202/330/373 1794/331/373 757/328/373
f 805/332/374 1060/333/374 1818/334/374
f 1818/334/375 10/335/375 805/332/375
f 364/336/376 1501/337/376 308/338/376
f 308/338/377 2046/339/377 364/336/377
f 1794/331/378 1202/330/378 1279/340/378
f 1279/340/379 813/341/379 1794/331/379
f 689/342/380 44/343/380 1033/344/380
f 1033/344/381 1780/345/381 689/342/381
f 1115/346/382 689/342/382 1780/345/382
f 1780/345/383 1111/347/384 1115/346/385
f 136/348/386 1727/349/386 1121/350/386
f 1121/350/387 1061/351/387 136/348/387
f 1262/352/388 136/348/388 1061/351/388
f 1061/351/389 1656/353/389 1262/352/389
f 445/354/390 1262/352/390 1656/353/390
f 1656/353/391 1802/355/391 445/354/391
f 1326/356/392 1771/357/392 25/358/392
f 25/358/393 665/359/393 1326/356/393
f 411/360/394 1326/356/394 665/359/394
f 665/359/395 177/361/395 411/360/395
f 1332/362/396 411/360/396 177/361/396
f 177/361/397 816/363/397 1332/362/397
f 1971/364/398 903/365/398 488/366/398
f 488/366/399 1954/367/399 1971/364/399
f 284/368/400 1971/364/400 1954/367/400
f 1954/367/401 128/369/401 284/368/401
f 1246/370/402 284/368/402 128/369/402
f 128/369/403 1702/371/403 1246/370/403
f 1460/372/404 805/332/405 10/335/406
f 10/335/406 1132/373/407 1460/372/404
f 1274/374/408 1378/375/408 1019/376/408
f 1019/376/409 1800/377/409 1274/374/409
f 11/378/410 1115/346/410 1111/347/410
f 1111/347/411 1051/379/411 11/378/411
f 1378/375/412 11/380/412 1051/381/412
f 1051/381/413 1019/376/413 1378/375/413
f 2046/339/414 308/338/414 1015/382/414
f 1015/382/415 46/383/415 2046/339/415
f 1581/384/416 889/220/416 1063/219/416
f 1063/219/417 1380/385/417 1581/384/417
f 1606/386/418 2034/387/419 1835/388/420
f 1835/388/421 1117/389/421 1606/386/421
f 229/390/422 1185/253/422 333/254/422
f 333/254/423 380/391/423 229/390/423
f 1269/255/424 671/392/424 899/393/424
f 899/393/425 1871/256/425 1269/255/425
f 1117/389/426 1835/388/426 1261/394/426
f 1261/394/427 1927/395/427 1117/389/427
f 913/396/428 1737/397/428 1603/398/428
f 1603/398/429 676/399/429 913/396/429
f 676/399/430 1603/398/430 1639/400/430
f 1639/400/431 1085/401/431 676/399/431
f 42/402/432 1200/403/432 391/404/432
f 391/404/433 1220/405/433 42/402/433
f 1220/405/434 391/404/434 933/406/434
f 933/406/435 1894/407/436 1220/405/437
f 1894/407/436 933/406/435 315/408/438
f 315/408/439 1088/409/439 1894/407/439
f 1999/410/440 181/411/441 1976/412/442
f 1976/412/442 1275/413/443 1999/410/440
f 1275/413/444 1976/412/444 846/414/444
f 846/414/445 414/415/445 1275/413/445
f 414/415/446 846/414/447 1695/416/448
f 1695/416/448 1257/417/449 414/415/446
f 556/418/450 1994/419/450 1978/420/450
f 1978/420/451 902/421/451 556/418/451
f 902/421/452 1978/420/453 716/285/454
f 716/285/454 588/422/455 902/421/452
f 588/422/456 716/285/456 669/286/456
f 669/286/457 202/423/457 588/422/457
f 380/391/458 333/254/459 489/299/460
f 489/299/460 1408/424/461 380/391/458
f 1608/425/462 1145/426/462 1391/427/462
f 1391/427/463 316/428/463 1608/425/463
f 1085/401/464 1639/400/464 1302/429/464
f 1302/429/465 172/430/465 1085/401/465
f 172/431/466 1302/432/466 1145/426/466
f 1145/426/467 1608/425/467 172/431/467
f 731/320/468 1871/256/468 899/393/468
f 899/393/469 2043/433/470 731/320/471
f 1380/385/472 1590/326/472 1552/325/472
f 1552/325/473 1581/384/474 1380/385/475
f 1117/389/476 1202/330/476 1417/329/476
f 1417/329/477 1606/386/477 1117/389/477
f 1818/334/478 229/390/478 380/391/478
f 380/391/479 10/335/479 1818/334/479
f 671/392/480 364/336/480 2046/339/480
f 2046/339/481 899/393/481 671/392/481
f 1927/395/482 1279/340/482 1202/330/482
f 1202/330/483 1117/389/483 1927/395/483
f 1780/345/484 1033/344/485 913/396/486
f 913/396/487 676/399/487 1780/345/487
f 1111/347/384 1780/345/383 676/399/488
f 676/399/489 1085/401/489 1111/347/489
f 1220/405/490 1061/351/491 1121/350/492
f 1121/350/492 42/402/493 1220/405/490
f 1894/407/494 1656/353/494 1061/351/494
f 1061/351/495 1220/405/495 1894/407/495
f 1088/409/496 1802/355/496 1656/353/496
f 1656/353/497 1894/407/497 1088/409/497
f 1275/413/498 665/359/498 25/358/498
f 25/358/499 1999/410/499 1275/413/499
f 414/415/500 177/361/500 665/359/500
f 665/359/501 1275/413/501 414/415/501
f 1257/417/502 816/363/502 177/361/502
f 177/361/503 414/415/503 1257/417/503
f 902/421/504 1954/367/504 488/366/504
f 488/366/505 556/418/505 902/421/505
f 128/369/506 1954/367/506 902/421/506
f 902/421/507 588/422/507 128/369/507
f 202/423/508 1702/371/508 128/369/508
f 128/369/509 588/422/509 202/423/509
f 1408/424/510 1132/373/510 10/335/510
f 10/335/511 380/391/511 1408/424/511
f 1800/377/512 1019/376/512 1608/425/512
f 1608/425/513 316/428/513 1800/377/513
f 172/430/514 1051/379/514 1111/347/514
f 1111/347/515 1085/401/515 172/430/515
f 172/431/516 1608/425/516 1019/376/516
f 1019/376/517 1051/381/517 172/431/517
f 2043/433/518 899/393/518 2046/339/518
f 2046/339/519 46/383/519 2043/433/519
f 1161/216/520 1735/218/520 1226/434/520
f 290/435/521 1168/436/521 567/437/521
f 567/437/522 1208/438/522 290/435/522
f 1168/439/523 985/440/523 2033/441/523
f 2033/441/524 567/442/524 1168/439/524
f 1767/443/525 1652/444/525 1950/445/525
f 1950/445/526 725/446/526 1767/443/526
f 439/447/527 418/448/527 677/449/527
f 677/449/528 1523/450/528 439/447/528
f 418/448/529 1751/451/530 1047/452/531
f 1047/452/531 677/449/532 418/448/529
f 1751/451/533 357/453/533 1258/454/533
f 1258/454/534 1047/452/534 1751/451/534
f 358/455/535 67/456/536 376/457/537
f 376/457/537 1750/458/538 358/455/535
f 67/456/539 969/459/539 1863/460/539
f 1863/460/539 376/457/539 67/456/539
f 969/459/540 1268/461/541 1195/462/542
f 1195/462/542 1863/460/543 969/459/540
f 997/463/544 1237/464/544 1235/465/544
f 1235/465/545 1216/466/545 997/463/545
f 1237/464/546 76/467/546 544/468/546
f 544/468/547 1235/465/547 1237/464/547
f 803/469/548 3/470/548 1691/471/548
f 1691/471/549 1130/472/549 803/469/549
f 3/473/550 1767/443/550 486/474/550
f 486/474/551 1691/475/551 3/473/551
f 779/476/552 978/477/552 1086/478/552
f 1086/478/553 2033/441/553 779/476/553
f 544/468/554 76/467/554 1199/479/554
f 1199/479/555 985/440/555 544/468/555
f 985/440/556 1199/479/556 779/476/556
f 779/476/557 2033/441/557 985/440/557
f 54/480/558 811/481/558 570/482/558
f 570/482/559 1352/483/559 54/480/559
f 1090/484/560 1612/485/560 1267/486/560
f 1267/486/561 1857/487/561 1090/484/561
f 203/488/562 1090/484/563 1857/487/564
f 1857/487/564 510/489/565 203/488/562
f 1365/490/566 203/488/566 510/489/566
f 510/489/567 571/491/567 1365/490/567
f 116/492/568 1740/493/569 473/494/570
f 473/494/570 1385/495/571 116/492/568
f 793/496/572 116/492/572 1385/495/572
f 1385/495/572 857/497/572 793/496/572
f 157/498/573 793/496/574 857/497/575
f 857/497/575 387/499/576 157/498/573
f 1188/500/577 89/501/577 538/502/577
f 538/502/578 1382/503/578 1188/500/578
f 1219/504/579 1188/500/579 1382/503/579
f 1382/503/580 1089/505/580 1219/504/580
f 1873/506/581 1135/507/581 86/508/581
f 86/508/582 1989/509/582 1873/506/582
f 811/481/583 1873/510/583 1989/511/583
f 1989/511/584 207/512/584 811/481/584
f 1208/438/585 865/513/585 1451/514/585
f 1451/514/586 941/515/586 1208/438/586
f 829/516/587 1219/504/587 1089/505/587
f 1089/505/588 290/435/588 829/516/588
f 1208/438/589 941/515/589 829/516/589
f 829/516/590 290/435/590 1208/438/590
f 1950/445/591 585/517/592 1486/518/593
f 1486/518/593 725/446/594 1950/445/591
f 585/519/595 1352/483/596 570/482/597
f 570/482/597 1486/520/598 585/519/595
f 486/474/599 314/521/599 584/522/599
f 584/522/600 1691/475/600 486/474/600
f 314/523/601 207/512/601 1989/511/601
f 1989/511/602 584/524/602 314/523/602
f 1267/486/603 1334/525/603 97/526/603
f 97/526/604 1857/487/604 1267/486/604
f 1334/527/605 1523/450/605 677/449/605
f 677/449/606 97/528/606 1334/527/606
f 1857/487/607 97/529/607 981/530/607
f 981/530/608 510/489/608 1857/487/608
f 97/531/609 677/449/609 1047/452/609
f 1047/452/610 981/532/610 97/531/610
f 510/489/611 981/533/612 1055/534/613
f 1055/534/613 571/491/614 510/489/611
f 981/535/615 1047/452/616 1258/454/617
f 1258/454/617 1055/536/618 981/535/615
f 473/494/619 187/537/619 1856/538/619
f 1856/538/619 1385/495/620 473/494/619
f 187/539/621 1750/458/621 376/457/622
f 376/457/622 1856/540/622 187/539/621
f 1385/495/623 1856/541/623 1485/542/624
f 1485/542/624 857/497/624 1385/495/623
f 1856/543/625 376/457/625 1863/460/626
f 1863/460/626 1485/544/626 1856/543/625
f 857/497/627 1485/545/628 453/546/629
f 453/546/629 387/499/630 857/497/627
f 1485/547/631 1863/460/632 1195/462/633
f 1195/462/633 453/548/634 1485/547/631
f 538/502/635 1212/549/636 408/550/637
f 408/550/637 1382/503/638 538/502/635
f 1212/551/639 1216/466/640 1235/465/641
f 1235/465/641 408/552/642 1212/551/639
f 1382/503/643 408/553/644 940/554/645
f 940/554/645 1089/505/646 1382/503/643
f 408/555/647 1235/465/648 544/468/649
f 544/468/649 940/556/650 408/555/647
f 86/508/651 1128/557/651 584/558/651
f 584/558/652 1989/509/652 86/508/652
f 1128/559/653 1130/472/653 1691/471/653
f 1691/471/654 584/560/654 1128/559/654
f 1089/505/655 940/561/655 1168/562/655
f 1168/562/656 290/435/656 1089/505/656
f 940/563/657 544/468/657 985/440/657
f 985/440/658 1168/564/658 940/563/658
f 1208/438/659 567/565/659 1786/566/659
f 1786/566/660 865/513/660 1208/438/660
f 567/567/661 2033/441/662 1086/478/663
f 1086/478/663 1786/568/664 567/567/661
f 1110/140/665 922/569/665 508/570/665
f 508/570/666 546/141/666 1110/140/666
f 1578/571/667 876/193/667 546/141/667
f 546/141/668 508/570/668 1578/571/668
f 1641/40/669 876/193/669 1578/571/669
f 1578/571/670 616/572/670 1641/40/670
f 1186/573/671 1420/39/672 1641/40/673
f 1641/40/673 616/572/674 1186/573/671
f 986/574/675 437/5/676 783/8/677
f 783/8/677 1716/575/678 986/574/675
f 15/123/679 183/122/679 1364/576/679
f 1364/576/680 963/577/680 15/123/680
f 1021/578/681 893/226/682 912/322/683
f 912/322/683 30/579/684 1021/578/681
f 373/580/685 954/223/685 893/226/685
f 893/226/686 1021/578/686 373/580/686
f 1155/581/687 740/582/687 1198/258/687
f 1198/258/688 920/257/688 1155/581/688
f 1927/395/689 1261/394/689 622/583/689
f 622/583/690 1477/584/691 1927/395/692
f 1477/584/693 699/585/693 1279/340/693
f 1279/340/694 1927/395/694 1477/584/694
f 813/341/695 1279/340/695 699/585/695
f 699/585/696 1465/586/696 813/341/696
f 1910/159/697 867/158/697 93/155/697
f 93/155/698 1464/154/698 1910/159/698
f 1660/201/699 1908/200/699 93/155/699
f 93/155/700 867/158/700 1660/201/700
f 332/54/701 1908/200/701 1660/201/701
f 1660/201/702 1680/57/702 332/54/702
f 331/56/703 1645/53/703 332/54/703
f 332/54/704 1680/57/704 331/56/704
f 215/26/705 975/25/705 662/22/705
f 662/22/706 427/21/706 215/26/706
f 1736/80/707 1058/78/71 629/79/70
f 629/79/708 1412/81/708 1736/80/708
f 1258/454/709 357/453/710 358/455/711
f 358/455/711 1750/458/712 1258/454/709
f 1055/536/713 1258/454/714 1750/458/715
f 1750/458/715 187/587/716 1055/536/713
f 571/491/717 1055/534/718 187/588/719
f 187/588/719 473/494/720 571/491/717
f 1740/493/721 1365/490/722 571/491/723
f 571/491/723 473/494/724 1740/493/721
f 1781/293/725 1178/243/725 498/240/725
f 498/240/327 619/292/326 1781/293/726
f 1427/242/727 862/239/727 498/240/727
f 498/240/728 1178/243/728 1427/242/728
f 1921/276/308 361/275/307 194/272/729
f 194/272/730 850/271/730 1921/276/730
f 1088/409/731 315/408/731 181/411/731
f 181/411/732 1999/410/732 1088/409/732
f 1999/410/733 25/358/733 1802/355/733
f 1802/355/734 1088/409/734 1999/410/734
f 1771/357/735 445/354/735 1802/355/735
f 1802/355/736 25/358/736 1771/357/736
f 1370/589/737 1018/590/737 1926/591/737
f 1926/591/738 1769/592/738 1370/589/738
f 1011/593/739 1370/589/739 1769/592/739
f 1769/592/740 451/594/740 1011/593/740
f 1379/595/741 1078/596/741 1796/597/741
f 1796/597/742 434/598/742 1379/595/742
f 882/599/743 417/600/744 506/601/744
f 506/601/745 1709/602/745 882/599/745
f 506/601/746 966/603/747 184/604/748
f 184/604/749 1709/602/749 506/601/749
f 1379/595/750 918/605/750 1988/606/750
f 1988/606/751 1078/596/751 1379/595/751
f 469/607/752 1508/608/752 1583/609/752
f 1583/609/753 519/610/753 469/607/753
f 1277/611/754 1735/218/754 1899/612/754
f 1735/218/755 1318/217/755 1899/612/755
f 1318/217/756 1508/608/756 1899/612/756
f 1508/608/757 469/607/757 1899/612/757
f 1926/591/758 1018/590/758 1455/613/758
f 1455/613/759 892/614/759 1926/591/759
f 586/615/760 417/600/761 882/599/762
f 882/599/763 713/616/763 586/615/763
f 892/614/764 1455/613/764 469/607/764
f 469/607/765 519/610/765 892/614/765
f 713/616/766 1277/617/767 1899/618/768
f 1899/618/768 586/615/769 713/616/766
f 114/619/770 604/620/770 31/621/770
f 31/621/771 550/622/771 114/619/771
f 31/621/772 604/620/772 823/623/772
f 823/623/773 938/624/773 31/621/773
f 794/625/774 1296/626/775 785/627/776
f 785/627/777 1379/628/778 794/625/779
f 882/629/780 1709/630/780 604/620/780
f 604/620/781 114/619/781 882/629/781
f 604/620/782 1709/630/782 184/631/782
f 184/631/783 823/623/783 604/620/783
f 785/627/784 962/632/785 918/633/786
f 918/633/786 1379/628/787 785/627/784
f 1919/634/788 1896/635/789 1721/636/790
f 1721/636/790 68/637/791 1919/634/788
f 1277/638/792 1721/639/792 1735/640/792
f 1721/639/793 1896/641/794 1735/640/795
f 1226/434/796 1735/218/795 1896/642/794
f 14/643/797 114/619/797 550/622/797
f 550/622/798 1017/644/798 14/643/798
f 14/643/799 713/645/799 882/629/799
f 882/629/800 114/619/800 14/643/800
f 68/637/801 1721/636/801 14/643/801
f 14/643/802 1017/644/802 68/637/802
f 713/645/803 14/643/804 1721/636/805
f 1721/636/805 1277/646/806 713/645/803
f 434/598/807 803/469/807 1130/472/807
f 1130/472/808 1379/595/808 434/598/808
f 1135/507/809 794/625/779 1379/628/778
f 1379/628/810 86/508/810 1135/507/810
f 1130/472/811 1128/647/811 1379/595/811
f 1128/648/812 86/508/812 1379/628/812
f 888/649/813 1011/593/813 451/594/813
f 451/594/814 1984/650/814 888/649/814
f 184/604/815 966/603/816 655/651/816
f 655/651/817 639/652/817 184/604/817
f 823/623/818 184/631/818 639/653/818
f 639/653/819 401/654/819 823/623/819
f 938/624/820 823/623/820 401/654/820
f 401/654/821 396/655/821 938/624/821
f 1978/420/822 2039/281/822 716/285/822
f 1978/420/823 1994/419/823 1956/282/823
f 1956/282/824 2039/281/824 1978/420/824
f 334/278/825 126/280/825 1695/416/825
f 1695/416/826 846/414/826 334/278/826
f 852/274/827 334/278/827 846/414/827
f 846/414/828 1976/412/828 852/274/828
f 361/275/829 852/274/829 1976/412/829
f 1976/412/830 181/411/830 361/275/830
f 194/272/831 361/275/831 181/411/831
f 181/411/832 315/408/832 194/272/832
f 1201/270/833 194/272/833 315/408/833
f 315/408/834 933/406/835 1201/270/836
f 1242/266/837 1201/270/836 933/406/835
f 933/406/838 391/404/838 1242/266/838
f 1214/267/839 1242/266/839 391/404/839
f 391/404/840 1200/403/840 1214/267/840
f 1145/426/841 1923/304/841 758/307/841
f 758/307/842 1391/427/842 1145/426/842
f 1302/432/843 634/317/843 1923/304/843
f 1923/304/844 1145/426/844 1302/432/844
f 13/264/845 634/313/845 1302/429/845
f 1302/429/846 1639/400/846 13/264/846
f 1603/398/847 1405/262/847 13/264/847
f 13/264/848 1639/400/848 1603/398/848
f 1737/397/849 633/259/849 1405/262/849
f 1405/262/850 1603/398/850 1737/397/850
f 1198/258/851 740/582/852 622/583/853
f 622/583/853 1261/394/854 1198/258/851
f 1245/222/855 1198/258/856 1261/394/857
f 1261/394/857 1835/388/858 1245/222/855
f 2034/387/419 1063/219/859 1245/222/860
f 1245/222/860 1835/388/420 2034/387/419
f 1380/385/861 1063/219/861 2034/387/861
f 2034/387/419 1606/386/418 1380/385/862
f 1606/386/863 1417/329/863 1590/326/863
f 1590/326/864 1380/385/864 1606/386/864
f 1224/327/865 1590/326/865 1417/329/865
f 1417/329/866 757/328/866 1224/327/866
f 1230/135/867 1966/134/867 1715/169/867
f 1715/169/868 742/168/868 1230/135/868
f 475/189/869 646/207/870 1715/169/871
f 1715/169/871 1966/134/872 475/189/869
f 1692/67/873 646/207/873 475/189/873
f 475/189/874 1933/36/875 1692/67/876
f 1657/64/877 1692/67/876 1933/36/875
f 1933/36/878 1930/31/878 1657/64/878
f 145/65/879 1657/64/879 1930/31/879
f 1930/31/880 845/34/880 145/65/880
f 345/29/881 34/27/882 1341/59/882
f 1341/59/883 1010/61/884 345/29/885
f 34/27/886 1980/23/886 156/55/886
f 156/55/887 1341/59/882 34/27/882
f 1980/23/888 215/26/888 331/56/888
f 331/56/889 156/55/889 1980/23/889
f 215/26/890 427/21/890 1645/53/890
f 1645/53/891 331/56/891 215/26/891
f 427/21/892 797/20/892 32/51/892
f 32/51/893 1645/53/893 427/21/893
f 797/20/894 1674/18/895 1880/47/896
f 1880/47/897 32/51/897 797/20/897
f 1674/18/898 1615/17/898 285/48/898
f 285/48/899 1880/47/896 1674/18/895
f 573/95/900 1655/98/900 509/101/900
f 509/101/901 1620/96/90 573/95/89
f 573/95/902 620/113/902 1043/114/902
f 1043/114/903 1655/98/903 573/95/903
f 1143/13/904 257/46/904 1043/109/904
f 1043/109/905 620/106/905 1143/13/905
f 1670/11/906 1184/41/907 257/46/908
f 257/46/908 1143/13/909 1670/11/906
f 1670/11/910 568/10/911 137/42/912
f 137/42/913 1184/41/913 1670/11/913
f 1716/575/914 783/8/915 1420/39/916
f 1420/39/916 1186/573/917 1716/575/914
f 783/8/918 780/7/918 1511/3/918
f 1511/3/919 1420/39/919 783/8/919
f 863/4/920 1511/3/920 780/7/920
f 780/7/921 204/37/921 863/4/921
f 848/192/922 5/186/163 863/4/162
f 863/4/923 204/37/172 848/192/171
f 1774/129/924 5/186/924 848/192/924
f 848/192/925 667/138/925 1774/129/925
f 36/137/926 248/126/926 1774/129/926
f 1774/129/927 667/138/927 36/137/927
f 903/365/928 1332/362/928 816/363/928
f 816/363/929 488/366/929 903/365/929
f 556/418/930 488/366/930 816/363/930
f 816/363/931 1257/417/931 556/418/931
f 1257/417/932 1695/416/932 1994/419/932
f 1994/419/933 556/418/933 1257/417/933
f 1956/282/934 1994/419/934 1695/416/934
f 1695/416/935 126/280/935 1956/282/935
f 744/283/936 1956/282/936 126/280/936
f 126/280/313 795/279/312 744/283/937
f 1426/250/938 831/247/939 122/248/940
f 122/248/940 1399/251/941 1426/250/938
f 849/298/942 1399/251/942 122/248/942
f 122/248/943 1811/296/943 849/298/943
f 538/502/944 89/501/945 157/498/946
f 157/498/946 387/499/947 538/502/944
f 387/499/948 453/656/948 1212/549/949
f 1212/549/949 538/502/950 387/499/948
f 453/657/951 1195/462/952 1216/466/953
f 1216/466/953 1212/551/954 453/657/951
f 1268/461/955 997/463/956 1216/466/957
f 1216/466/957 1195/462/958 1268/461/955
f 559/90/959 1928/89/959 1544/86/959
f 1544/86/960 1793/87/960 559/90/960
f 845/34/961 88/33/961 8/30/961
f 8/30/962 345/29/962 845/34/962
f 1010/61/963 145/65/963 845/34/963
f 845/34/964 345/29/885 1010/61/884
f 709/66/965 145/65/965 1010/61/965
f 1010/61/966 1001/62/966 709/66/966
f 745/204/967 462/205/967 709/66/967
f 709/66/968 1001/62/968 745/204/968
f 1542/166/969 462/205/969 745/204/969
f 745/204/970 1943/163/970 1542/166/970
f 1562/167/971 1542/166/971 1943/163/971
f 1943/163/972 1965/162/972 1562/167/972
f 962/658/973 1681/659/973 1988/606/973
f 1988/606/750 918/605/750 962/658/750
f 884/660/974 343/661/974 261/662/974
f 261/662/975 1625/663/975 884/660/975
f 1349/664/976 495/665/976 873/666/976
f 873/666/977 768/667/977 1349/664/977
f 726/668/978 1888/669/978 1023/670/978
f 1023/670/979 1447/671/979 726/668/979
f 1221/672/980 1023/670/981 1888/669/982
f 1888/669/982 294/673/983 1221/672/980
f 1687/674/984 1221/672/984 294/673/984
f 294/673/985 162/675/985 1687/674/985
f 614/676/986 1687/674/987 162/675/988
f 162/675/989 1522/677/990 614/676/991
f 1207/678/992 614/676/992 1522/677/992
f 1522/677/993 1852/679/994 1207/678/995
f 1852/679/996 1887/680/997 2019/681/997
f 2019/681/998 1207/678/998 1852/679/998
f 586/615/769 1899/618/768 469/607/999
f 469/607/999 1455/613/1000 586/615/769
f 1455/613/1001 1018/590/1001 417/600/1001
f 417/600/761 586/615/760 1455/613/1002
f 506/601/744 417/600/744 1018/590/1003
f 1018/590/1004 1370/589/1004 506/601/1004
f 1370/589/1005 1011/593/1005 966/603/1005
f 966/603/747 506/601/746 1370/589/1006
f 655/651/816 966/603/816 1011/593/1007
f 1011/593/1008 888/649/1008 655/651/1008
f 1988/606/1009 1681/659/1009 261/662/1009
f 261/662/1010 343/661/1010 1988/606/1010
f 1078/596/1011 1988/606/1011 343/661/1011
f 1796/597/1012 1078/596/1012 343/661/1012
f 343/661/1013 884/660/1013 1796/597/1013
f 873/666/1014 1071/125/1014 302/124/1014
f 302/124/1015 768/667/1015 873/666/1015
f 568/10/1016 155/9/1016 1447/671/1016
f 1447/671/1017 1023/670/1017 568/10/1017
f 1221/672/1018 137/42/912 568/10/911
f 568/10/1019 1023/670/981 1221/672/980
f 1266/43/37 137/42/36 1221/672/1020
f 1221/672/1021 1687/674/1021 1266/43/1021
f 1283/194/1022 1266/43/1022 1687/674/1022
f 1687/674/987 614/676/986 1283/194/1023
f 1207/678/1024 533/142/1024 1283/194/1024
f 1283/194/1025 614/676/1025 1207/678/1025
f 2019/681/1026 607/143/129 533/142/128
f 533/142/1027 1207/678/1027 2019/681/1027
f 1033/344/380 44/343/380 1705/682/380
f 1705/682/1028 1250/683/1028 1033/344/1028
f 1732/684/1029 913/396/486 1033/344/485
f 1033/344/1030 1250/683/1030 1732/684/1030
f 944/685/428 1737/397/428 913/396/428
f 913/396/1031 1732/684/1031 944/685/1031
f 905/686/849 633/259/849 1737/397/849
f 1737/397/1032 944/685/1032 905/686/1032
f 394/687/294 73/260/294 633/259/293
f 633/259/1033 905/686/1033 394/687/1034
f 121/228/264 947/688/1035 558/689/1036
f 558/689/1036 1410/229/265 121/228/264
f 1050/323/368 1410/229/368 558/689/368
f 558/689/1037 1776/690/1037 1050/323/1037
f 255/691/1038 785/627/1038 1296/626/1038
f 1296/626/1039 1438/692/1039 255/691/1039
f 59/693/786 962/632/785 785/627/784
f 785/627/784 255/691/786 59/693/786
f 1681/659/1040 962/658/1040 59/694/1040
f 59/694/1041 1454/695/1042 1681/659/1043
f 1975/696/1044 261/662/1044 1681/659/1044
f 1681/659/1043 1454/695/1042 1975/696/1045
f 1625/663/1046 261/662/1046 1975/696/1046
f 1975/696/1047 1150/697/1047 1625/663/1047
f 329/698/976 495/665/976 1349/664/976
f 1349/664/1048 1328/699/1049 329/698/1050
f 1888/669/1051 726/668/1051 901/700/1051
f 901/700/1052 675/701/1053 1888/669/1054
f 1094/702/1055 294/673/983 1888/669/982
f 1888/669/982 675/701/1056 1094/702/1055
f 162/675/1057 294/673/1057 1094/702/1057
f 1094/702/1058 339/703/1058 162/675/1058
f 1522/677/990 162/675/989 339/703/1059
f 339/703/1059 214/704/1060 1522/677/990
f 1402/705/993 1852/679/994 1522/677/993
f 1522/677/1061 214/704/1062 1402/705/1062
f 1253/706/1063 1887/680/997 1852/679/996
f 1852/679/996 1402/705/1064 1253/706/1063
f 1705/682/1065 1465/586/1065 699/585/1065
f 699/585/1028 1250/683/1028 1705/682/1028
f 1732/684/1030 1250/683/1030 699/585/1030
f 699/585/1066 1477/584/1066 1732/684/1066
f 1477/584/691 622/583/690 944/685/1067
f 944/685/1031 1732/684/1031 1477/584/1031
f 622/583/1068 740/582/1068 905/686/1068
f 905/686/1032 944/685/1032 622/583/1032
f 740/582/1069 1155/581/1070 394/687/1034
f 394/687/1034 905/686/1033 740/582/1069
f 947/688/1071 373/580/1071 1021/578/1071
f 1021/578/1072 558/689/1072 947/688/1072
f 1776/690/1073 558/689/1073 1021/578/1073
f 1021/578/1074 30/579/1074 1776/690/1074
f 255/691/1039 1438/692/1039 396/655/1039
f 396/655/1075 401/654/1075 255/691/1075
f 401/654/786 639/653/786 59/693/786
f 59/693/786 255/691/786 401/654/786
f 639/652/1076 655/651/1077 1454/695/1042
f 1454/695/1042 59/694/1041 639/652/1076
f 1975/696/1045 1454/695/1042 655/651/1077
f 655/651/1077 888/649/1078 1975/696/1045
f 1150/697/1079 1975/696/1079 888/649/1079
f 888/649/1080 1984/650/1080 1150/697/1080
f 963/577/1081 1364/576/1081 329/698/1081
f 329/698/1050 1328/699/1049 963/577/1082
f 986/574/1083 1716/575/1084 675/701/1053
f 675/701/1053 901/700/1052 986/574/1083
f 1094/702/1055 675/701/1056 1716/575/1085
f 1716/575/1085 1186/573/1086 1094/702/1055
f 339/703/1087 1094/702/1087 1186/573/1087
f 1186/573/1088 616/572/1088 339/703/1088
f 214/704/1060 339/703/1059 616/572/1089
f 616/572/1090 1578/571/1090 214/704/1090
f 1402/705/1062 214/704/1062 1578/571/1062
f 1578/571/1091 508/570/1091 1402/705/1091
f 508/570/1092 922/569/1092 1253/706/1092
f 1253/706/1063 1402/705/1064 508/570/1064
f 46/383/1093 1015/382/1093 1919/634/1093
f 1919/634/1094 68/637/1094 46/383/1094
f 1017/644/1095 2043/433/1095 46/383/1095
f 46/383/1096 68/637/1096 1017/644/1096
f 550/622/1097 731/320/471 2043/433/470
f 2043/433/1098 1017/644/1098 550/622/1098
f 948/321/1099 731/320/1100 550/622/1101
f 550/622/1101 31/621/1102 948/321/1099
f 912/322/1103 948/321/1103 31/621/1103
f 31/621/1104 938/624/1104 912/322/1104
f 30/579/1105 912/322/1105 938/624/1105
f 938/624/1106 396/655/1106 30/579/1106
f 1438/692/1107 1776/690/1107 30/579/1107
f 30/579/1108 396/655/1108 1438/692/1108
f 1296/626/1109 1050/323/1110 1776/690/1111
f 1776/690/1112 1438/692/1112 1296/626/1112
f 1175/287/1113 1050/323/1110 1296/626/1109
f 1296/626/775 794/625/774 1175/287/1114
f 789/288/1115 1175/287/1115 794/625/1115
f 794/625/1116 1135/507/1116 789/288/1116
f 1135/507/1117 1873/506/1117 1824/314/1117
f 1824/314/1118 789/288/1118 1135/507/1118
f 1824/319/1119 1873/510/1119 811/481/1119
f 811/481/1120 551/308/1120 1824/319/1120
f 1957/309/1121 551/308/1121 811/481/1121
f 811/481/1122 54/480/1122 1957/309/1122
f 1612/485/1123 1090/484/1123 258/290/1123
f 258/290/1124 1757/289/1124 1612/485/1124
f 203/488/1125 350/291/1125 258/290/1125
f 258/290/1126 1090/484/1126 203/488/1126
f 1365/490/1127 619/292/1127 350/291/1127
f 350/291/1128 203/488/1128 1365/490/1128
f 1740/493/1129 1781/293/1129 619/292/1129
f 619/292/1130 1365/490/1130 1740/493/1130
f 1740/493/1131 116/492/1132 1057/294/1133
f 1057/294/1133 1781/293/1134 1740/493/1131
f 793/496/1135 1506/295/1136 1057/294/1137
f 1057/294/1137 116/492/1138 793/496/1135
f 157/498/1139 1811/296/1139 1506/295/1139
f 1506/295/1140 793/496/1140 157/498/1140
f 89/501/1141 849/298/1141 1811/296/1141
f 1811/296/1142 157/498/1142 89/501/1142
f 1188/500/1143 286/297/1144 849/298/1145
f 849/298/1145 89/501/1146 1188/500/1143
f 1219/504/1147 489/299/1147 286/297/1147
f 286/297/1148 1188/500/1148 1219/504/1148
f 1408/424/1149 489/299/1149 1219/504/1149
f 1219/504/1150 829/516/1150 1408/424/1150
f 829/516/1151 941/515/1151 1132/373/1151
f 1132/373/1152 1408/424/1152 829/516/1152
f 1451/514/1153 1460/372/1154 1132/373/1155
f 1132/373/1155 941/515/1156 1451/514/1153
f 978/477/1157 779/476/1157 1860/171/1157
f 1860/171/1158 171/170/1158 978/477/1158
f 1199/479/1159 123/209/1159 1860/171/1159
f 1860/171/1160 779/476/1160 1199/479/1160
f 641/92/1161 123/209/1161 1199/479/1161
f 1199/479/1162 76/467/1162 641/92/1162
f 76/467/1163 1237/464/1163 1890/88/1163
f 1890/88/1164 641/92/1164 76/467/1164
f 1237/464/1165 997/463/1166 1928/89/1167
f 1928/89/1167 1890/88/1168 1237/464/1165
f 1544/86/1169 1928/89/1169 997/463/1169
f 997/463/1170 1268/461/1170 1544/86/1170
f 1268/461/1171 969/459/1171 45/84/1171
f 45/84/1172 1544/86/1172 1268/461/1172
f 969/459/1173 67/456/1174 1097/83/1175
f 1097/83/1175 45/84/1176 969/459/1173
f 358/455/1177 1736/80/1178 1097/83/1179
f 1097/83/1179 67/456/1180 358/455/1177
f 358/455/1181 357/453/1181 1058/78/1181
f 1058/78/1182 1736/80/1182 358/455/1182
f 357/453/1183 1751/451/1183 416/76/1183
f 416/76/1184 1058/78/1184 357/453/1184
f 1751/451/1185 418/448/1186 1777/75/1187
f 1777/75/1187 416/76/1188 1751/451/1185
f 439/447/1189 695/72/1189 1777/75/1189
f 1777/75/1190 418/448/1190 439/447/1190
f 1767/443/1191 710/102/1191 528/105/1191
f 528/105/1192 1652/444/1192 1767/443/1192
f 1767/443/1193 3/473/1193 1825/117/1193
f 1825/117/1194 710/102/1194 1767/443/1194
f 803/469/1195 1897/71/1195 1825/111/1195
f 1825/111/1196 3/470/1196 803/469/1196
f 434/598/1197 1525/68/1197 1897/71/1197
f 1897/71/1198 803/469/1198 434/598/1198
f 1796/597/1199 302/124/1199 1525/68/1199
f 1525/68/1200 434/598/1200 1796/597/1200
f 768/667/1201 302/124/1201 1796/597/1201
f 1796/597/1202 884/660/1203 768/667/1204
f 1625/663/1205 1349/664/1205 768/667/1205
f 768/667/1204 884/660/1203 1625/663/1206
f 1328/699/1207 1349/664/1207 1625/663/1207
f 1625/663/1208 1150/697/1208 1328/699/1208
f 1984/650/1209 963/577/1209 1328/699/1209
f 1328/699/1210 1150/697/1210 1984/650/1210
f 451/594/1211 15/123/1212 963/577/1213
f 963/577/1213 1984/650/1214 451/594/1211
f 1644/120/1215 15/123/1215 451/594/1215
f 451/594/1216 1769/592/1216 1644/120/1216
f 289/121/1217 1644/120/1217 1769/592/1217
f 1769/592/1218 1926/591/1218 289/121/1218
f 311/215/1219 289/121/1219 1926/591/1219
f 1926/591/1220 892/614/1220 311/215/1220
f 519/610/1221 392/185/1221 311/215/1221
f 311/215/1222 892/614/1222 519/610/1222
f 1583/609/1223 1165/182/1223 392/185/1223
f 392/185/1224 519/610/1224 1583/609/1224
f 1727/349/1225 1274/374/1225 1800/377/1225
f 1800/377/1226 1121/350/1226 1727/349/1226
f 42/402/1227 1121/350/1228 1800/377/1229
f 1800/377/1229 316/428/1230 42/402/1227
f 316/428/1231 1391/427/1231 1200/403/1231
f 1200/403/1232 42/402/1232 316/428/1232
f 758/307/1233 1214/267/1233 1200/403/1233
f 1200/403/1234 1391/427/1234 758/307/1234
f 1495/268/1235 1214/267/1235 758/307/1235
f 758/307/1236 984/306/1236 1495/268/1236
f 1805/235/1237 1948/234/1238 2036/300/1239
f 2036/300/1239 2009/303/1240 1805/235/1237
f 1957/309/1241 1757/289/1241 1805/235/1241
f 1805/235/1242 2009/303/1242 1957/309/1242
f 54/480/1243 1612/485/1243 1757/289/1243
f 1757/289/1244 1957/309/1244 54/480/1244
f 1267/486/1245 1612/485/1245 54/480/1245
f 54/480/1246 1352/483/1246 1267/486/1246
f 1352/483/1247 585/707/1247 1334/525/1247
f 1334/525/1248 1267/486/1248 1352/483/1248
f 585/708/1249 1950/445/1249 1523/450/1249
f 1523/450/1250 1334/527/1250 585/708/1250
f 1652/444/1251 439/447/1251 1523/450/1251
f 1523/450/1252 1950/445/1252 1652/444/1252
f 1652/444/1253 528/105/1253 695/72/1253
f 695/72/1254 439/447/1254 1652/444/1254
f 528/105/1255 1706/104/1255 1842/73/1255
f 1842/73/1256 695/72/1256 528/105/1256
f 1615/17/1257 2011/16/1258 77/97/1259
f 77/97/1259 1620/96/1260 1615/17/1257
f 285/48/1261 1615/17/1261 1620/96/1261
f 1620/96/1262 509/101/1262 285/48/1262
f 2030/49/1263 285/48/1263 509/101/1263
f 509/101/1264 1515/100/1264 2030/49/1264
f 64/211/1265 1701/197/1265 2030/49/1265
f 2030/49/1266 1515/100/1266 64/211/1266
f 968/150/1267 1701/197/1267 64/211/1267
f 64/211/1268 1442/177/1268 968/150/1268
f 1065/151/1269 968/150/1269 1442/177/1269
f 1442/177/1270 1466/176/1270 1065/151/1270
f 1688/173/1271 1357/172/1271 356/133/1271
f 356/133/1272 1869/132/1272 1688/173/1272
f 1082/208/1273 464/190/1273 356/133/1273
f 356/133/1274 1357/172/1274 1082/208/1274
f 178/35/1275 464/190/1276 1082/208/1277
f 1082/208/1277 2012/93/1278 178/35/1275
f 2012/93/1279 1336/91/1280 72/32/1281
f 72/32/1281 178/35/1282 2012/93/1279
f 88/33/1283 72/32/1284 1336/91/1285
f 1336/91/1285 559/90/1286 88/33/1283
f 8/30/1287 88/33/1288 559/90/1289
f 559/90/1289 1793/87/1290 8/30/1287
f 94/28/1291 8/30/1292 1793/87/1293
f 1793/87/1293 615/85/1294 94/28/1291
f 1970/24/1295 94/28/1295 615/85/1295
f 615/85/1296 906/82/1296 1970/24/1296
f 975/25/1297 1970/24/1298 906/82/1299
f 906/82/1299 1412/81/1300 975/25/1297
f 662/22/1301 975/25/1301 1412/81/1301
f 1412/81/1302 629/79/1303 662/22/1304
f 547/19/1305 662/22/1304 629/79/1303
f 629/79/1306 1343/77/1306 547/19/1306
f 1343/77/1307 24/74/1307 711/15/1307
f 711/15/1308 547/19/1308 1343/77/1308
f 24/74/1309 1842/73/1310 2011/16/1309
f 2011/16/1309 711/15/1311 24/74/1309
f 77/97/1312 2011/16/1313 1842/73/1314
f 1842/73/1314 1706/104/1315 77/97/1312
f 307/103/1316 1820/94/1316 77/97/1316
f 77/97/1317 1706/104/1317 307/103/1317
f 233/116/1318 1969/112/1318 1820/94/1318
f 1820/94/1319 307/103/1319 233/116/1319
f 1430/70/1320 66/14/1320 1969/107/1320
f 1969/107/1321 233/110/1321 1430/70/1321
f 1425/69/1322 1000/12/1322 66/14/1322
f 66/14/1323 1430/70/1323 1425/69/1323
f 1071/125/1324 155/9/1325 1000/12/1326
f 1000/12/1326 1425/69/1327 1071/125/1324
f 1447/671/1328 155/9/1329 1071/125/1330
f 1071/125/1330 873/666/1331 1447/671/1328
f 495/665/1332 726/668/1333 1447/671/1334
f 1447/671/1334 873/666/1335 495/665/1332
f 901/700/1336 726/668/1336 495/665/1336
f 495/665/1337 329/698/1337 901/700/1337
f 1364/576/1338 986/574/1338 901/700/1338
f 901/700/1339 329/698/1339 1364/576/1339
f 1364/576/1340 183/122/1340 437/5/1340
f 437/5/1341 986/574/1341 1364/576/1341
f 183/122/1342 706/119/1342 348/6/1342
f 348/6/1343 437/5/1343 183/122/1343
f 554/38/1344 348/6/1344 706/119/1344
f 706/119/1345 627/118/1345 554/38/1345
f 1512/214/1346 854/191/1346 554/38/1346
f 554/38/1347 627/118/1347 1512/214/1347
f 1446/139/1348 854/191/1349 1512/214/1350
f 1512/214/1350 668/184/1351 1446/139/1348
f 438/183/1352 838/136/1352 1446/139/1352
f 1446/139/1353 668/184/1353 438/183/1353
f 1060/333/1354 1246/370/1354 1702/371/1354
f 1702/371/1355 1818/334/1355 1060/333/1355
f 1702/371/1356 202/423/1356 229/390/1356
f 229/390/1357 1818/334/1357 1702/371/1357
f 202/423/1358 669/286/1358 1185/253/1358
f 1185/253/1359 229/390/1359 202/423/1359
f 669/286/1360 1353/284/1360 237/249/1360
f 237/249/1361 1185/253/1361 669/286/1361
f 1353/284/1362 744/283/1362 1426/250/1362
f 1426/250/1363 237/249/1363 1353/284/1363
f 744/283/1364 795/279/1364 831/247/1364
f 831/247/1365 1426/250/1365 744/283/1365
f 795/279/1366 2021/277/1366 55/245/1366
f 55/245/1367 831/247/1367 795/279/1367
f 2021/277/1368 1120/273/1369 1713/241/1370
f 1713/241/1370 55/245/1371 2021/277/1368
f 1120/273/1372 1921/276/1373 1427/242/1374
f 1427/242/1375 1713/241/1375 1120/273/1375
f 1921/276/1376 850/271/1376 862/239/1376
f 862/239/1377 1427/242/1374 1921/276/1373
f 850/271/1378 599/269/1378 1456/237/1378
f 1456/237/1379 862/239/1379 850/271/1379
f 599/269/1380 790/265/1380 535/233/1380
f 535/233/1381 1456/237/1381 599/269/1381
f 790/265/1382 1495/268/1383 1948/234/1384
f 1948/234/1384 535/233/1385 790/265/1382
f 2036/300/1386 1948/234/1387 1495/268/1388
f 1495/268/1388 984/306/1389 2036/300/1386
f 984/306/1390 1052/305/1390 154/301/1390
f 154/301/1391 2036/300/1391 984/306/1391
f 1052/305/1392 299/318/1392 1348/315/1392
f 1348/315/1393 154/301/1393 1052/305/1393
f 299/312/1394 133/263/1394 351/231/1394
f 351/231/1395 1348/310/1395 299/312/1395
f 133/263/1396 244/261/1397 1137/227/1398
f 1137/227/1398 351/231/1399 133/263/1396
f 244/261/1400 73/260/1400 121/228/1400
f 121/228/1401 1137/227/1401 244/261/1401
f 73/260/1402 394/687/1403 947/688/1404
f 947/688/1405 121/228/1405 73/260/1405
f 394/687/1406 1155/581/1407 373/580/1408
f 373/580/1409 947/688/1404 394/687/1403
f 1155/581/1410 920/257/1410 954/223/1410
f 954/223/1411 373/580/1408 1155/581/1407
f 920/257/1412 1756/221/1412 238/224/1412
f 238/224/1413 954/223/1413 920/257/1413
f 1756/221/259 889/220/258 1269/255/1414
f 1269/255/1415 238/224/1415 1756/221/1415
f 889/220/1416 1581/384/1416 671/392/1416
f 671/392/1417 1269/255/1417 889/220/1417
f 1581/384/474 1552/325/473 364/336/1418
f 364/336/1419 671/392/1419 1581/384/1419
f 1552/325/1420 1361/324/1420 1501/337/1420
f 1501/337/1421 364/336/1421 1552/325/1421
f 570/482/1422 811/481/1422 207/512/1422
f 1486/520/598 570/482/597 207/512/1423
f 207/512/1423 314/709/1424 1486/520/598
f 725/446/594 1486/518/593 314/710/1425
f 314/710/1425 486/474/1426 725/446/594
f 1767/443/526 725/446/526 486/474/526
usemtl Zipper_mtl_#0
f 525/2110/3761 359/2111/3762 1668/2112/3763
f 1668/2112/3764 1467/2113/3764 525/2110/3764
f 810/2114/3765 1042/2115/3765 1690/2116/3765
f 1690/2116/3766 819/2117/3766 810/2114/3766
f 1004/2118/3767 1073/2119/3767 856/2120/3767
f 856/2120/3768 1847/2121/3769 1004/2118/3770
f 1944/2122/3771 1891/2123/3771 1478/2124/3771
f 1478/2124/3772 1140/2125/3772 1944/2122/3772
f 1042/2115/3773 1968/2126/3773 1203/2127/3773
f 1203/2127/3774 1690/2116/3774 1042/2115/3774
f 1076/2128/3775 1626/2129/3775 766/2130/3775
f 766/2130/3776 415/2131/3776 1076/2128/3776
f 1626/2129/3777 1126/2132/3777 149/2133/3777
f 149/2133/3778 766/2130/3778 1626/2129/3778
f 1126/2132/3779 1102/2134/3779 1187/2135/3779
f 1187/2135/3780 149/2133/3780 1126/2132/3780
f 1102/2134/3781 1127/2136/3781 352/2137/3781
f 352/2137/3782 1187/2135/3782 1102/2134/3782
f 1127/2136/3783 274/2138/3783 1937/2139/3783
f 1937/2139/3784 352/2137/3784 1127/2136/3784
f 274/2138/3785 1463/2140/3785 1346/2141/3785
f 1346/2141/3786 1937/2139/3786 274/2138/3786
f 1463/2140/3787 1054/2142/3787 470/2143/3787
f 470/2143/3788 1346/2141/3788 1463/2140/3788
f 2029/2144/3789 1189/2145/3789 1961/2146/3789
f 1961/2146/3790 1396/2147/3790 2029/2144/3790
f 90/2148/3791 1925/2149/3792 946/2150/3793
f 946/2150/3793 691/2151/3794 90/2148/3791
f 596/2152/3795 1470/2153/3795 1638/2154/3795
f 1638/2154/3796 1091/2155/3796 596/2152/3796
f 1470/2153/3797 1422/2156/3797 1720/2157/3797
f 1720/2157/3798 1638/2154/3798 1470/2153/3798
f 1338/2158/3799 680/2159/3799 1125/2160/3799
f 1125/2160/3800 1473/2161/3800 1338/2158/3800
f 680/2159/3801 733/2162/3801 353/2163/3801
f 353/2163/3802 1125/2160/3802 680/2159/3802
f 733/2162/3803 1587/2164/3803 1026/2165/3803
f 1026/2165/3804 353/2163/3804 733/2162/3804
f 1012/2166/3805 1314/2167/3805 820/2168/3805
f 820/2168/3806 1973/2169/3806 1012/2166/3806
f 326/2170/3807 1433/2171/3807 782/2172/3807
f 782/2172/3808 723/2173/3808 326/2170/3808
f 1433/2171/3809 1432/2174/3809 1843/2175/3809
f 1843/2175/3810 782/2172/3810 1433/2171/3810
f 1730/2176/3811 188/2177/3811 1024/2178/3811
f 1024/2178/3812 1330/2179/3812 1730/2176/3812
f 1870/2180/3813 78/2181/3813 449/2182/3813
f 449/2182/3814 1773/2183/3815 1870/2180/3816
f 18/2184/3817 1076/2128/3817 415/2131/3817
f 415/2131/3818 349/2185/3818 18/2184/3818
f 1054/2142/3819 2029/2144/3819 1396/2147/3819
f 1396/2147/3820 470/2143/3820 1054/2142/3820
f 1189/2145/3821 90/2148/3821 691/2151/3821
f 691/2151/3822 1961/2146/3822 1189/2145/3822
f 1925/2149/3823 596/2152/3823 1091/2155/3823
f 1091/2155/3824 946/2150/3824 1925/2149/3824
f 748/2186/3825 1944/2122/3825 1140/2125/3825
f 1140/2125/3826 1752/2187/3826 748/2186/3826
f 188/2177/3827 1012/2166/3827 1973/2169/3827
f 1973/2169/3828 1024/2178/3828 188/2177/3828
f 1819/2188/3829 250/2189/3830 26/2190/3831
f 26/2190/3832 530/2191/3832 1819/2188/3832
f 1176/2192/3833 367/2193/3833 1912/2194/3833
f 1912/2194/3834 104/2195/3834 1176/2192/3834
f 1507/2196/3835 262/2197/3835 1191/2198/3835
f 1191/2198/3836 1597/2199/3836 1507/2196/3836
f 1093/2200/3837 2048/2201/3837 976/2202/3837
f 976/2202/3838 1555/2203/3838 1093/2200/3838
f 1592/2204/3839 2008/2205/3839 101/2206/3839
f 101/2206/3840 12/2207/3840 1592/2204/3840
f 1531/2208/3841 1939/2209/3841 1659/2210/3841
f 1659/2210/3842 875/2211/3842 1531/2208/3842
f 908/2212/3843 1531/2208/3843 875/2211/3843
f 875/2211/3844 125/2213/3844 908/2212/3844
f 1640/2214/3845 908/2212/3845 125/2213/3845
f 125/2213/3846 853/2215/3846 1640/2214/3846
f 107/2216/3847 1640/2214/3847 853/2215/3847
f 853/2215/3848 703/2217/3848 107/2216/3848
f 926/2218/3849 107/2216/3849 703/2217/3849
f 703/2217/3850 866/2219/3850 926/2218/3850
f 1573/2220/3851 926/2218/3851 866/2219/3851
f 866/2219/3852 514/2221/3852 1573/2220/3852
f 715/2222/3853 1573/2220/3853 514/2221/3853
f 514/2221/3854 209/2223/3854 715/2222/3854
f 577/2224/3855 581/2225/3855 455/2226/3855
f 455/2226/3856 1803/2227/3856 577/2224/3856
f 1945/2228/3857 950/2229/3857 1554/2230/3857
f 1554/2230/3858 770/2231/3858 1945/2228/3858
f 763/2232/3859 626/2233/3859 63/2234/3859
f 63/2234/3860 1232/2235/3860 763/2232/3860
f 788/2236/3861 763/2232/3861 1232/2235/3861
f 1232/2235/3862 477/2237/3862 788/2236/3862
f 649/2238/3863 788/2236/3863 477/2237/3863
f 477/2237/3864 1599/2239/3864 649/2238/3864
f 827/2240/3865 1099/2241/3865 1493/2242/3865
f 1493/2242/3866 127/2243/3866 827/2240/3866
f 262/2197/3867 827/2240/3867 127/2243/3867
f 127/2243/3868 1191/2198/3868 262/2197/3868
f 1029/2244/3869 1952/2245/3869 1617/2246/3869
f 1617/2246/3870 1303/2247/3870 1029/2244/3870
f 379/2248/3871 1859/2249/3871 1505/2250/3871
f 1505/2250/3872 830/2251/3872 379/2248/3872
f 1432/2252/3873 354/2253/3873 1733/2254/3873
f 1733/2254/3874 1843/2255/3874 1432/2252/3874
f 911/2256/3875 1730/2176/3875 1330/2179/3875
f 1330/2179/3876 1297/2257/3876 911/2256/3876
f 1729/2258/3877 1819/2188/3877 530/2191/3877
f 530/2191/3878 1500/2259/3879 1729/2258/3880
f 1939/2209/3881 346/2260/3881 613/2261/3881
f 613/2261/3882 1659/2210/3882 1939/2209/3882
f 581/2225/3883 715/2222/3883 209/2223/3883
f 209/2223/3884 455/2226/3884 581/2225/3884
f 950/2229/3885 577/2224/3885 1803/2227/3885
f 1803/2227/3886 1554/2230/3886 950/2229/3886
f 626/2233/3887 1945/2228/3887 770/2231/3887
f 770/2231/3888 63/2234/3888 626/2233/3888
f 1918/2262/3889 1029/2244/3889 1303/2247/3889
f 1303/2247/3890 1878/2263/3890 1918/2262/3890
f 1952/2245/3891 911/2256/3891 1297/2257/3891
f 1297/2257/3892 1617/2246/3892 1952/2245/3892
f 1968/2126/3893 18/2184/3893 349/2185/3893
f 349/2185/3894 1203/2127/3894 1968/2126/3894
f 346/2260/3895 1592/2204/3895 12/2207/3895
f 12/2207/3896 613/2261/3896 346/2260/3896
f 1099/2241/3897 649/2238/3897 1599/2239/3897
f 1599/2239/3898 1493/2242/3898 1099/2241/3898
f 1422/2156/3899 1338/2158/3899 1473/2161/3899
f 1473/2161/3900 1720/2157/3900 1422/2156/3900
f 1093/2200/3901 1555/2203/3901 26/2190/3901
f 26/2190/3831 250/2189/3830 1093/2200/3902
f 1729/2258/3880 1500/2259/3879 1912/2194/3903
f 1912/2194/3904 367/2193/3904 1729/2258/3904
f 1176/2192/3905 104/2195/3905 101/2206/3905
f 101/2206/3906 2008/2205/3906 1176/2192/3906
f 1507/2196/3907 1597/2199/3907 1505/2250/3907
f 1505/2250/3908 1859/2249/3908 1507/2196/3908
f 379/2248/3909 830/2251/3909 1733/2254/3909
f 1733/2254/3910 354/2253/3910 379/2248/3910
f 326/2170/3911 723/2173/3911 856/2120/3911
f 856/2120/3912 1073/2119/3912 326/2170/3912
f 1004/2118/3770 1847/2121/3769 1026/2165/3913
f 1026/2165/3914 1587/2164/3914 1004/2118/3914
f 748/2186/3915 1752/2187/3915 820/2168/3915
f 820/2168/3916 1314/2167/3916 748/2186/3916
f 1478/2124/3917 1891/2123/3917 525/2110/3917
f 525/2110/3918 1467/2113/3918 1478/2124/3918
f 1870/2180/3816 1773/2183/3815 1668/2112/3919
f 1668/2112/3763 359/2111/3762 1870/2180/3920
f 810/2114/3921 819/2117/3921 449/2182/3921
f 449/2182/3922 78/2181/3922 810/2114/3922
f 2048/2201/3923 1918/2262/3923 1878/2263/3923
f 1878/2263/3924 976/2202/3924 2048/2201/3924
usemtl Legs_#0
f 953/711/1427 719/712/1427 1955/713/1427
f 719/712/1427 953/711/1427 1924/714/1427
f 719/712/1427 1924/714/1427 1648/715/1427
f 719/712/1427 1648/715/1427 1049/716/1427
f 982/717/1428 953/718/1428 1955/719/1428
f 1955/719/1428 885/720/1428 982/717/1428
f 1924/721/1429 953/718/1429 982/717/1429
f 982/717/1429 164/722/1429 1924/721/1429
f 1648/723/1430 1924/721/1430 164/722/1430
f 164/722/1430 844/724/1430 1648/723/1430
f 1049/725/1431 1648/723/1431 844/724/1431
f 844/724/1431 575/726/1431 1049/725/1431
f 2018/727/1432 1838/728/1432 982/729/1432
f 982/729/1432 885/730/1432 2018/727/1432
f 1838/728/1432 164/731/1432 982/729/1432
f 1838/728/1432 844/732/1432 164/731/1432
f 1838/728/1432 2018/727/1432 575/733/1432
f 575/733/1432 844/732/1432 1838/728/1432
f 1066/728/1432 1779/734/1432 355/727/1432
f 2053/734/1427 1913/728/1427 1675/727/1427
f 1647/728/1427 995/735/1427 1041/727/1427
f 2052/735/1432 720/728/1432 1882/727/1432
f 1955/713/1427 719/712/1427 222/736/1427
f 719/712/1427 1049/716/1427 222/736/1427
f 885/737/1433 1955/738/1433 222/739/1433
f 222/739/1433 147/740/1433 885/737/1433
f 222/739/1434 1049/725/1434 575/726/1434
f 575/726/1434 147/740/1434 222/739/1434
f 2018/727/1432 885/730/1432 147/741/1432
f 575/733/1432 2018/727/1432 147/741/1432
f 1772/742/1427 549/743/1427 1077/744/1427
f 1772/742/1427 516/745/1427 549/743/1427
f 1772/742/1427 1240/746/1427 516/745/1427
f 1077/747/1435 549/748/1435 1215/749/1435
f 1215/749/1435 566/750/1435 1077/747/1435
f 549/748/1436 516/751/1436 1604/752/1436
f 1604/752/1436 1215/749/1436 549/748/1436
f 516/751/1437 1240/753/1437 1290/754/1437
f 1290/754/1437 1604/752/1437 516/751/1437
f 1372/755/1432 1154/756/1432 566/757/1432
f 566/757/1432 1215/758/1432 1372/755/1432
f 1372/755/1432 1215/758/1432 1604/759/1432
f 1347/760/1432 1372/755/1432 1604/759/1432
f 1604/759/1432 1290/761/1432 1347/760/1432
f 1005/762/1432 1372/755/1432 323/763/1432
f 1154/756/1432 1372/755/1432 1005/762/1432
f 497/764/1432 1372/755/1432 1347/760/1432
f 323/763/1432 1372/755/1432 497/764/1432
f 1772/742/1427 1077/744/1427 120/765/1427
f 1772/742/1427 120/765/1427 1252/766/1427
f 1240/746/1427 1772/742/1427 1252/766/1427
f 120/767/1438 1077/768/1438 566/769/1438
f 566/769/1438 344/770/1438 120/767/1438
f 1252/771/1439 120/767/1439 344/770/1439
f 344/770/1439 597/772/1439 1252/771/1439
f 1290/754/1440 1240/753/1440 1252/771/1440
f 1252/771/1440 597/772/1440 1290/754/1440
f 566/757/1432 1154/756/1432 1234/773/1432
f 1234/773/1432 344/774/1432 566/757/1432
f 1234/773/1432 597/775/1432 344/774/1432
f 1234/773/1432 1347/760/1432 1290/761/1432
f 1290/761/1432 597/775/1432 1234/773/1432
f 1005/762/1432 323/763/1432 1234/773/1432
f 1154/756/1432 1005/762/1432 1234/773/1432
f 497/764/1432 1347/760/1432 1234/773/1432
f 323/763/1432 497/764/1432 1234/773/1432
f 43/776/1427 737/777/1427 180/778/1427
f 43/776/1427 197/779/1427 737/777/1427
f 43/776/1427 1484/780/1427 197/779/1427
f 180/781/1441 737/782/1441 1862/783/1441
f 1862/783/1441 185/784/1441 180/781/1441
f 737/782/1442 197/785/1442 1190/786/1442
f 1190/786/1442 1862/783/1442 737/782/1442
f 197/785/1443 1484/787/1443 1192/788/1443
f 1192/788/1443 1190/786/1443 197/785/1443
f 812/789/1432 1815/790/1432 185/791/1432
f 185/791/1432 1862/792/1432 812/789/1432
f 812/789/1432 1862/792/1432 1190/793/1432
f 1183/794/1432 812/789/1432 1190/793/1432
f 1190/793/1432 1192/795/1432 1183/794/1432
f 1959/796/1432 812/789/1432 134/797/1432
f 1815/790/1432 812/789/1432 1959/796/1432
f 1163/798/1432 812/789/1432 1183/794/1432
f 134/797/1432 812/789/1432 1163/798/1432
f 43/776/1427 180/778/1427 1874/799/1427
f 43/776/1427 1874/799/1427 712/800/1427
f 1484/780/1427 43/776/1427 712/800/1427
f 1874/801/1444 180/802/1444 185/803/1444
f 185/803/1444 118/804/1444 1874/801/1444
f 712/805/1445 1874/801/1445 118/804/1445
f 118/804/1445 1595/806/1445 712/805/1445
f 1192/788/1446 1484/787/1446 712/805/1446
f 712/805/1446 1595/806/1446 1192/788/1446
f 185/791/1432 1815/790/1432 988/807/1432
f 988/807/1432 118/808/1432 185/791/1432
f 988/807/1432 1595/809/1432 118/808/1432
f 988/807/1432 1183/794/1432 1192/795/1432
f 1192/795/1432 1595/809/1432 988/807/1432
f 1959/796/1432 134/797/1432 988/807/1432
f 1815/790/1432 1959/796/1432 988/807/1432
f 1163/798/1432 1183/794/1432 988/807/1432
f 134/797/1432 1163/798/1432 988/807/1432
f 1570/810/1427 1567/811/1427 784/812/1427
f 1570/810/1427 784/812/1427 815/813/1427
f 1570/810/1427 815/813/1427 828/814/1427
f 784/815/1437 1567/816/1437 678/817/1437
f 678/817/1437 1830/818/1437 784/815/1437
f 815/819/1436 784/815/1436 1830/818/1436
f 1830/818/1436 1254/820/1436 815/819/1436
f 828/821/1435 815/819/1435 1254/820/1435
f 1254/820/1435 1002/822/1435 828/821/1435
f 1940/823/1432 1812/824/1432 1830/825/1432
f 1830/825/1432 678/826/1432 1940/823/1432
f 1812/824/1432 1254/827/1432 1830/825/1432
f 1812/824/1432 562/828/1432 1002/829/1432
f 1002/829/1432 1254/827/1432 1812/824/1432
f 1745/830/1432 738/831/1432 1812/824/1432
f 1940/823/1432 1745/830/1432 1812/824/1432
f 1423/832/1432 562/828/1432 1812/824/1432
f 738/831/1432 1423/832/1432 1812/824/1432
f 1567/811/1427 1570/810/1427 249/833/1427
f 1570/810/1427 168/834/1427 249/833/1427
f 1570/810/1427 828/814/1427 168/834/1427
f 678/835/1440 1567/836/1440 249/837/1440
f 249/837/1440 1569/838/1440 678/835/1440
f 249/837/1439 168/839/1439 563/840/1439
f 563/840/1439 1569/838/1439 249/837/1439
f 168/839/1438 828/821/1438 1002/822/1438
f 1002/822/1438 563/840/1438 168/839/1438
f 384/841/1432 1940/823/1432 678/826/1432
f 678/826/1432 1569/842/1432 384/841/1432
f 384/841/1432 1569/842/1432 563/843/1432
f 1002/829/1432 562/828/1432 384/841/1432
f 384/841/1432 563/843/1432 1002/829/1432
f 1745/830/1432 384/841/1432 738/831/1432
f 1940/823/1432 384/841/1432 1745/830/1432
f 1423/832/1432 384/841/1432 562/828/1432
f 738/831/1432 384/841/1432 1423/832/1432
f 714/844/1447 1922/845/1447 1983/846/1447
f 1983/846/1448 1902/847/1448 714/844/1448
f 483/848/1449 843/849/1449 2040/850/1449
f 2040/850/1450 1810/851/1450 483/848/1450
f 843/849/1451 914/852/1452 1754/853/1453
f 1754/853/1453 2040/850/1454 843/849/1451
f 1113/854/1455 843/849/1455 483/848/1455
f 483/848/1456 993/855/1456 1113/854/1456
f 1113/854/1457 993/855/1457 1902/847/1457
f 1902/847/1458 1983/846/1458 1113/854/1458
f 2040/856/1427 1754/857/1427 518/858/1427
f 518/858/1427 1537/859/1427 2040/856/1427
f 518/858/1459 1340/860/1459 369/861/1459
f 369/861/1459 1537/859/1459 518/858/1459
f 219/862/1460 870/863/1460 967/864/1460
f 967/864/1460 1424/865/1460 219/862/1460
f 870/863/1442 245/866/1442 1865/867/1442
f 1865/867/1442 967/864/1442 870/863/1442
f 245/866/1461 1304/868/1461 900/869/1461
f 900/869/1461 1865/867/1461 245/866/1461
f 967/864/1462 1025/870/1462 1159/871/1462
f 1159/871/1463 1424/865/1463 967/864/1463
f 1025/870/1442 967/864/1442 1865/867/1442
f 1865/867/1442 1169/872/1442 1025/870/1442
f 1865/867/1464 900/869/1464 934/873/1464
f 934/873/1465 1169/872/1465 1865/867/1465
f 92/874/1442 1637/875/1442 1025/870/1442
f 1025/870/1442 1169/872/1442 92/874/1442
f 881/876/1466 92/874/1466 1169/872/1466
f 1169/872/1467 934/873/1467 881/876/1467
f 225/877/1468 1637/875/1468 721/878/1468
f 721/878/1469 1067/879/1469 225/877/1469
f 1637/875/1442 92/874/1442 632/880/1442
f 632/880/1442 721/878/1442 1637/875/1442
f 92/874/1470 881/876/1470 1119/881/1470
f 1119/881/1471 632/880/1471 92/874/1471
f 1637/875/1472 225/877/1473 1159/871/1474
f 1159/871/1474 1025/870/1475 1637/875/1472
f 1983/846/1476 1922/845/1476 1067/879/1476
f 1067/879/1477 721/878/1477 1983/846/1477
f 1113/854/1478 1983/846/1478 721/878/1478
f 721/878/1479 632/880/1479 1113/854/1479
f 843/849/1480 1113/854/1480 632/880/1480
f 843/849/1481 632/880/1481 1119/881/1481
f 843/849/1482 1119/881/1482 914/852/1482
f 2040/856/1427 1537/859/1427 1826/882/1427
f 1826/882/1427 1810/883/1427 2040/856/1427
f 1537/859/1483 369/861/1483 1496/884/1483
f 1496/884/1483 1826/882/1483 1537/859/1483
f 1324/885/1484 714/844/1484 1902/847/1484
f 1902/847/1485 894/886/1485 1324/885/1485
f 786/887/1486 483/848/1486 1810/851/1486
f 1810/851/1487 1487/888/1487 786/887/1487
f 447/889/1488 786/887/1489 1487/888/1490
f 1487/888/1490 135/890/1491 447/889/1488
f 579/891/1492 993/855/1492 483/848/1492
f 483/848/1493 786/887/1493 579/891/1493
f 1902/847/1494 993/855/1494 579/891/1494
f 579/891/1495 894/886/1495 1902/847/1495
f 135/892/1427 1487/893/1427 243/894/1427
f 243/894/1427 858/895/1427 135/892/1427
f 1840/896/1496 1941/897/1496 858/895/1496
f 858/895/1496 243/894/1496 1840/896/1496
f 1885/898/1497 1881/899/1498 1722/900/1499
f 1722/900/1499 16/901/1500 1885/898/1497
f 1885/898/1436 1704/902/1436 1351/903/1436
f 1351/903/1436 1881/899/1436 1885/898/1436
f 1704/902/1501 874/904/1502 687/905/1503
f 687/905/1503 1351/903/1504 1704/902/1501
f 996/906/1505 1885/898/1505 16/901/1505
f 16/901/1506 647/907/1506 996/906/1506
f 1885/898/1436 996/906/1436 7/908/1436
f 7/908/1436 1704/902/1436 1885/898/1436
f 874/904/1507 1704/902/1507 7/908/1507
f 7/908/1508 1903/909/1508 874/904/1508
f 1613/910/1509 996/906/1509 647/907/1509
f 647/907/1510 1100/911/1510 1613/910/1510
f 7/908/1436 996/906/1436 1613/910/1436
f 1613/910/1436 672/912/1436 7/908/1436
f 1903/909/1511 7/908/1512 672/912/1513
f 672/912/1513 1022/913/1514 1903/909/1511
f 907/914/1515 1324/885/1515 894/886/1515
f 894/886/1516 1758/915/1516 907/914/1516
f 1758/915/1517 894/886/1517 579/891/1517
f 579/891/1518 1611/916/1518 1758/915/1518
f 1611/916/1519 579/891/1519 786/887/1519
f 1611/916/1520 786/887/1520 447/889/1520
f 1611/916/1521 447/889/1521 129/917/1521
f 1810/883/1427 1826/882/1427 243/894/1427
f 243/894/1427 1487/893/1427 1810/883/1427
f 1496/884/1483 1840/896/1483 243/894/1483
f 243/894/1483 1826/882/1483 1496/884/1483
f 1666/918/1522 714/919/1522 212/920/1522
f 212/920/1523 1335/921/1523 1666/918/1523
f 1861/922/1524 1373/923/1524 2015/924/1524
f 2015/924/1525 372/925/1525 1861/922/1525
f 1986/926/1526 1861/922/1527 372/925/1528
f 372/925/1528 1524/927/1529 1986/926/1526
f 663/928/1530 1247/929/1530 1373/923/1530
f 1373/923/1531 1861/922/1531 663/928/1531
f 1247/929/1532 663/928/1532 1335/921/1532
f 1335/921/1533 212/920/1533 1247/929/1533
f 1524/930/1427 372/931/1427 1319/932/1427
f 1319/932/1427 1376/933/1427 1524/930/1427
f 1265/934/1534 1844/935/1534 1376/933/1534
f 1376/933/1534 1319/932/1534 1265/934/1534
f 1272/936/1461 491/937/1461 1851/938/1461
f 1851/938/1461 1462/939/1461 1272/936/1461
f 228/940/1442 1272/936/1442 1462/939/1442
f 1462/939/1442 1559/941/1442 228/940/1442
f 1171/942/1460 228/940/1460 1559/941/1460
f 1559/941/1460 1676/943/1460 1171/942/1460
f 318/944/1535 1462/939/1535 1851/938/1535
f 1851/938/1536 787/945/1536 318/944/1536
f 1462/939/1442 318/944/1442 935/946/1442
f 935/946/1442 1559/941/1442 1462/939/1442
f 1676/943/1537 1559/941/1537 935/946/1537
f 935/946/1538 1763/947/1538 1676/943/1538
f 935/946/1442 318/944/1442 1503/948/1442
f 1503/948/1442 1259/949/1442 935/946/1442
f 1259/949/1539 1953/950/1539 1763/947/1539
f 1763/947/1540 935/946/1540 1259/949/1540
f 318/944/1541 787/945/1541 1813/951/1541
f 1813/951/1542 1503/948/1542 318/944/1542
f 246/952/1543 282/953/1543 1503/948/1543
f 1503/948/1544 1813/951/1544 246/952/1544
f 1259/949/1442 1503/948/1442 282/953/1442
f 282/953/1442 1056/954/1442 1259/949/1442
f 227/955/1545 1953/950/1545 1259/949/1545
f 1259/949/1546 1056/954/1546 227/955/1546
f 246/952/1547 1666/918/1547 1335/921/1547
f 1335/921/1548 282/953/1548 246/952/1548
f 282/953/1549 1335/921/1549 663/928/1549
f 663/928/1550 1056/954/1550 282/953/1550
f 1056/954/1551 663/928/1551 1861/922/1551
f 1056/954/1552 1861/922/1552 1986/926/1552
f 1056/954/1553 1986/926/1553 227/955/1553
f 2015/956/1427 1846/957/1427 1319/932/1427
f 1319/932/1427 372/931/1427 2015/956/1427
f 861/958/1554 1265/934/1554 1319/932/1554
f 1319/932/1554 1846/957/1554 861/958/1554
f 212/920/1555 714/919/1555 1324/959/1555
f 1324/959/1556 729/960/1556 212/920/1556
f 2015/924/1557 1373/923/1557 366/961/1557
f 366/961/1525 1109/962/1525 2015/924/1525
f 366/961/1558 447/889/1559 135/890/1560
f 135/890/1560 1109/962/1561 366/961/1558
f 130/963/1562 366/961/1562 1373/923/1562
f 1373/923/1563 1247/929/1563 130/963/1563
f 130/963/1564 1247/929/1564 212/920/1564
f 212/920/1565 729/960/1565 130/963/1565
f 1109/964/1427 135/892/1427 858/895/1427
f 858/895/1427 565/965/1427 1109/964/1427
f 858/895/1566 1941/897/1566 1822/966/1567
f 1822/966/1567 565/965/1567 858/895/1566
f 16/967/1568 1722/900/1569 476/968/1570
f 476/968/1570 383/969/1571 16/967/1568
f 1744/970/1439 383/969/1439 476/968/1439
f 476/968/1439 734/971/1439 1744/970/1439
f 687/905/1572 874/904/1573 1744/970/1574
f 1744/970/1574 734/971/1575 687/905/1572
f 539/972/1439 383/969/1439 1744/970/1439
f 1744/970/1439 879/973/1439 539/972/1439
f 1744/970/1576 874/904/1576 1903/909/1576
f 1903/909/1577 879/973/1577 1744/970/1577
f 319/974/1439 539/972/1439 879/973/1439
f 879/973/1439 541/975/1439 319/974/1439
f 879/973/1578 1903/909/1579 1022/913/1580
f 1022/913/1580 541/975/1578 879/973/1578
f 1100/976/1581 319/974/1581 381/977/1581
f 381/977/1582 907/978/1582 1100/976/1582
f 291/979/1439 381/977/1439 319/974/1439
f 319/974/1439 541/975/1439 291/979/1439
f 541/975/1583 1022/913/1583 129/917/1583
f 129/917/1584 291/979/1584 541/975/1584
f 647/980/1585 16/967/1585 383/969/1585
f 383/969/1586 539/972/1586 647/980/1586
f 1100/976/1587 647/980/1587 539/972/1587
f 539/972/1588 319/974/1588 1100/976/1588
f 729/960/1589 1324/959/1589 907/978/1589
f 907/978/1590 381/977/1590 729/960/1590
f 130/963/1591 729/960/1591 381/977/1591
f 381/977/1592 291/979/1592 130/963/1592
f 366/961/1593 130/963/1593 291/979/1593
f 366/961/1594 291/979/1594 129/917/1594
f 366/961/1595 129/917/1595 447/889/1595
f 1109/964/1427 565/965/1427 1846/957/1427
f 1846/957/1427 2015/956/1427 1109/964/1427
f 565/965/1554 1822/966/1554 861/958/1554
f 861/958/1554 1846/957/1554 565/965/1554
f 1922/981/1596 714/982/1596 182/983/1596
f 182/983/1597 211/984/1597 1922/981/1597
f 62/985/1598 915/986/1598 151/987/1598
f 151/987/1599 1271/988/1599 62/985/1599
f 1754/853/1600 914/852/1601 62/985/1602
f 62/985/1602 1271/988/1603 1754/853/1600
f 2038/989/1604 1632/990/1604 915/986/1604
f 915/986/1605 62/985/1605 2038/989/1605
f 1632/990/1606 2038/989/1606 211/984/1606
f 211/984/1607 182/983/1607 1632/990/1607
f 1754/857/1427 1271/991/1427 998/992/1427
f 998/992/1427 518/858/1427 1754/857/1427
f 1673/993/1608 1340/860/1608 518/858/1608
f 518/858/1608 998/992/1608 1673/993/1608
f 251/994/1609 219/995/1609 1424/996/1609
f 1424/996/1609 1368/997/1609 251/994/1609
f 200/998/1445 251/994/1445 1368/997/1445
f 1368/997/1445 1904/999/1445 200/998/1445
f 1304/868/1610 200/998/1610 1904/999/1610
f 1904/999/1610 900/869/1610 1304/868/1610
f 1960/1000/1611 1368/997/1611 1424/996/1611
f 1424/996/1612 1159/1001/1612 1960/1000/1612
f 1904/999/1445 1368/997/1445 1960/1000/1445
f 1960/1000/1445 618/1002/1445 1904/999/1445
f 934/873/1613 900/869/1613 1904/999/1613
f 1904/999/1614 618/1002/1614 934/873/1614
f 1960/1000/1445 371/1003/1445 557/1004/1445
f 557/1004/1445 618/1002/1445 1960/1000/1445
f 618/1002/1615 557/1004/1615 881/876/1615
f 881/876/1616 934/873/1616 618/1002/1616
f 1960/1000/1617 1159/1001/1618 225/1005/1619
f 225/1005/1619 371/1003/1620 1960/1000/1617
f 1067/1006/1621 1922/981/1621 211/984/1621
f 211/984/1622 1428/1007/1622 1067/1006/1622
f 1428/1007/1623 211/984/1623 2038/989/1623
f 2038/989/1624 2002/1008/1624 1428/1007/1624
f 2002/1008/1625 2038/989/1625 62/985/1625
f 2002/1008/1626 62/985/1626 914/852/1626
f 2002/1008/1627 914/852/1627 1119/881/1627
f 151/1009/1427 765/1010/1427 998/992/1427
f 998/992/1427 1271/991/1427 151/1009/1427
f 1474/1011/1628 1673/993/1628 998/992/1628
f 998/992/1628 765/1010/1628 1474/1011/1628
f 182/983/1629 714/982/1629 1227/1012/1629
f 1227/1012/1630 651/1013/1630 182/983/1630
f 151/987/1631 915/986/1631 141/1014/1631
f 141/1014/1599 697/1015/1599 151/987/1599
f 141/1014/1632 760/1016/1633 1363/1017/1634
f 1363/1017/1634 697/1015/1635 141/1014/1632
f 722/1018/1636 141/1014/1636 915/986/1636
f 915/986/1637 1632/990/1637 722/1018/1637
f 722/1018/1638 1632/990/1638 182/983/1638
f 182/983/1639 651/1013/1639 722/1018/1639
f 697/1019/1427 1363/1020/1427 1748/1021/1427
f 1748/1021/1427 814/1022/1427 697/1019/1427
f 1748/1021/1640 1580/1023/1640 1383/1024/1641
f 1383/1024/1641 814/1022/1641 1748/1021/1640
f 1858/1025/1642 951/1026/1642 335/1027/1642
f 335/1027/1642 1698/1028/1642 1858/1025/1642
f 951/1026/1436 1124/1029/1436 1898/1030/1436
f 1898/1030/1436 335/1027/1436 951/1026/1436
f 1124/1029/1643 727/1031/1643 159/1032/1643
f 159/1032/1643 1898/1030/1643 1124/1029/1643
f 335/1027/1644 1528/1033/1644 2037/1034/1644
f 2037/1034/1645 1698/1028/1645 335/1027/1645
f 335/1027/1436 1898/1030/1436 75/1035/1436
f 75/1035/1436 1528/1033/1436 335/1027/1436
f 1898/1030/1646 159/1032/1646 821/1036/1646
f 821/1036/1647 75/1035/1647 1898/1030/1647
f 1528/1033/1648 231/1037/1648 500/1038/1648
f 500/1038/1649 2037/1034/1649 1528/1033/1649
f 406/1039/1436 231/1037/1436 1528/1033/1436
f 1528/1033/1436 75/1035/1436 406/1039/1436
f 798/1040/1650 406/1039/1650 75/1035/1650
f 75/1035/1651 821/1036/1651 798/1040/1651
f 500/1038/1652 231/1037/1652 1291/1041/1652
f 1291/1041/1653 1829/1042/1653 500/1038/1653
f 231/1037/1436 406/1039/1436 517/1043/1436
f 517/1043/1436 1291/1041/1436 231/1037/1436
f 406/1039/1654 798/1040/1654 208/1044/1654
f 208/1044/1655 517/1043/1655 406/1039/1655
f 651/1013/1656 1227/1012/1656 1829/1042/1656
f 1829/1042/1657 1291/1041/1657 651/1013/1657
f 722/1018/1658 651/1013/1658 1291/1041/1658
f 1291/1041/1659 517/1043/1659 722/1018/1659
f 141/1014/1660 722/1018/1660 517/1043/1660
f 141/1014/1661 517/1043/1661 208/1044/1661
f 141/1014/1662 208/1044/1662 760/1016/1662
f 697/1019/1427 814/1022/1427 765/1010/1427
f 765/1010/1427 151/1009/1427 697/1019/1427
f 814/1022/1628 1383/1024/1628 1474/1011/1628
f 1474/1011/1628 765/1010/1628 814/1022/1628
f 714/1045/1663 1666/1046/1663 1605/1047/1663
f 1605/1047/1664 896/1048/1664 714/1045/1664
f 277/1049/1665 450/1050/1665 37/1051/1665
f 37/1051/1666 2045/1052/1666 277/1049/1666
f 450/1050/1667 1986/926/1668 1524/927/1669
f 1524/927/1669 37/1051/1670 450/1050/1667
f 1381/1053/1671 450/1050/1671 277/1049/1671
f 277/1049/1672 825/1054/1672 1381/1053/1672
f 1381/1053/1673 825/1054/1673 896/1048/1673
f 896/1048/1674 1605/1047/1674 1381/1053/1674
f 37/1055/1427 1524/930/1427 1376/933/1427
f 1376/933/1427 774/1056/1427 37/1055/1427
f 1376/933/1675 1844/935/1675 674/1057/1676
f 674/1057/1676 774/1056/1676 1376/933/1675
f 491/937/1610 532/1058/1610 1964/1059/1610
f 1964/1059/1610 1851/1060/1610 491/937/1610
f 532/1058/1445 1665/1061/1445 1146/1062/1445
f 1146/1062/1445 1964/1059/1445 532/1058/1445
f 1665/1061/1609 1171/942/1609 1676/943/1609
f 1676/943/1609 1146/1062/1609 1665/1061/1609
f 1964/1059/1677 1836/1063/1677 787/1064/1677
f 787/1064/1678 1851/1060/1678 1964/1059/1678
f 1964/1059/1445 1146/1062/1445 1703/1065/1445
f 1703/1065/1445 1836/1063/1445 1964/1059/1445
f 1146/1062/1679 1676/943/1679 1763/947/1679
f 1763/947/1680 1703/1065/1680 1146/1062/1680
f 1801/1066/1445 645/1067/1445 1836/1063/1445
f 1836/1063/1445 1703/1065/1445 1801/1066/1445
f 1763/947/1681 1953/950/1681 1801/1066/1681
f 1801/1066/1682 1703/1065/1682 1763/947/1682
f 1813/1068/1683 645/1067/1683 1444/1069/1683
f 1444/1069/1684 246/1070/1684 1813/1068/1684
f 645/1067/1445 1801/1066/1445 924/1071/1445
f 924/1071/1445 1444/1069/1445 645/1067/1445
f 1801/1066/1685 1953/950/1685 227/955/1685
f 227/955/1686 924/1071/1686 1801/1066/1686
f 1813/1068/1687 787/1064/1687 1836/1063/1687
f 1836/1063/1688 645/1067/1688 1813/1068/1688
f 1605/1047/1689 1666/1046/1689 246/1070/1689
f 246/1070/1690 1444/1069/1690 1605/1047/1690
f 1381/1053/1691 1605/1047/1691 1444/1069/1691
f 1444/1069/1692 924/1071/1692 1381/1053/1692
f 450/1050/1693 1381/1053/1693 924/1071/1693
f 450/1050/1694 924/1071/1694 227/955/1694
f 450/1050/1695 227/955/1695 1986/926/1695
f 37/1055/1427 774/1056/1427 1158/1072/1427
f 1158/1072/1427 2045/1073/1427 37/1055/1427
f 774/1056/1696 674/1057/1696 1369/1074/1696
f 1369/1074/1696 1158/1072/1696 774/1056/1696
f 1227/1075/1697 714/1045/1697 896/1048/1697
f 896/1048/1698 1809/1076/1698 1227/1075/1698
f 1134/1077/1699 277/1049/1699 2045/1052/1699
f 2045/1052/1700 428/1078/1700 1134/1077/1700
f 1363/1017/1701 760/1016/1702 1134/1077/1703
f 1134/1077/1703 428/1078/1704 1363/1017/1701
f 83/1079/1705 825/1054/1705 277/1049/1705
f 277/1049/1706 1134/1077/1706 83/1079/1706
f 896/1048/1707 825/1054/1707 83/1079/1707
f 83/1079/1708 1809/1076/1708 896/1048/1708
f 1363/1020/1427 428/1080/1427 304/1081/1427
f 304/1081/1427 1748/1021/1427 1363/1020/1427
f 80/1082/1709 1580/1023/1709 1748/1021/1709
f 1748/1021/1709 304/1081/1709 80/1082/1709
f 1282/1083/1710 1858/1025/1710 1698/1084/1710
f 1698/1084/1710 1310/1085/1710 1282/1083/1710
f 2001/1086/1439 1282/1083/1439 1310/1085/1439
f 1310/1085/1439 1038/1087/1439 2001/1086/1439
f 727/1031/1711 2001/1086/1711 1038/1087/1711
f 1038/1087/1711 159/1032/1711 727/1031/1711
f 131/1088/1712 1310/1085/1712 1698/1084/1712
f 1698/1084/1713 2037/1089/1713 131/1088/1713
f 1038/1087/1439 1310/1085/1439 131/1088/1439
f 131/1088/1439 961/1090/1439 1038/1087/1439
f 821/1036/1714 159/1032/1714 1038/1087/1714
f 1038/1087/1715 961/1090/1715 821/1036/1715
f 919/1091/1439 1170/1092/1439 961/1090/1439
f 961/1090/1439 131/1088/1439 919/1091/1439
f 1170/1092/1716 798/1040/1716 821/1036/1716
f 821/1036/1717 961/1090/1717 1170/1092/1717
f 131/1088/1718 2037/1089/1718 500/1093/1718
f 500/1093/1719 919/1091/1719 131/1088/1719
f 919/1091/1720 500/1093/1720 1829/1094/1720
f 1829/1094/1721 1068/1095/1721 919/1091/1721
f 1170/1092/1439 919/1091/1439 1068/1095/1439
f 1068/1095/1439 1239/1096/1439 1170/1092/1439
f 208/1044/1722 798/1040/1722 1170/1092/1722
f 1170/1092/1723 1239/1096/1723 208/1044/1723
f 1829/1094/1724 1227/1075/1724 1809/1076/1724
f 1809/1076/1725 1068/1095/1725 1829/1094/1725
f 1068/1095/1726 1809/1076/1726 83/1079/1726
f 83/1079/1727 1239/1096/1727 1068/1095/1727
f 1239/1096/1728 83/1079/1728 1134/1077/1728
f 1239/1096/1729 1134/1077/1729 760/1016/1729
f 1239/1096/1730 760/1016/1730 208/1044/1730
f 2045/1073/1427 1158/1072/1427 304/1081/1427
f 304/1081/1427 428/1080/1427 2045/1073/1427
f 1369/1074/1696 80/1082/1696 304/1081/1696
f 304/1081/1696 1158/1072/1696 1369/1074/1696
f 916/1097/1731 1596/1098/1459 369/861/1459
f 369/861/1459 1340/860/1459 916/1097/1731
f 1596/1098/1483 1667/1099/1483 1496/884/1483
f 1496/884/1483 369/861/1483 1596/1098/1483
f 1977/1100/1496 460/1101/1496 1941/897/1496
f 1941/897/1496 1840/896/1496 1977/1100/1496
f 1667/1099/1483 1977/1100/1483 1840/896/1483
f 1840/896/1483 1496/884/1483 1667/1099/1483
f 1591/1102/1534 1281/1103/1534 1844/935/1534
f 1844/935/1534 1265/934/1534 1591/1102/1534
f 1979/1104/1554 1591/1102/1554 1265/934/1554
f 1265/934/1554 861/958/1554 1979/1104/1554
f 460/1101/1566 256/1105/1566 1822/966/1567
f 1822/966/1567 1941/897/1566 460/1101/1566
f 256/1105/1554 1979/1104/1554 861/958/1554
f 861/958/1554 1822/966/1554 256/1105/1554
f 1371/1106/1608 916/1097/1608 1340/860/1608
f 1340/860/1608 1673/993/1608 1371/1106/1608
f 643/1107/1628 1371/1106/1628 1673/993/1628
f 1673/993/1628 1474/1011/1628 643/1107/1628
f 855/1108/1640 1589/1109/1640 1383/1024/1641
f 1383/1024/1641 1580/1023/1640 855/1108/1640
f 1589/1109/1628 643/1107/1628 1474/1011/1628
f 1474/1011/1628 1383/1024/1628 1589/1109/1628
f 1281/1103/1676 724/1110/1676 674/1057/1676
f 674/1057/1676 1844/935/1675 1281/1103/1676
f 724/1110/1696 205/1111/1696 1369/1074/1696
f 1369/1074/1696 674/1057/1696 724/1110/1696
f 1209/1112/1709 855/1108/1709 1580/1023/1709
f 1580/1023/1709 80/1082/1709 1209/1112/1709
f 205/1111/1696 1209/1112/1696 80/1082/1696
f 80/1082/1696 1369/1074/1696 205/1111/1696
f 371/1003/1732 225/1005/1732 1067/1006/1732
f 1067/1006/1733 1428/1007/1733 371/1003/1733
f 557/1004/1445 371/1003/1445 1428/1007/1445
f 1428/1007/1445 2002/1008/1445 557/1004/1445
f 1119/881/1734 881/876/1734 557/1004/1734
f 557/1004/1735 2002/1008/1735 1119/881/1735
f 907/914/1736 1758/915/1736 1613/910/1736
f 1613/910/1737 1100/911/1737 907/914/1737
f 672/912/1436 1613/910/1436 1758/915/1436
f 1758/915/1436 1611/916/1436 672/912/1436
f 129/917/1738 1022/913/1738 672/912/1738
f 672/912/1739 1611/916/1739 129/917/1739
f 338/1113/1432 870/1114/1432 219/1115/1432
f 338/1113/1432 245/1116/1432 870/1114/1432
f 338/1113/1432 1304/1117/1432 245/1116/1432
f 1764/1118/1432 1722/900/1432 1881/899/1432
f 1764/1118/1432 1881/899/1432 1351/903/1432
f 1764/1118/1432 1351/903/1432 687/905/1432
f 895/1119/1432 491/937/1432 1272/936/1432
f 895/1119/1432 1272/936/1432 228/940/1432
f 895/1119/1432 228/940/1432 1171/942/1432
f 1764/1118/1432 476/968/1432 1722/900/1432
f 1764/1118/1432 734/971/1432 476/968/1432
f 1764/1118/1432 687/905/1432 734/971/1432
f 338/1113/1432 219/1115/1432 251/1120/1432
f 338/1113/1432 251/1120/1432 200/1121/1432
f 338/1113/1432 200/1121/1432 1304/1117/1432
f 1783/1122/1432 951/1026/1432 1858/1025/1432
f 1783/1122/1432 1124/1029/1432 951/1026/1432
f 1783/1122/1432 727/1031/1432 1124/1029/1432
f 895/1119/1432 532/1058/1432 491/937/1432
f 895/1119/1432 1665/1061/1432 532/1058/1432
f 895/1119/1432 1171/942/1432 1665/1061/1432
f 1783/1122/1432 1858/1025/1432 1282/1083/1432
f 1783/1122/1432 1282/1083/1432 2001/1086/1432
f 1783/1122/1432 2001/1086/1432 727/1031/1432
f 1448/1123/1676 499/1124/1676 839/1125/1676
f 839/1125/1676 1101/1126/1676 1448/1123/1676
f 594/1127/1709 1213/1128/1709 461/1129/1709
f 461/1129/1709 1270/1130/1709 594/1127/1709
f 499/1124/1696 594/1127/1696 1270/1130/1696
f 1270/1130/1696 839/1125/1696 499/1124/1696
f 1962/1131/1608 1162/1132/1608 1884/1133/1608
f 1884/1133/1608 1832/1134/1608 1962/1131/1608
f 1213/1128/1640 189/1135/1640 1397/1136/1640
f 1397/1136/1640 461/1129/1640 1213/1128/1640
f 189/1135/1628 1962/1137/1628 1832/1138/1628
f 1832/1138/1628 1397/1136/1628 189/1135/1628
f 1586/1139/1534 1448/1123/1534 1101/1126/1534
f 1101/1126/1534 374/1140/1534 1586/1139/1534
f 1241/1141/1566 1762/1142/1566 591/1143/1566
f 591/1143/1566 609/1144/1566 1241/1141/1566
f 1762/1142/1554 1586/1139/1554 374/1140/1554
f 374/1140/1554 591/1143/1554 1762/1142/1554
f 1162/1132/1459 1236/1145/1459 252/1146/1459
f 252/1146/1459 1884/1133/1459 1162/1132/1459
f 487/1147/1496 1241/1141/1496 609/1144/1496
f 609/1144/1496 1514/1148/1496 487/1147/1496
f 1236/1145/1483 487/1147/1483 1514/1148/1483
f 1514/1148/1483 252/1146/1483 1236/1145/1483
f 499/1149/1432 1448/1150/1432 279/1151/1432
f 279/1151/1432 1529/1152/1432 499/1149/1432
f 1448/1150/1432 1586/1153/1432 1389/1154/1432
f 1389/1154/1432 279/1151/1432 1448/1150/1432
f 1586/1153/1432 1762/1155/1432 642/1156/1432
f 642/1156/1432 1389/1154/1432 1586/1153/1432
f 1762/1155/1432 1241/1157/1432 1853/1158/1432
f 1853/1158/1432 642/1156/1432 1762/1155/1432
f 1241/1157/1432 487/1159/1432 1571/1160/1432
f 1571/1160/1432 1853/1158/1432 1241/1157/1432
f 487/1159/1432 1236/1161/1432 1627/1162/1432
f 1627/1162/1432 1571/1160/1432 487/1159/1432
f 1236/1161/1432 1162/1163/1432 146/1164/1432
f 146/1164/1432 1627/1162/1432 1236/1161/1432
f 1162/1163/1432 1962/1165/1432 1575/1166/1432
f 1575/1166/1432 146/1164/1432 1162/1163/1432
f 1962/1167/1432 189/1168/1432 540/1169/1432
f 540/1169/1432 1575/1170/1432 1962/1167/1432
f 189/1168/1432 1213/1171/1432 58/1172/1432
f 58/1172/1432 540/1169/1432 189/1168/1432
f 1213/1171/1432 594/1173/1432 693/1174/1432
f 693/1174/1432 58/1172/1432 1213/1171/1432
f 594/1173/1432 499/1149/1432 1529/1152/1432
f 1529/1152/1432 693/1174/1432 594/1173/1432
f 1529/1175/1676 279/1176/1676 1445/1177/1676
f 1445/1177/1676 404/1178/1676 1529/1175/1676
f 58/1179/1709 693/1180/1709 1547/1181/1709
f 1547/1181/1709 1075/1182/1709 58/1179/1709
f 693/1180/1696 1529/1175/1696 404/1178/1696
f 404/1178/1696 1547/1181/1696 693/1180/1696
f 146/1183/1608 1575/1184/1608 1366/1185/1608
f 1366/1185/1608 1210/1186/1608 146/1183/1608
f 540/1187/1640 58/1179/1641 1075/1182/1640
f 1075/1182/1640 2041/1188/1640 540/1187/1640
f 1575/1189/1628 540/1187/1628 2041/1188/1628
f 2041/1188/1628 1366/1190/1628 1575/1189/1628
f 279/1176/1534 1389/1191/1534 1576/1192/1534
f 1576/1192/1534 1445/1177/1534 279/1176/1534
f 642/1193/1566 1853/1194/1566 2/1195/1566
f 2/1195/1566 2007/1196/1566 642/1193/1566
f 1389/1191/1554 642/1193/1554 2007/1196/1554
f 2007/1196/1554 1576/1192/1554 1389/1191/1554
f 1627/1197/1459 146/1183/1459 1210/1186/1459
f 1210/1186/1459 1293/1198/1459 1627/1197/1459
f 1853/1194/1496 1571/1199/1496 658/1200/1496
f 658/1200/1496 2/1195/1496 1853/1194/1496
f 1571/1199/1483 1627/1197/1483 1293/1198/1483
f 1293/1198/1483 658/1200/1483 1571/1199/1483
