# Blender 5.1.0
# www.blender.org
mtllib Untitled.mtl
o Indoor_Plant_011_001
v 1.666073 0.060226 1.678414
v 1.917471 0.479394 1.923665
v 1.653450 0.060226 2.058752
v 1.743766 0.432640 1.649341
v 1.579837 0.366048 2.065781
v 1.848118 0.479394 1.695039
v 1.837005 0.366048 1.706903
v 1.881165 0.366048 1.974374
v 1.452125 0.060226 1.815162
v 1.456171 0.479394 1.938767
v 1.913424 0.060226 1.800061
v 1.796514 0.060226 2.025462
v 1.847308 0.479492 2.021621
v 1.864443 0.060226 1.801893
v 1.495458 -0.000000 1.838065
v 1.739050 0.060226 1.636741
v 1.562980 -0.000000 2.017711
v 1.735358 0.479492 1.652572
v 1.840846 -0.000000 1.757698
v 1.716146 0.060226 1.680075
v 1.457829 0.432640 1.849556
v 1.796513 -0.000000 2.025462
v 1.848118 0.060226 1.695039
v 1.572174 0.479394 2.080117
v 1.692083 0.479493 2.091953
v 1.495460 0.060226 1.838066
v 1.528749 0.060226 1.981130
v 1.446012 0.060226 1.877231
v 1.634237 0.479493 2.086256
v 1.620164 0.479492 1.656343
v 1.739050 0.479394 1.636741
v 1.653450 0.000000 2.058752
v 1.810961 0.060226 2.072300
v 1.764082 0.060226 1.694640
v 1.462259 0.366048 1.876699
v 1.572174 0.060226 2.080117
v 1.692615 0.479394 2.108200
v 1.704655 0.432640 2.096382
v 1.446012 0.479394 1.877231
v 1.471727 0.479493 1.934048
v 1.859571 -0.000000 1.948698
v 1.523694 0.432640 1.708310
v 1.498166 0.432640 2.000095
v 1.802377 0.366048 2.058496
v 1.692615 0.060226 2.108200
v 1.521478 0.060226 2.043788
v 1.510025 0.060226 1.790129
v 1.735358 0.366047 1.652572
v 1.495716 0.366047 1.986992
v 1.859173 0.060226 2.032733
v 1.495716 0.479492 1.986992
v 1.897869 0.366048 1.804779
v 1.521478 0.479394 2.043788
v 1.510423 0.060226 1.706094
v 1.532590 0.479492 2.031924
v 1.522287 0.479493 1.717206
v 1.923584 0.060226 1.861597
v 1.505156 -0.000000 1.936933
v 1.859571 0.060226 1.948698
v 1.664940 0.432640 1.642445
v 1.464725 0.432640 1.928382
v 1.456171 0.060226 1.938767
v 1.806615 0.060226 1.721116
v 1.481911 0.479394 1.995576
v 1.630546 0.479394 2.102087
v 1.677513 0.479492 1.646874
v 1.901640 0.366048 1.919974
v 1.676981 0.479394 1.630627
v 1.911766 0.432640 1.889271
v 1.488431 0.479493 1.764453
v 1.467956 0.479492 1.818853
v 1.895501 0.479394 1.982037
v 1.505152 0.060226 1.936934
v 1.478308 0.432640 1.773126
v 1.781085 0.432640 2.075903
v 1.567219 0.366048 1.680332
v 1.558635 0.060226 1.666527
v 1.789758 0.479493 1.673046
v 1.536501 -0.000000 1.747597
v 1.554116 0.432640 2.056046
v 1.676981 0.060226 1.630627
v 1.558635 0.479394 1.666527
v 1.875799 -0.000000 1.850689
v 1.615445 0.479394 1.640787
v 1.873880 0.366048 1.751835
v 1.567219 0.479493 1.680331
v 1.789758 0.366048 1.673046
v 1.522287 0.366048 1.717206
v 1.467956 0.366048 1.818853
v 1.754151 0.060226 2.098040
v 1.536500 0.060226 1.747596
v 1.904870 0.432640 1.810445
v 1.864446 -0.000000 1.801892
v 1.797421 0.060226 1.658710
v 1.840846 0.060226 1.757698
v 1.573082 0.060226 1.713365
v 1.847308 0.366047 2.021621
v 1.703522 0.000000 2.060414
v 1.588510 0.432640 1.662924
v 1.891287 0.432640 1.965701
v 1.452125 0.479394 1.815162
v 1.528749 -0.000000 1.981130
v 1.923584 0.479394 1.861597
v 1.615445 0.060226 1.640787
v 1.917471 0.060226 1.923665
v 1.837005 0.479493 1.706903
v 1.897869 0.479492 1.804779
v 1.617275 -0.000000 1.689763
v 1.874136 0.060226 1.900762
v 1.462259 0.479492 1.876699
v 1.845902 0.432640 2.030518
v 1.493798 -0.000000 1.888138
v 1.625829 0.432640 2.089486
v 1.895501 0.060226 1.982037
v 1.703522 0.060226 2.060414
v 1.752319 0.060226 2.049059
v 1.493798 0.060226 1.888138
v 1.666073 -0.000000 1.678413
v 1.873880 0.479493 1.751835
v 1.749432 0.366048 2.082484
v 1.881165 0.479493 1.974374
v 1.752319 -0.000000 2.049060
v 1.833095 0.060226 1.991231
v 1.887684 0.479394 1.743251
v 1.630546 0.060226 2.102087
v 1.510423 0.479394 1.706094
v 1.907337 0.366048 1.862128
v 1.810961 0.479394 2.072300
v 1.806615 -0.000000 1.721116
v 1.874133 -0.000000 1.900761
v 1.474094 0.060226 1.756790
v 1.677513 0.366047 1.646874
v 1.692083 0.366048 2.091953
v 1.802377 0.479493 2.058496
v 1.510023 -0.000000 1.790129
v 1.913424 0.479394 1.800061
v 1.871430 0.432640 1.738733
v 1.481911 0.060226 1.995576
v 1.716146 -0.000000 1.680073
v 1.617277 0.060226 1.689768
v 1.859173 0.479394 2.032733
v 1.815479 0.432640 1.682782
v 1.532590 0.366048 2.031924
v 1.474094 0.479394 1.756790
v 1.907337 0.479492 1.862128
v 1.634237 0.366048 2.086256
v 1.605514 0.060226 2.044187
v 1.749432 0.479493 2.082484
v 1.887684 0.060226 1.743251
v 1.562980 0.060226 2.017711
v 1.833096 -0.000000 1.991231
v 1.620163 0.366047 1.656343
v 1.471727 0.366048 1.934048
v 1.901640 0.479493 1.919974
v 1.764083 -0.000000 1.694638
v 1.573081 -0.000000 1.713363
v 1.488431 0.366048 1.764453
v 1.605513 -0.000000 2.044188
v 1.875798 0.060226 1.850689
v 1.797421 0.479394 1.658710
v 1.754151 0.479394 2.098040
v 1.579837 0.479493 2.065781
v 1.635592 1.432016 1.699374
v 1.618625 1.363247 2.000590
v 1.505753 1.604195 1.655549
v 1.695982 1.010018 1.859710
v 1.731599 1.700836 1.808861
v 1.677157 1.238127 2.019926
v 1.372118 1.457585 1.896923
v 1.092803 2.071728 1.610072
v 1.642002 1.249559 1.731919
v 1.666967 1.429476 1.542223
v 1.569515 1.296343 1.645375
v 1.852734 1.919782 2.089215
v 1.541796 1.167577 1.521011
v 1.732172 1.483561 1.668680
v 1.830950 1.453505 1.835035
v 1.883939 1.739560 2.254182
v 1.655241 1.679930 2.344278
v 1.873932 1.502884 1.958597
v 1.650896 1.559840 2.083886
v 1.451436 1.553563 1.635730
v 1.745737 1.724771 1.831225
v 1.607355 1.465926 2.377712
v 1.125406 2.102539 1.641874
v 1.571604 1.677634 1.661930
v 1.571473 1.410535 1.694832
v 1.770046 1.715133 2.265746
v 2.032064 1.827479 1.680955
v 1.703168 1.053052 1.945818
v 1.114088 1.766342 1.524414
v 1.666630 1.705412 1.648212
v 1.202520 1.837127 1.748267
v 1.477309 1.377982 1.681815
v 1.653543 1.479745 2.203470
v 1.704888 1.168394 1.765814
v 1.685149 1.155788 1.954108
v 1.600579 1.703340 1.695673
v 1.684709 1.109484 1.924649
v 1.671191 1.418672 2.186612
v 1.747128 1.949496 1.849598
v 1.690921 1.463113 2.243940
v 1.405556 1.627813 1.641605
v 1.761933 1.827118 2.206833
v 1.855465 1.103551 1.765163
v 1.642842 1.758087 2.428803
v 1.917033 2.033755 1.943771
v 1.215785 1.888093 1.747480
v 1.181305 1.939641 1.828607
v 1.511666 1.468813 1.595548
v 1.627070 1.634234 1.909691
v 1.670565 1.248479 2.019093
v 1.660242 1.650224 2.383008
v 1.689711 1.414639 1.790382
v 1.687813 1.466259 2.061473
v 1.361828 1.407238 1.898003
v 1.558161 1.429054 1.796619
v 1.368081 1.688674 1.626949
v 1.414231 1.706783 1.513888
v 1.511412 1.485077 1.668769
v 1.687770 0.483864 1.867187
v 1.387744 1.299646 1.604473
v 1.890589 1.468177 2.191342
v 1.669816 1.749084 2.337878
v 1.501094 1.439039 1.927655
v 1.668185 1.262067 2.368370
v 1.179408 1.665286 1.746663
v 1.755928 1.931851 2.145849
v 1.814490 1.440434 2.078141
v 1.648813 1.335827 1.999569
v 1.656420 1.426352 2.195123
v 1.720677 1.595067 1.707467
v 1.703629 0.429514 1.869789
v 1.706431 0.342979 1.871814
v 1.150150 1.936500 1.845413
v 1.625463 1.318995 2.103191
v 1.699407 1.025702 1.854107
v 1.475925 1.533088 1.661398
v 1.700567 1.717143 1.816374
v 1.579531 1.645707 2.381452
v 1.558497 1.124463 1.787953
v 1.326499 1.331806 1.859746
v 1.619346 1.596798 2.297709
v 1.565652 1.017384 1.951913
v 1.606891 1.317387 1.900556
v 1.251264 1.866764 1.710829
v 1.512325 1.473892 1.913530
v 1.390805 1.685303 1.439384
v 1.781396 1.640341 2.571658
v 1.592328 1.167700 1.873710
v 1.590137 1.277994 2.125499
v 1.865520 1.448201 1.833432
v 1.650869 1.272702 2.115599
v 1.695981 1.432437 2.196340
v 1.217269 1.855698 1.723783
v 1.347953 1.716104 1.618058
v 1.449105 1.222450 1.592939
v 1.714753 1.504105 1.795827
v 1.685723 1.080986 1.903404
v 1.691516 1.263430 1.786082
v 1.862022 1.093690 1.900271
v 1.874292 1.703589 2.312972
v 1.531173 1.660609 2.372257
v 1.641326 1.627102 2.324404
v 1.872492 1.690781 2.317609
v 1.162781 1.944928 1.822035
v 1.443888 1.574488 1.640910
v 1.829089 1.578409 2.408520
v 1.608310 1.153482 1.978170
v 1.794167 1.554862 2.072133
v 1.585950 2.133516 1.778008
v 1.497270 1.423975 1.744683
v 1.633872 1.620644 1.840715
v 1.686787 1.082936 1.902505
v 1.634496 1.489440 1.592557
v 1.577424 1.509005 2.276866
v 1.544769 1.611157 1.840120
v 1.764862 1.113484 1.739026
v 1.952937 1.844559 1.723255
v 1.324198 1.730183 1.757362
v 1.668501 1.232512 1.754290
v 1.583001 1.482633 1.461159
v 1.516665 1.661548 2.310571
v 1.705638 1.020690 1.856848
v 1.684813 1.784667 2.493117
v 1.422936 1.456072 2.009432
v 1.195691 1.757625 1.370304
v 1.657577 1.775669 2.395034
v 1.310082 1.982025 1.982431
v 1.789514 1.457235 1.637074
v 1.612426 1.228824 2.042452
v 1.669536 1.549877 2.286835
v 1.707669 0.478921 1.883653
v 1.699271 2.044655 1.853342
v 1.205710 1.679252 1.601850
v 1.661842 1.456970 2.320785
v 1.586376 1.493078 1.582206
v 1.561884 1.992901 1.948066
v 1.688558 1.182881 1.773293
v 1.738725 2.066720 1.820457
v 1.656079 1.843600 1.909984
v 1.255658 1.953395 1.679299
v 1.654832 1.532895 2.260177
v 1.721114 1.245970 1.911170
v 1.520687 1.662287 2.199581
v 1.580179 1.065626 1.889550
v 1.484184 1.208254 1.801092
v 1.667667 1.445308 2.213254
v 1.534849 1.645301 1.675516
v 1.609834 1.679960 1.625324
v 1.632472 1.430554 2.022236
v 1.828433 1.378756 2.135022
v 1.465251 1.463001 1.635223
v 1.701149 0.695420 1.879128
v 1.700789 1.244820 1.920628
v 1.498311 1.544376 2.102906
v 1.614210 1.687444 1.588124
v 1.731980 1.593279 1.658196
v 1.243758 1.704497 1.765953
v 1.657997 1.772327 1.905908
v 1.624587 1.702635 2.368663
v 1.804814 1.540905 1.604984
v 1.403538 1.474817 1.887932
v 1.708536 1.361237 1.782923
v 1.275044 1.828715 1.413461
v 1.396992 1.683915 1.841536
v 1.672306 1.249214 2.010633
v 1.784504 1.173377 1.564148
v 1.561745 1.047133 1.840670
v 1.597117 0.954734 1.962920
v 1.180396 1.409211 1.442091
v 1.668106 1.359535 1.984115
v 1.413730 1.683179 1.767824
v 1.268016 1.972445 1.694000
v 1.582942 1.385048 1.705979
v 1.994339 1.854915 1.670683
v 1.347829 1.412768 2.110554
v 1.760950 1.591504 1.791553
v 1.496644 1.500684 1.671248
v 1.686363 1.047566 1.821558
v 1.911232 1.552568 1.863435
v 1.765493 1.399305 1.543472
v 1.865263 1.574357 1.834765
v 1.736665 1.869156 1.837115
v 1.827827 1.917373 1.843691
v 1.360273 1.599750 1.666029
v 1.633810 1.170749 1.800406
v 1.371432 1.608705 1.448191
v 1.738833 1.499283 1.652168
v 1.646872 1.731476 2.043438
v 1.683229 0.451091 1.866995
v 1.775567 1.876037 1.903909
v 1.494346 1.453234 1.937751
v 1.704780 1.223082 1.995711
v 1.951715 1.381804 2.111625
v 1.313259 1.439189 1.692409
v 1.794080 1.980056 1.876878
v 1.695105 1.115326 1.918203
v 1.692894 1.138695 1.776088
v 1.367249 1.673889 1.658592
v 1.695983 1.350605 1.780045
v 1.181705 1.753712 1.590108
v 1.298541 1.764074 1.701870
v 1.694718 1.723012 1.720852
v 1.248012 1.785913 1.804293
v 1.537113 1.602495 2.220362
v 1.890235 1.631283 1.905354
v 1.741161 1.313205 2.040057
v 1.611758 1.358075 2.008609
v 1.922091 2.089644 1.837819
v 1.322247 1.614552 1.755819
v 1.633496 1.699080 1.667313
v 1.609864 1.669888 2.351464
v 1.631301 1.699882 2.372867
v 1.409278 1.365323 1.796718
v 1.699638 1.086447 1.916847
v 1.931015 1.201224 2.087988
v 1.803632 1.912698 2.159394
v 1.691980 0.920877 1.843788
v 1.317547 1.773826 1.801321
v 1.595047 1.382577 2.008117
v 1.636947 1.636016 2.308675
v 1.227271 1.869313 1.762264
v 1.296941 1.375500 1.819263
v 1.638181 1.654954 2.462173
v 1.324679 1.975725 1.716430
v 1.465397 1.535079 2.234653
v 1.713214 1.671525 2.273294
v 1.834236 1.625435 2.039826
v 1.640389 1.792012 2.415446
v 1.695087 1.283172 1.855407
v 1.363231 1.412522 2.362635
v 1.772777 1.579699 1.776810
v 1.496644 1.500684 1.671248
v 1.194414 1.800362 1.724541
v 1.653752 1.208006 1.598668
v 1.708480 1.624487 1.861514
v 1.708754 0.882078 1.865105
v 1.432091 1.497972 1.872056
v 1.505729 1.480841 1.662006
v 1.218366 1.838220 1.657121
v 1.212963 1.896259 1.666732
v 1.542573 1.275920 1.845624
v 1.590163 1.632565 2.395547
v 1.622272 1.360671 1.613706
v 1.774922 2.097969 1.916662
v 1.692566 1.017573 1.857087
v 1.737084 1.728797 1.843890
v 1.685810 1.096034 1.913176
v 1.913933 1.654136 1.819450
v 1.415768 1.675377 1.670162
v 1.663547 1.358821 2.144716
v 1.689286 1.018788 1.849522
v 1.659037 1.218638 1.976008
v 1.629681 1.346586 1.996149
v 1.651683 0.977552 2.002374
v 1.708219 0.971514 1.840654
v 1.715427 1.352215 2.175179
v 1.390732 1.471709 2.106873
v 1.112595 1.774556 1.850767
v 1.449527 1.781868 1.911705
v 1.255893 1.830805 1.662012
v 1.698616 0.875791 1.872453
v 1.613342 1.753525 2.426756
v 1.429376 1.642210 1.561559
v 1.424132 1.600115 1.686783
v 1.799618 1.095502 1.969604
v 1.583268 1.406861 1.692314
v 1.628442 1.204906 2.161238
v 1.573949 1.406853 1.680652
v 1.080971 1.813352 1.689463
v 1.419425 1.578078 2.318334
v 1.786456 1.744896 1.899906
v 1.694707 1.012791 1.859787
v 1.717151 0.509640 1.866465
v 1.617790 1.752471 2.372051
v 1.716426 1.866579 1.847596
v 1.711782 1.205316 1.771737
v 1.785635 1.747710 2.004086
v 1.633867 1.860605 1.831311
v 1.740001 1.823534 1.812527
v 1.223095 1.797295 1.666280
v 1.333432 1.681711 1.463743
v 1.656328 1.565975 2.301303
v 1.521105 1.707810 2.275417
v 1.900631 1.826786 1.849547
v 1.711454 1.228399 2.378826
v 1.619989 1.301876 1.867559
v 1.698695 1.335521 1.787662
v 1.782860 1.745178 1.846499
v 1.705922 0.834635 1.857196
v 1.809743 1.971513 1.771593
v 1.690420 1.177155 1.767158
v 1.422789 1.384257 1.881610
v 1.707274 1.361962 1.779317
v 1.600124 1.474001 1.554941
v 1.404625 1.269871 2.081828
v 1.709118 1.756662 1.823941
v 1.819724 1.998977 1.889047
v 1.326844 1.841941 1.764567
v 1.703014 1.130205 1.779568
v 1.453569 1.147188 1.877408
v 1.698769 1.276613 1.787319
v 1.711834 1.392024 1.586948
v 1.688504 1.180124 1.772109
v 1.827044 1.184021 2.086908
v 1.698732 1.559739 2.075262
v 1.368150 1.748681 1.647874
v 1.415757 1.492875 1.763075
v 1.582226 1.707088 2.247020
v 1.680873 1.524991 2.340926
v 1.322757 1.683329 2.293401
v 1.480350 1.417381 2.460974
v 1.708755 1.358616 1.776953
v 1.552847 1.929017 1.757599
v 1.513586 1.519794 1.911970
v 1.497175 1.260554 2.011675
v 1.330726 1.658136 2.324173
v 1.674956 1.149227 1.938709
v 1.658131 1.478699 2.218412
v 1.479885 1.515776 1.671756
v 1.693256 1.932085 2.077944
v 1.644524 1.625015 2.291873
v 1.799652 1.556971 1.811929
v 1.359064 1.849015 1.861151
v 1.461953 1.520892 1.736007
v 1.378959 1.372615 1.844391
v 1.373880 1.607409 1.701421
v 1.272051 1.870864 1.982093
v 1.817501 1.169883 2.113120
v 1.652657 1.852945 2.393154
v 1.699826 1.727605 1.601402
v 1.270642 1.825242 1.322819
v 1.561268 1.728021 1.627558
v 1.845590 1.687619 1.777648
v 1.594027 1.581362 2.225608
v 1.724692 1.532354 1.789988
v 1.367094 1.477494 1.905948
v 1.344614 2.081227 1.729095
v 1.561942 1.402205 2.144740
v 2.031014 1.842949 1.791994
v 1.358359 1.806121 1.756194
v 1.269767 1.509274 1.394184
v 1.849635 1.536203 1.645441
v 1.743822 1.833700 1.860761
v 1.181576 1.914473 1.713676
v 1.656502 1.166571 1.989376
v 1.705846 0.555724 1.863193
v 1.678494 1.202533 1.978124
v 1.584220 1.794009 2.460472
v 1.702014 1.420858 1.792699
v 1.383883 1.915862 1.694574
v 1.394845 1.288799 1.688593
v 1.255816 1.796692 1.931167
v 1.675271 1.191162 1.964435
v 1.741322 1.230262 2.364298
v 1.354431 1.488257 2.315361
v 1.743548 1.578768 2.080941
v 1.618625 1.363247 2.000590
v 1.644022 1.480557 2.203996
v 1.112914 1.927589 1.756081
v 1.842263 1.396201 2.120344
v 1.348468 1.682489 1.435226
v 1.332979 1.959893 1.754788
v 1.697673 1.220448 1.787139
v 1.201265 1.894504 1.734204
v 1.473042 1.443525 2.333571
v 1.834002 1.096932 1.840809
v 1.977238 1.566983 1.938749
v 1.705541 2.078270 1.962028
v 1.660003 1.249121 1.747606
v 1.768968 1.090229 1.804076
v 1.697942 1.011897 1.861108
v 1.686876 0.858565 1.869416
v 1.774665 1.736601 1.896689
v 1.375929 1.383730 2.189837
v 1.377291 1.265733 1.641656
v 1.371207 1.672370 2.423927
v 1.257859 1.803379 1.867403
v 1.605107 1.990000 1.865750
v 1.668350 1.241063 2.004083
v 1.537899 1.269334 1.993341
v 1.529617 1.224007 1.738148
v 1.679375 1.274306 2.030294
v 1.240809 1.834989 1.659494
v 1.669415 1.246411 2.009643
v 1.777329 1.267519 1.867445
v 1.819051 1.902392 1.879338
v 1.646546 1.490635 2.153107
v 1.924462 1.509894 1.943719
v 1.412882 1.686019 1.572278
v 1.707754 1.360186 1.779814
v 1.907264 1.388815 1.717772
v 1.794671 1.276369 1.632077
v 1.749218 1.653698 1.811956
v 1.544346 1.478760 1.850129
v 1.897986 1.629321 2.358091
v 1.265957 1.755363 1.694936
v 1.291448 1.859471 1.905421
v 1.753059 1.526315 2.143842
v 1.495540 1.931694 1.736501
v 1.701106 1.071075 1.888451
v 1.437502 1.667513 2.178526
v 1.276618 1.952059 1.930515
v 1.619681 1.537658 2.147413
v 1.687969 1.139420 1.790831
v 1.458762 1.726471 1.409010
v 1.252383 1.826779 1.720167
v 1.652077 1.422103 1.740389
v 1.849646 1.638245 1.856732
v 1.633058 1.494541 2.276613
v 1.707942 1.015165 1.838403
v 1.702862 1.998496 1.598228
v 1.696291 1.178607 1.764620
v 1.444414 1.734616 1.731984
v 1.491670 1.371641 1.422701
v 1.584392 1.528239 2.421319
v 1.919422 2.073154 1.873587
v 1.737883 1.426388 1.772408
v 1.694992 1.197864 1.767796
v 1.683203 0.720368 1.874859
v 1.799448 1.068322 2.083392
v 1.632720 1.766425 1.958280
v 1.637312 1.550805 2.180696
v 1.304834 1.825134 1.693845
v 1.407770 1.408058 2.164326
v 1.729804 1.372067 2.100991
v 1.293061 1.754164 1.589436
v 1.220576 1.442680 1.443829
v 1.444509 1.677731 1.656348
v 1.354855 1.689445 1.652905
v 1.249267 1.779950 1.501856
v 1.702878 1.882112 1.914139
v 1.472447 1.561565 2.316066
v 1.671139 1.299407 2.062110
v 1.666770 1.236551 2.002184
v 1.764675 1.775219 1.845086
v 1.710731 1.992182 1.960418
v 1.701344 1.362764 1.779462
v 1.648017 1.824466 2.376212
v 1.695197 1.180060 1.971034
v 1.284111 1.394853 1.720229
v 1.708105 1.358448 1.780417
v 1.580702 1.357679 1.986085
v 1.686331 0.806869 1.865016
v 1.087260 1.735046 1.444491
v 1.997715 1.574648 1.886223
v 1.475925 1.533088 1.661398
v 1.580254 1.249397 1.762144
v 1.752283 1.952349 1.901288
v 1.739288 1.215364 1.617872
v 1.541071 1.531179 2.214699
v 1.705431 0.747404 1.867781
v 1.713826 0.482121 1.876066
v 1.475176 1.156249 1.844199
v 1.337630 1.769459 1.662524
v 1.559367 1.453544 2.285983
v 1.622009 1.420569 1.657437
v 1.478856 1.360592 2.252390
v 1.797945 1.664903 2.357717
v 1.695792 1.195061 1.767011
v 1.230693 1.813653 1.672259
v 1.641374 1.446969 2.202760
v 1.769201 1.219044 1.607745
v 1.169025 1.665628 1.631204
v 1.708777 1.102057 1.800888
v 1.406377 1.504582 1.637367
v 1.660857 1.224676 1.758346
v 1.379374 1.466542 1.949345
v 1.905117 1.839952 1.743994
v 1.648274 1.714727 1.714287
v 1.218964 1.775544 1.773153
v 1.959058 2.085420 1.867926
v 1.793676 1.404829 1.580074
v 1.728283 1.580932 1.798524
v 1.298995 1.543857 1.413030
v 1.644703 1.530064 1.736341
v 1.637982 1.650859 2.234430
v 1.253960 1.671339 1.646862
v 1.287175 1.334325 1.827676
v 2.042962 1.828009 1.713700
v 1.694573 1.103829 1.918001
v 1.680162 1.690047 1.622214
v 1.315645 1.644009 1.844233
v 1.700189 0.508239 1.860857
v 1.716648 1.413308 1.787510
v 1.855743 1.947904 1.892646
v 1.062249 2.011510 1.641722
v 1.207348 1.829928 1.977548
v 1.840053 1.568614 1.814341
v 1.764589 1.270254 2.340142
v 1.460677 1.380869 1.795498
v 1.636865 1.533675 2.318055
v 1.695138 1.300557 1.837413
v 1.736153 1.465975 2.161085
v 1.269205 1.791959 1.732627
v 1.597809 1.975310 1.965347
v 1.571934 1.254522 1.740216
v 1.112759 1.730939 1.353148
v 1.362850 1.739053 1.682825
v 1.690891 1.059019 1.831109
v 1.540002 1.884657 1.940328
v 1.370129 1.439445 1.803652
v 1.508857 1.195624 1.732935
v 1.808434 1.381972 2.285031
v 1.708170 1.354981 1.781835
v 1.728142 1.889647 1.942103
v 1.201948 1.744486 1.938571
v 1.511564 1.891235 1.819711
v 1.697747 2.145230 1.777253
v 1.925321 1.961157 2.088309
v 1.398438 1.362275 1.901418
v 1.807536 1.727126 2.540885
v 1.630160 1.447624 2.303268
v 1.581733 1.783201 2.376214
v 1.461715 1.789908 1.540320
v 1.690650 1.404009 1.679622
v 1.642099 1.278209 1.744408
v 1.584764 1.524860 1.479471
v 1.620954 1.601735 2.286935
v 1.150580 1.753167 1.915331
v 1.841353 1.277682 2.363906
v 1.176721 1.829276 1.933503
v 1.674737 1.357542 2.143362
v 1.770382 1.637544 2.342351
v 1.705369 1.373566 1.780250
v 1.258089 1.897841 1.904065
v 1.691714 0.994755 1.858155
v 1.230197 1.773782 1.325944
v 1.677293 1.239915 2.000414
v 1.058149 1.765451 1.711897
v 1.698957 1.055701 1.876670
v 1.699288 1.289714 1.771837
v 1.692607 1.201136 1.763998
v 1.834483 1.514763 2.120430
v 1.626053 1.449828 1.538720
v 1.522679 1.511317 1.652582
v 1.573828 1.414845 2.005857
v 1.803951 1.800733 1.795808
v 1.526466 1.462544 1.686813
v 1.664109 1.698363 1.553360
v 1.922355 1.609359 1.887921
v 1.586552 1.285973 1.581607
v 1.429677 1.376288 1.770077
v 1.677478 1.148742 1.955675
v 1.768954 2.077579 2.072300
v 1.683044 1.161982 1.946313
v 1.329152 1.367640 1.848111
v 1.629726 1.526173 2.407627
v 1.411666 1.358245 2.237823
v 1.585311 1.872136 1.935613
v 1.784594 1.013702 2.111577
v 1.786278 1.784391 2.238648
v 1.516835 1.204254 2.040971
v 1.069882 1.841737 1.660602
v 1.128601 1.791894 1.776647
v 1.703671 1.365678 1.779044
v 1.323049 1.888196 1.761745
v 1.757015 1.567642 2.114472
v 1.386403 1.688734 1.692400
v 1.593283 1.722907 1.517398
v 1.692549 1.573605 2.217726
v 1.588376 1.393738 2.140866
v 1.641773 1.280142 1.752699
v 1.581319 1.358441 2.188035
v 1.511401 1.447954 2.381255
v 1.679976 1.220065 1.766778
v 1.680002 1.188545 1.944016
v 1.748043 1.479987 1.816220
v 1.692529 1.199239 1.775933
v 1.576514 1.684919 1.698843
v 1.357070 1.861054 1.659612
v 1.705824 1.387382 1.752395
v 1.759599 1.278640 2.042935
v 1.219122 1.779233 1.448637
v 1.757778 1.719047 1.790306
v 1.814493 1.295041 2.066330
v 1.687883 0.796342 1.856580
v 1.678649 1.234717 2.004408
v 1.557403 1.179110 1.501527
v 1.702086 1.558326 2.369154
v 1.706246 1.017848 1.856900
v 1.475925 1.533088 1.661398
v 1.642315 1.304859 2.324517
v 1.629592 1.665125 2.337113
v 1.626943 1.296510 1.787693
v 1.739594 1.673163 2.240958
v 1.721476 1.009454 2.095331
v 1.684890 1.258532 2.031377
v 1.096411 1.781861 1.777936
v 1.929367 1.451873 2.038021
v 1.667235 1.201772 1.977877
v 1.721141 1.707636 1.817914
v 1.251405 1.368698 1.769388
v 1.546583 1.657945 1.599966
v 1.661357 1.295961 2.001153
v 1.707264 1.366367 1.878588
v 1.749016 1.423870 1.722198
v 1.026787 1.964569 1.675016
v 1.667708 1.343172 2.113051
v 1.632735 0.966085 1.980163
v 1.768598 1.683484 1.895422
v 1.303298 1.890814 1.698573
v 1.664990 1.419466 2.175650
v 1.461538 1.806641 1.451133
v 1.687317 1.360355 1.944953
v 1.584265 1.605729 1.905605
v 1.689558 0.994545 2.103961
v 1.455941 1.593511 2.258795
v 1.516397 1.240119 2.020098
v 1.682064 1.153272 1.933392
v 1.381652 1.621905 1.645473
v 1.706116 1.147595 1.778079
v 1.704427 0.965985 1.860258
v 1.668544 1.236161 1.765324
v 1.681310 1.385020 1.618318
v 1.770795 1.732278 2.037620
v 1.701314 1.445075 1.801532
v 1.595046 1.350063 1.727862
v 1.283364 1.766512 1.712602
v 1.125098 1.455718 1.512568
v 1.605475 2.088955 1.900156
v 1.287526 1.751037 1.645783
v 2.023347 1.827403 1.738191
v 1.723648 1.280985 1.822423
v 1.386036 1.416251 2.132681
v 1.794746 1.101445 1.943116
v 1.460607 1.607094 1.723890
v 1.219383 1.768578 1.544221
v 1.706139 1.426137 1.795707
v 1.605735 1.404706 1.713503
v 1.685348 1.085166 1.820681
v 1.579883 1.631850 2.299984
v 1.583431 1.425080 2.003294
v 1.437164 1.772388 1.782659
v 1.261463 1.499930 1.480787
v 1.455416 1.580362 1.598300
v 1.841679 1.429108 1.766578
v 1.857248 1.826197 1.770038
v 1.683452 1.753189 2.440010
v 1.716875 1.214955 1.610657
v 1.792177 1.697200 1.774861
v 1.212716 1.408916 1.412570
v 1.724692 1.532354 1.789988
v 1.163248 2.019084 1.804070
v 1.369411 1.561065 1.592694
v 1.703984 1.371676 1.772552
v 1.383533 1.615921 1.709480
v 1.686640 1.202965 1.759536
v 1.546010 1.441545 1.682924
v 1.145715 1.773429 1.769289
v 1.627414 1.758061 2.443293
v 1.571004 1.417692 1.695781
v 1.658918 1.406452 1.551580
v 1.511412 1.485077 1.668769
v 1.698822 1.517839 2.137792
v 1.598114 1.526310 1.646578
v 1.409908 1.765317 2.225559
v 1.641983 1.529896 2.273613
v 1.497323 1.890281 1.891142
v 1.612971 1.483651 1.423311
v 1.738653 1.572491 1.782353
v 1.695291 1.267390 1.773391
v 1.723575 1.684729 1.625145
v 1.353155 1.796909 1.569062
v 1.732813 1.584561 1.788532
v 1.327879 1.854339 1.753379
v 1.420122 1.603007 1.657422
v 1.619125 1.320689 1.738381
v 1.542386 1.419675 2.031249
v 1.905346 1.597646 2.084027
v 1.683935 1.369551 1.590761
v 1.720703 1.583298 1.815957
v 1.563517 1.412892 1.700195
v 1.147466 2.003894 1.778560
v 1.354477 1.675267 1.926707
v 1.676550 1.294679 2.066699
v 1.412845 1.877210 1.801483
v 1.638682 1.348578 2.206621
v 1.722840 0.580728 1.876216
v 1.688816 1.107652 1.802698
v 1.298654 1.773143 1.678408
v 1.680053 1.713749 2.375392
v 1.698432 1.635029 1.863458
v 1.696975 1.184185 1.764419
v 1.397030 1.681631 2.385725
v 1.638335 1.571301 2.267693
v 1.290222 1.635950 1.815764
v 1.663147 1.746678 1.998004
v 1.696864 0.641720 1.858456
v 1.624737 1.514024 2.187175
v 1.341504 1.405473 1.924582
v 1.666523 1.234643 2.006075
v 1.622444 1.503067 2.304264
v 1.440434 1.626268 1.634982
v 1.339440 1.672423 2.119679
v 1.621048 1.454859 2.532475
v 1.651566 1.537026 2.272059
v 1.739471 1.956397 1.736857
v 1.736323 1.919955 1.982960
v 1.378075 1.818128 1.738239
v 1.706483 1.329316 1.839146
v 1.359243 1.808673 1.659449
v 1.596537 1.815766 2.315232
v 1.678300 1.270842 1.750250
v 1.590893 1.051723 1.932753
v 1.175466 1.902973 1.771367
v 1.304786 1.873270 1.397069
v 1.703054 1.014604 1.861824
v 1.687451 1.189680 1.772695
v 1.439581 1.710682 2.290572
v 1.356658 1.747847 1.640585
v 1.368304 1.740923 2.104998
v 1.739525 1.720181 2.449280
v 1.643512 1.975665 1.993701
v 1.888109 1.472356 2.051188
v 1.591684 1.766465 2.396702
v 1.714628 0.613945 1.860581
v 1.755199 1.257446 1.856371
v 1.934027 1.605717 1.985932
v 1.465751 1.551007 1.664177
v 1.469617 1.390884 1.940549
v 1.436802 1.884710 1.864319
v 1.639370 1.368744 2.199198
v 1.644252 1.510929 2.343036
v 1.652772 1.691855 2.303754
v 1.684836 1.852135 2.383380
v 1.757560 1.735027 1.707458
v 1.511412 1.485077 1.668769
v 1.427150 1.686652 1.627412
v 1.708190 0.804846 1.858416
v 1.583897 1.086928 1.870743
v 1.691665 1.916517 1.985237
v 1.470782 1.886181 1.811433
v 1.353926 1.809409 1.735238
v 1.442400 1.407677 1.531829
v 1.303483 1.389885 1.790231
v 1.591362 1.381350 1.715959
v 1.902761 1.127249 2.089120
v 1.762493 2.073985 2.006357
v 1.805061 1.111654 1.912272
v 1.724831 1.199637 2.110775
v 1.494270 1.171604 1.739848
v 1.691495 1.199125 1.771116
v 1.488873 1.173565 1.540927
v 1.643548 1.459299 2.142337
v 1.839959 1.354737 2.194597
v 1.733797 1.253339 1.888261
v 1.663333 1.321473 1.902008
v 1.748990 1.168278 1.546453
v 1.862824 1.643710 1.984018
v 1.746881 1.132752 1.741328
v 1.706487 1.934980 1.823765
v 1.410377 1.648751 1.727828
v 1.542676 1.141394 1.772162
v 1.274055 1.831536 1.858189
v 1.520464 1.230205 1.757380
v 1.731837 1.802968 1.857236
v 1.821872 1.916383 2.037678
v 1.881755 1.589773 2.409680
v 1.644901 1.972081 1.722157
v 1.779114 1.582407 2.384022
v 1.592322 1.644651 2.214371
v 1.659702 1.291959 1.834926
v 1.875090 2.026184 1.961070
v 1.773805 1.833040 1.739134
v 1.451316 1.310869 2.200429
v 1.563050 1.277094 1.995591
v 1.650037 1.265668 1.756640
v 1.822520 2.018734 1.651588
v 1.413646 1.610184 1.651495
v 1.700758 1.100268 1.816834
v 1.657316 1.351505 2.102508
v 1.929696 2.043781 1.914042
v 1.601998 1.350530 1.715655
v 1.449938 1.375278 1.948469
v 1.686045 1.196583 1.771993
v 1.758015 1.914896 2.020463
v 1.254093 1.886119 1.935023
v 1.404317 1.723399 2.133327
v 1.753186 1.991169 1.865506
v 1.669302 1.349895 2.112823
v 1.789799 1.385210 2.256652
v 1.594751 1.382495 1.718811
v 1.748468 1.081742 1.827134
v 1.145015 1.976252 1.770437
v 1.214592 1.911745 1.778885
v 1.632873 1.621810 2.329901
v 1.647550 1.129792 2.197752
v 1.674725 1.257918 2.043424
v 1.753164 2.050501 1.936866
v 1.175332 1.769369 1.476837
v 1.383605 1.312006 1.740445
v 1.634081 1.991051 2.012809
v 1.549818 1.689760 2.265001
v 1.562337 1.537642 2.366343
v 1.696875 1.189758 1.765234
v 1.962523 1.575247 1.964010
v 1.690790 1.194292 1.773668
v 1.691235 1.070628 1.885768
v 1.128666 1.850245 1.646613
v 1.700815 1.471035 1.686183
v 1.749967 1.147307 2.162357
v 1.987658 1.649219 1.814909
v 1.697012 1.186928 1.764756
v 1.530235 1.157615 1.894056
v 1.483720 1.223284 2.024983
v 1.350240 1.885999 1.803418
v 1.393028 1.677474 2.322427
v 1.393003 1.644576 1.649678
v 1.618324 1.457021 2.363425
v 1.614194 1.697918 1.567046
v 1.733019 1.620214 1.800420
v 1.276772 2.076631 1.698968
v 1.641017 1.218503 2.058393
v 1.606580 2.125517 1.794847
v 1.351187 1.588354 1.508295
v 1.728283 1.580932 1.798524
v 1.234272 1.778242 1.750228
v 1.741395 1.580234 1.923662
v 1.623954 1.298605 1.849080
v 1.741655 1.990263 1.593965
v 1.127829 1.996483 1.668767
v 1.699693 1.014013 1.862310
v 1.651189 1.411138 1.751165
v 1.742345 1.454249 1.548521
v 1.722323 1.484742 1.779776
v 1.620780 1.295419 1.501591
v 1.483517 1.414279 1.941000
v 1.601290 1.374531 1.693825
v 1.576251 1.394496 1.743315
v 1.757441 1.575351 1.971580
v 1.731313 1.548849 1.801725
v 1.693435 1.173676 1.782538
v 1.710631 1.002385 1.846112
v 1.591335 1.992579 1.941964
v 1.654908 1.472622 2.228730
v 1.549827 1.425266 1.688948
v 1.214614 1.771811 1.908869
v 1.445542 1.601609 1.647633
v 1.714753 1.504105 1.795827
v 1.743942 1.688616 1.836410
v 1.637348 1.726251 1.517561
v 1.851843 1.137578 1.876526
v 1.383681 1.865992 1.820670
v 1.632223 1.724431 2.349056
v 1.772053 2.034292 1.892668
v 1.816735 1.238819 1.599576
v 1.428117 1.477965 1.911038
v 1.717824 1.420598 1.614902
v 1.789733 1.225831 2.363251
v 1.703453 0.979340 2.113282
v 1.649767 1.163412 1.871240
v 1.098887 1.853270 1.653920
v 1.570266 1.629933 2.366023
v 1.236979 2.051018 1.678967
v 1.610131 1.316710 1.933315
v 1.892264 1.264286 2.073355
v 1.449996 1.380833 1.907900
v 1.583863 1.792636 2.522062
v 1.681946 1.092052 1.903142
v 1.715348 1.741833 1.637355
v 1.669784 1.382981 2.160901
v 1.623045 1.991238 1.858051
v 1.714753 1.504105 1.795827
v 1.530619 1.355413 1.390841
v 1.936744 1.844294 1.788946
v 1.867276 1.903991 2.138587
v 1.684561 1.312908 2.100454
v 1.692616 0.626635 1.872542
v 1.722186 1.407738 1.555405
v 1.507368 1.205581 1.555072
v 1.469779 1.399612 1.713827
v 1.515636 1.737256 2.234560
v 1.627061 1.510264 2.233777
v 1.749787 2.023116 1.894452
v 1.729993 1.574425 2.002589
v 1.321332 1.820121 1.779032
v 1.416869 1.453431 2.329644
v 1.458143 1.808787 1.503378
v 1.384851 1.641021 2.212424
v 1.605895 1.885912 2.416980
v 1.686131 1.290300 1.864429
v 1.332231 1.783767 1.823646
v 1.625976 1.741986 2.391544
v 1.668627 1.334710 1.930429
v 1.218376 1.794291 1.754682
v 1.887352 2.031164 1.905631
v 1.564354 1.589114 1.882065
v 1.706610 1.363777 1.778982
v 1.661390 1.250031 1.747779
v 1.776710 1.566018 1.634152
v 1.321143 1.574692 1.357614
v 1.436255 1.360997 1.934979
v 1.662580 1.760030 1.978961
v 1.590850 1.290315 1.807769
v 1.437602 1.888766 1.828843
v 1.599304 1.634529 2.510544
v 1.529162 1.165308 1.941553
v 1.579172 0.968217 1.962751
v 1.652839 1.511952 1.986662
v 1.227719 1.779590 1.302469
v 1.628696 1.146786 1.892646
v 1.725553 1.617871 1.802200
v 1.608353 1.315511 1.554106
v 1.754404 1.769107 1.818280
v 1.510624 1.427366 2.455999
v 1.955631 1.859727 1.844319
v 1.689408 1.899842 1.812878
v 1.648530 1.211137 1.630125
v 1.700324 1.358799 1.783336
v 1.705171 1.058854 1.822690
v 1.698108 0.920461 1.841426
v 1.739394 1.696054 1.819351
v 1.421171 1.537552 2.249523
v 1.799814 1.609203 2.325445
v 1.724166 1.522234 1.794388
v 1.550939 1.231353 1.567392
v 1.615313 1.798963 2.559267
v 1.488122 1.548200 1.686601
v 1.677338 1.337902 2.108845
v 1.733638 1.456813 2.211301
v 1.864851 1.508401 2.129665
v 1.689548 1.180669 1.774764
v 1.200966 1.881328 1.749578
v 1.518511 1.329980 1.708423
v 1.137568 2.015403 1.679408
v 1.379775 1.363217 2.221417
v 1.775259 1.712761 2.524195
v 1.639084 1.533406 2.131485
v 1.554366 1.345234 2.049433
v 1.164681 1.911823 1.734073
v 1.328809 1.551420 1.529051
v 1.313480 1.744536 1.670799
v 1.364105 1.689335 1.663841
v 1.707846 1.403232 1.783422
v 1.730702 2.083952 1.989517
v 1.939280 1.411936 2.051711
v 1.924379 1.612365 1.949529
v 1.734546 1.486565 1.609964
v 1.736450 1.627668 1.817640
v 1.704350 1.552931 2.344779
v 1.627098 1.838579 2.308398
v 1.848804 1.687678 2.339332
v 1.782373 1.110836 2.061109
v 1.779098 1.252759 1.828348
v 1.565223 1.138598 2.196053
v 1.678254 1.255563 2.095345
v 1.471530 1.307310 2.117439
v 1.693755 1.007571 1.840240
v 1.654347 1.375956 2.125108
v 1.622690 1.835757 2.446295
v 1.990764 1.836742 1.703216
v 1.528641 1.425529 1.631342
v 1.666734 1.723035 1.656784
v 1.208706 1.838386 1.654559
v 1.202428 1.658328 1.666723
v 1.659492 1.604544 2.257188
v 1.623408 1.281295 1.727355
v 1.705490 1.283239 1.783171
v 1.267446 1.785232 1.689825
v 1.885102 1.487850 1.982380
v 1.728283 1.580932 1.798524
v 1.862092 1.550833 1.671841
v 1.485096 1.435788 2.026146
v 1.694651 1.115336 1.917926
v 1.757534 1.564303 2.386891
v 1.342723 1.553168 1.563388
v 1.705369 1.373566 1.780250
v 1.804847 1.274316 1.900525
v 1.779134 1.978994 1.741512
v 1.173752 2.002208 1.700535
v 1.660246 1.352113 2.116637
v 1.347804 1.667640 1.891412
v 1.444054 1.477391 2.315464
v 1.177225 1.734768 1.316207
v 1.789208 1.552019 1.937083
v 1.531037 1.511716 2.472745
v 1.420775 1.728411 1.534151
v 1.321973 1.648203 2.149369
v 1.501977 1.643418 1.562808
v 1.351072 1.683060 1.461386
v 1.705202 1.015943 1.859527
v 1.670792 1.423535 1.779975
v 1.965956 1.612491 1.873928
v 1.575790 1.844838 2.303034
v 1.785161 1.892125 1.937936
v 1.703091 1.407392 1.749053
v 1.544514 1.445854 2.374870
v 1.347656 1.678868 1.667946
v 1.883335 1.102188 2.120636
v 1.468950 1.422143 1.735814
v 1.690921 1.574610 2.048936
v 1.685807 1.188368 1.769919
v 1.859750 1.407678 2.083144
v 1.496232 1.326489 2.012394
v 1.717418 1.660438 2.499135
v 1.439186 1.907615 1.788673
v 1.161693 1.856973 1.654761
v 1.529892 1.376475 2.157484
v 1.497231 1.399268 1.837268
v 1.425905 1.541250 1.805303
v 1.339786 1.732285 2.256123
v 1.834105 1.358872 2.312338
v 1.662503 1.370790 1.594705
v 1.600889 1.647049 2.335593
v 1.156575 1.781441 1.827188
v 1.448130 1.733911 1.925760
v 1.384642 1.253400 1.684241
v 1.733019 1.620214 1.800420
v 1.724692 1.532354 1.789988
v 1.304077 1.587209 1.679578
v 1.605230 2.143577 1.765224
v 1.578380 1.456274 2.126291
v 1.873198 1.155009 2.093539
v 1.787400 1.428515 1.616676
v 1.664733 1.300818 2.089043
v 1.134289 1.753881 1.408016
v 1.812988 1.355730 2.186213
v 1.512572 1.399090 1.648182
v 1.683930 0.722613 1.862767
v 1.430328 1.491426 1.678655
v 1.455837 1.675557 2.445620
v 1.654895 1.231172 1.866063
v 1.668606 1.407461 2.152196
v 1.721010 1.594779 1.853376
v 1.698527 1.053238 1.811821
v 1.654364 2.093311 1.828827
v 1.667817 1.957097 1.839146
v 1.584377 1.150828 1.789693
v 1.695545 0.471829 1.859746
v 1.698759 1.644359 1.774356
v 1.687636 1.532656 2.392365
v 1.679554 1.271499 2.038182
v 1.661357 1.295961 2.001153
v 1.813704 1.655798 1.909351
v 1.550783 1.464377 2.136853
v 1.569347 1.720459 1.602265
v 1.750241 1.200513 2.113211
v 1.687910 1.192466 1.772988
v 1.607052 1.435442 1.779295
v 1.578727 1.432890 1.435215
v 1.467596 1.693897 1.687379
v 1.738694 1.983122 1.868094
v 1.727354 1.816144 2.442048
v 1.576838 1.205112 2.178525
v 1.702505 1.364215 1.779147
v 1.831411 1.564881 2.092102
v 1.615424 1.352653 1.677225
v 1.727323 1.525271 1.782366
v 1.760868 1.116369 1.914725
v 1.706580 1.535764 2.423175
v 1.568779 1.196596 1.826254
v 1.324378 1.865760 1.446606
v 1.829717 1.106847 1.777118
v 1.760052 2.105172 1.896268
v 1.161069 1.466281 1.495421
v 1.784895 1.587118 2.327858
v 1.584132 1.745098 1.706032
v 1.682374 1.309512 1.853522
v 1.643392 1.422919 2.185255
v 1.090870 1.769807 1.747586
v 1.689673 1.188622 1.774537
v 1.684542 1.661844 2.426693
v 1.361629 1.603903 1.409552
v 1.723154 1.477498 1.789248
v 1.496785 1.184191 2.048943
v 1.683261 1.171322 1.968732
v 1.702713 1.025076 1.854957
v 1.618147 1.448166 2.238276
v 1.389005 1.589541 1.536596
v 1.658734 1.046647 1.932509
v 1.523805 1.254204 1.860718
v 1.821761 2.077425 1.967006
v 1.555916 1.588807 1.863248
v 1.408168 1.695114 1.417395
v 1.541692 1.310557 1.687841
v 1.154290 1.802251 1.782621
v 1.482615 1.371900 1.733727
v 1.112549 1.914652 1.833296
v 1.571066 2.010301 1.904673
v 1.311855 1.860553 1.799147
v 1.618315 1.537710 2.270579
v 1.340834 1.662169 2.380004
v 1.726792 1.460197 2.066301
v 1.835542 1.090036 1.737791
v 1.645817 1.610087 2.350854
v 1.680783 1.211972 1.988077
v 1.679870 1.187644 1.972464
v 1.621074 1.332201 1.565486
v 1.327769 1.720505 1.643384
v 1.380818 1.636632 1.596323
v 1.370220 1.856395 1.679664
v 1.465374 1.526286 1.651092
v 1.601095 1.714061 1.527020
v 1.203321 1.925207 1.669065
v 1.760000 1.883307 1.848202
v 1.435890 1.345360 1.690193
v 1.662644 1.623873 1.825568
v 1.629189 1.577785 2.094589
v 1.747057 2.067014 1.893820
v 1.670001 1.268378 2.040409
v 1.704995 1.235716 1.788486
v 1.364123 1.669334 1.821048
v 1.693451 0.755916 1.858036
v 1.270139 1.989255 1.833444
v 1.683610 1.985732 1.968356
v 1.663373 1.062579 2.080180
v 1.681796 1.951523 1.896020
v 1.629225 1.781259 2.479370
v 1.391869 1.905014 1.705123
v 1.737908 1.895893 1.812750
v 1.289775 1.649124 1.919250
v 1.708694 1.420704 1.793599
v 1.673581 1.208677 1.975445
v 1.699681 1.025637 1.851347
v 1.333417 1.664976 1.536141
v 1.461014 1.546813 1.659516
v 1.494938 1.605839 1.571435
v 1.893310 1.983203 1.939109
v 1.387248 1.459630 1.974565
v 2.003275 1.861661 1.634972
v 1.732313 1.907795 1.842424
v 1.439816 1.727804 1.434270
v 1.812044 1.571443 2.457102
v 1.696743 1.181337 1.764463
v 1.773391 1.259187 1.945432
v 1.907314 1.389508 2.112319
v 1.226240 1.809548 1.731193
v 1.758815 1.465802 1.651298
v 1.385350 1.454462 1.771019
v 1.787021 1.256367 1.932082
v 1.634522 1.014064 1.950955
v 1.371585 2.056245 1.782414
v 1.260750 1.762674 1.679549
v 1.592204 1.389376 1.704983
v 1.572904 2.106758 1.870631
v 1.707317 1.395177 1.533118
v 1.319284 1.565367 1.643960
v 1.592757 1.317021 1.591850
v 1.173215 1.804276 1.705102
v 1.700318 1.360539 1.782485
v 1.638897 1.709441 1.589048
v 1.602430 1.355131 1.712391
v 1.700982 1.365365 1.782181
v 1.945714 1.877413 1.655954
v 1.629322 2.101786 1.843141
v 1.655342 1.240211 1.927036
v 1.411936 1.334304 1.712494
v 1.700217 1.619581 2.298331
v 1.161780 1.923843 1.759646
v 1.745313 1.519999 2.157568
v 1.638767 1.211973 1.861126
v 1.625038 1.886642 2.400282
v 1.683054 1.258813 2.032870
v 1.849117 2.063755 1.823913
v 1.649019 1.968242 1.928266
v 1.700035 1.135034 1.908914
v 1.693842 1.019940 1.862609
v 1.520554 1.677180 1.545519
v 1.364250 1.583028 1.680050
v 1.761451 1.924966 1.882448
v 1.693390 1.199811 1.768779
v 1.534117 1.542586 2.428793
v 1.619855 1.683432 2.263791
v 1.943334 2.034699 1.974948
v 1.569580 1.411212 1.704725
v 1.673012 1.776200 2.452005
v 1.375479 1.951735 1.831701
v 1.687057 0.916698 1.853964
v 1.502320 1.461896 2.127102
v 1.677536 1.207202 1.978081
v 1.710399 1.009276 1.854738
v 1.660830 1.347298 2.113246
v 1.659701 1.644313 1.891430
v 1.636419 1.519212 2.228694
v 1.757657 1.489130 2.065427
v 1.693083 0.786501 1.876751
v 1.697672 0.701619 1.855421
v 1.669499 1.479424 2.540033
v 1.438961 1.676887 2.318688
v 1.516266 1.674070 2.422825
v 1.496634 1.609215 1.696868
v 1.719196 1.747932 2.399436
v 1.443175 1.879270 1.803005
v 1.427874 1.912723 1.752546
v 1.673640 1.657084 2.494121
v 1.398551 1.363530 1.740387
v 1.722019 1.871269 1.842517
v 1.719033 1.734872 1.572578
v 1.807506 1.701100 2.267156
v 1.543357 1.446047 1.706702
v 1.611085 1.308097 1.961374
v 1.594464 1.116891 1.825129
v 2.011667 1.621441 1.842328
v 1.664870 1.744644 2.229671
v 1.588545 1.229432 1.477669
v 1.393817 1.670309 1.668706
v 1.685102 1.720724 1.540612
v 1.307110 1.689658 1.608345
v 1.678234 1.423279 1.635112
v 1.653276 1.269791 1.989901
v 1.420276 1.940042 1.752734
v 1.561381 1.396008 1.424317
v 1.670615 1.303016 2.089308
v 1.079140 1.913528 1.732491
v 1.737704 2.123450 1.884747
v 1.264223 1.858339 2.007662
v 1.472641 1.552387 1.665833
v 1.841173 1.574725 2.445861
v 1.318053 1.614037 2.240171
v 1.926998 1.568124 2.109123
v 1.176083 2.000160 1.838720
v 1.717804 1.344041 2.148932
v 1.595047 1.382577 2.008117
v 1.191846 2.081780 1.704661
v 1.402640 1.663629 1.978408
v 1.094000 1.920479 1.809496
v 1.249196 1.890352 1.858880
v 1.715995 1.927162 2.023906
v 1.404022 1.310202 1.640525
v 1.520718 1.469879 2.282421
v 1.783619 2.143247 1.887539
v 1.476761 1.376601 2.204340
v 1.744860 1.762685 1.620600
v 1.433624 1.401607 1.498718
v 1.602152 1.234441 2.021265
v 1.743825 1.753110 2.245693
v 1.695861 1.697817 2.056314
v 1.875027 1.759676 2.228424
v 1.755577 1.837218 1.835424
v 1.896963 1.891739 1.629291
v 1.702119 1.008390 1.861189
v 1.728262 1.800318 1.840069
v 1.666508 1.258014 1.995387
v 1.680044 1.457466 2.079093
v 1.132583 1.494054 1.560872
v 1.612379 1.380482 2.034572
v 1.612997 1.107461 1.903778
v 1.314116 1.661734 1.884913
v 1.968664 2.041297 1.922970
v 1.681434 0.344121 1.874959
v 1.808134 1.575410 1.715058
v 1.816632 2.086674 2.052722
v 1.080177 1.786209 1.702535
v 1.851354 1.509329 2.015172
v 1.722205 1.736617 1.915498
v 1.550096 1.445743 1.688769
v 1.672166 1.766225 2.231918
v 1.415249 1.700711 1.399513
v 1.705565 1.541813 2.270854
v 1.453715 1.489932 2.286899
v 1.584190 1.460503 2.414392
v 1.838842 1.908595 2.154091
v 1.779115 1.313422 2.322292
v 1.375425 1.651641 1.658931
v 1.374079 1.651354 1.650591
v 1.833363 1.880677 1.674303
v 1.341923 1.680556 1.703714
v 1.311110 1.667593 1.672810
v 1.442171 1.739131 1.611022
v 1.983059 1.562731 1.911907
v 1.705059 1.516747 1.787316
v 1.696126 1.502897 1.698370
v 1.704276 1.022648 1.854315
v 1.747774 1.682931 1.793055
v 1.708209 1.640433 2.225266
v 1.668522 2.151053 1.761225
v 1.794835 2.083243 2.068949
v 1.586004 1.463479 2.247552
v 1.542945 1.356197 2.230320
v 1.632653 1.078131 2.089901
v 1.738801 1.953303 1.921364
v 1.342494 1.833887 1.854938
v 1.274050 1.971507 1.814207
v 1.387800 1.701218 2.286717
v 1.767514 1.355047 2.182164
v 1.824190 1.529307 1.621015
v 1.298887 1.870114 1.863324
v 1.849905 1.579814 1.711582
v 1.662892 1.412255 2.181713
v 1.629681 1.346586 1.996149
v 1.720320 1.619833 2.600240
v 1.771594 1.764070 2.459202
v 1.603526 1.339413 1.717653
v 1.765159 0.993966 2.114593
v 1.348273 1.437119 1.736333
v 1.694430 1.806793 2.413740
v 1.703508 1.174756 1.549887
v 1.362738 2.018771 1.762829
v 1.693764 1.015653 1.859847
v 1.128647 1.762485 1.804646
v 1.937136 1.643568 1.843645
v 1.626167 1.240728 1.824678
v 1.330929 1.811518 1.745961
v 1.604354 1.617117 2.364897
v 1.689671 1.204991 1.769103
v 1.676010 1.147361 1.939114
v 1.234854 1.906147 1.773028
v 1.578792 1.452827 1.793534
v 1.597753 1.116260 2.185910
v 1.594760 1.495207 2.310027
v 1.704971 1.028010 1.859795
v 1.598303 1.418144 1.413562
v 1.735416 1.566604 2.292464
v 1.778675 1.080751 1.875315
v 1.359293 1.794529 1.637304
v 1.568993 1.802307 2.411089
v 1.639340 1.594215 2.229118
v 1.304593 1.899085 2.008688
v 1.076085 2.041622 1.603844
v 1.874899 1.470637 2.173004
v 1.235439 1.758136 1.657707
v 1.450156 1.792518 2.136944
v 1.280394 1.535405 1.448748
v 1.691151 1.388787 1.757139
v 1.682365 1.524493 2.119266
v 1.255056 1.813821 1.958385
v 1.768964 1.278198 1.669909
v 1.700280 1.240090 1.680148
v 1.991789 1.858274 1.829862
v 1.655028 1.704299 1.553761
v 1.661357 1.295961 2.001153
v 1.420852 1.604720 1.666689
v 1.622626 1.459934 2.162440
v 1.717323 1.412679 1.694702
v 1.654928 1.274919 1.748246
v 1.700149 0.559408 1.884812
v 1.547523 1.822487 2.326046
v 1.774324 1.391600 2.093795
v 1.360816 1.618132 2.253324
v 1.593249 1.424337 1.990356
v 1.849139 1.312540 2.346640
v 1.688976 1.179332 1.768265
v 1.610052 1.638219 2.444876
v 1.246931 1.449644 1.354478
v 1.551245 1.225379 2.161585
v 1.398059 1.657078 1.766481
v 1.459163 1.705151 2.180312
v 1.435418 1.927953 1.782900
v 1.640969 1.279917 1.748371
v 1.629681 1.346586 1.996149
v 1.453558 1.291354 2.131769
v 1.414504 1.399851 1.744056
v 1.656274 1.267426 1.747261
v 1.788823 1.758133 1.958729
v 1.388960 1.487334 1.837166
v 1.645850 1.841704 2.315808
v 1.641385 1.109749 2.038828
v 1.530700 1.776925 2.164482
v 1.840175 1.655101 1.902754
v 1.703116 2.104540 2.000604
v 1.406380 1.662068 2.172229
v 1.444818 1.143327 1.838869
v 1.552107 1.426107 1.688898
v 1.697379 0.529661 1.864089
v 1.805637 1.654433 2.307513
v 1.724177 1.550130 1.807864
v 1.500961 1.661796 2.353222
v 1.652221 1.326758 1.961626
v 1.555805 1.477378 2.514611
v 1.595241 1.493420 2.126520
v 1.689870 1.101565 1.905575
v 1.696049 1.025049 1.854904
v 1.175836 1.924312 1.774590
v 1.864764 1.636578 1.898942
v 1.806594 1.646326 1.839306
v 1.704231 0.338654 1.863063
v 1.704302 1.173034 1.782154
v 1.258986 1.572155 1.650646
v 1.344181 1.653781 1.966251
v 1.430695 1.478770 2.124681
v 1.471774 1.358463 1.425873
v 1.859207 2.029205 1.992110
v 1.634375 1.535164 2.258529
v 1.704904 0.434669 1.880052
v 1.311881 1.633241 2.192314
v 1.739394 1.696054 1.819351
v 1.417041 1.300028 2.042976
v 1.579743 1.517736 1.528150
v 1.691283 1.196697 1.772420
v 1.587150 1.642953 2.439011
v 1.475680 1.540695 1.770540
v 1.747825 1.753989 1.826994
v 1.466223 1.907123 1.758535
v 1.673838 1.232853 2.007018
v 1.801192 1.745310 2.514754
v 1.577815 1.372705 1.397402
v 1.427319 1.261205 2.154653
v 1.683769 1.196341 1.762200
v 1.733019 1.620214 1.800420
v 1.557994 1.248729 1.796744
v 1.706147 1.699084 1.668116
v 1.613963 1.767297 2.332331
v 1.677587 1.249013 2.009797
v 1.705768 1.365472 1.778935
v 1.847280 1.607736 2.356178
v 1.209984 2.037986 1.727302
v 1.553539 1.757981 2.359543
v 1.722599 1.691669 1.597473
v 1.530160 1.834240 2.441822
v 1.164187 1.917736 1.778497
v 1.833926 1.451603 2.220274
v 1.640585 1.389392 1.635286
v 1.628872 1.627139 2.576719
v 1.598399 1.911889 1.780482
v 1.208468 1.690650 1.764707
v 1.905577 1.689886 1.792792
v 1.700424 1.361171 1.780044
v 1.621229 1.450086 2.179978
v 1.744604 1.653664 1.821420
v 1.604239 1.411407 1.395827
v 1.398709 1.679804 1.936088
v 1.432217 1.549128 2.099998
v 1.705360 1.364374 1.778409
v 1.158751 1.640115 1.684134
v 1.844656 1.290952 2.074389
v 1.676688 1.996510 1.997905
v 1.434486 1.643032 1.608817
v 1.468536 1.637094 2.200655
v 1.670074 1.456607 2.162893
v 1.924680 1.501496 2.141791
v 1.730750 1.826800 2.416510
v 1.700376 1.363067 1.777931
v 1.403243 1.621251 2.249182
v 1.476247 1.293852 1.648622
v 1.281638 1.396429 1.762773
v 1.705384 1.354678 1.785178
v 1.778695 1.545773 1.861281
v 1.348475 1.455174 1.676731
v 1.763287 1.631739 2.269831
v 1.671067 1.801644 2.341892
v 1.618415 0.989407 1.959704
v 1.739076 1.073520 1.898152
v 1.666147 1.005597 1.999861
v 1.682858 1.218977 1.772462
v 1.594600 1.149871 1.939411
v 1.684718 1.171932 1.967947
v 1.695773 1.098079 1.818018
v 1.766054 2.078459 2.042944
v 1.500292 1.615309 1.584403
v 1.712686 1.208804 1.781555
v 1.206855 1.568853 1.624652
v 1.660556 1.640778 1.778530
v 1.514644 1.366661 2.243841
v 1.700634 1.357027 1.784075
v 1.480976 1.394794 1.811404
v 1.457362 1.199891 1.568257
v 1.225557 1.424583 1.380232
v 1.484566 1.587058 1.574714
v 1.642066 1.323517 2.272521
v 1.836569 1.103429 2.162266
v 1.388927 1.522958 1.851906
v 1.621074 1.113299 2.193442
v 1.662560 1.845094 1.836045
v 1.692378 1.035780 1.821079
v 1.705260 1.362635 1.786581
v 1.703738 0.780143 1.874947
v 1.663413 1.795506 2.532701
v 1.686176 1.700259 2.346258
v 1.767155 1.501139 1.660091
v 1.819054 1.535253 1.898661
v 1.374112 1.774384 1.625509
v 1.676786 1.221547 1.986434
v 1.696469 1.192462 1.765992
v 1.696292 0.421490 1.887404
v 1.416609 1.712649 1.859091
v 1.843837 1.812038 2.212745
v 1.729496 1.902739 1.856697
v 1.263741 1.486388 1.418497
v 1.932945 1.530855 1.908947
v 1.693163 1.406583 2.167970
v 1.754997 1.834857 1.855525
v 1.524786 1.452310 1.866534
v 1.696025 1.890172 1.875216
v 1.794676 1.163282 1.878823
v 1.752994 1.602202 2.015183
v 1.399423 1.534655 2.099294
v 1.449086 1.426562 2.395462
v 1.054065 1.807867 1.675125
v 1.779847 1.927823 2.047168
v 1.792559 1.729901 1.879595
v 1.694528 1.429432 2.158120
v 1.692296 1.191776 1.776421
v 1.392292 1.389409 2.382992
v 1.663515 1.392747 2.159352
v 1.564225 1.222064 2.034755
v 1.681298 1.125399 1.933692
v 1.646626 1.283383 1.752874
v 1.440741 1.761382 1.450635
v 1.728283 1.580932 1.798524
v 1.755374 1.421320 1.647548
v 1.697431 1.262139 2.151712
v 1.648147 1.325873 1.996463
v 1.712443 1.731604 1.965275
v 1.694748 1.077050 1.887121
v 1.678717 1.787539 2.425549
v 1.702727 1.127506 1.800452
v 1.775379 1.125527 2.171677
v 1.147581 1.801747 1.707615
v 1.803491 1.738688 2.254348
v 1.379383 1.258351 1.704265
v 1.678111 1.155140 2.215918
v 1.622772 1.486047 2.164079
v 1.638543 1.740322 2.384840
v 1.315919 1.694714 1.720929
v 1.907557 1.374827 1.750755
v 1.653321 1.583857 2.067086
v 1.212760 1.963712 1.733300
v 1.431337 1.331992 1.596379
v 1.724262 1.131246 1.775189
v 1.924031 1.371221 2.167918
v 1.738908 1.248208 1.654432
v 1.739465 1.790861 1.798498
v 1.224458 1.530230 1.572457
v 1.376830 1.667340 1.559793
v 1.414184 1.258516 2.130690
v 1.564866 1.657236 1.637559
v 1.725250 1.266065 1.833071
v 1.645849 1.387098 2.104101
v 1.346425 1.465616 2.094250
v 1.686390 1.899067 1.919086
v 1.690246 0.741578 1.881828
v 1.527765 1.393794 1.786975
v 1.678856 1.032850 1.983243
v 1.195657 1.933366 1.805217
v 1.519362 1.454788 1.549072
v 1.693354 1.177588 1.765247
v 1.663565 1.253844 1.924167
v 1.705836 1.021831 1.852204
v 1.884222 1.407304 1.802471
v 1.274242 1.507238 1.342407
v 1.486591 1.399328 1.464981
v 1.691468 1.201316 2.208801
v 1.872717 1.942334 2.074208
v 1.689025 1.185690 1.774111
v 1.413944 1.331161 1.630118
v 1.775710 1.558733 1.604114
v 1.444012 1.779233 1.570256
v 1.869706 1.956431 2.015773
v 1.244717 1.860789 1.782560
v 1.542964 1.245976 1.818304
v 1.669862 1.294236 2.048319
v 1.707138 1.354707 1.783778
v 1.533206 1.820466 2.528605
v 1.357323 1.626526 1.574489
v 1.160746 1.947096 1.701206
v 1.855105 1.643991 2.340986
v 1.573723 1.970787 1.978792
v 1.586344 1.411567 1.760967
v 1.644020 1.487308 2.516730
v 1.433026 1.632366 1.643885
v 1.704657 1.520305 2.499751
v 1.587229 1.948757 1.742448
v 1.667589 1.219472 1.988204
v 1.233725 1.787966 1.386338
v 1.142602 1.915510 1.799956
v 1.739394 1.696054 1.819351
v 1.692201 1.048286 1.876863
v 1.305347 1.771049 1.688008
v 1.606792 1.399230 2.067601
v 1.741102 1.420148 1.606319
v 1.746366 1.986100 1.658188
v 1.697560 0.517119 1.883195
v 1.733019 1.620214 1.800420
v 1.701114 1.355344 1.784772
v 1.729925 1.545218 2.446513
v 1.694443 1.022577 1.854288
v 1.442046 1.582080 1.652811
v 1.789346 2.123067 1.912776
v 1.533655 1.076608 1.794784
v 1.727935 1.740681 1.673347
v 1.598687 1.641059 1.785626
v 1.670148 1.996280 1.621464
v 1.744485 1.934957 1.920005
v 1.855648 1.113015 1.809943
v 1.818610 1.510848 2.042845
v 1.332183 2.043592 1.716659
v 1.705048 1.089905 2.046595
v 1.529217 1.436735 1.495289
v 1.496644 1.500684 1.671248
v 1.783596 1.566827 1.690778
v 1.533126 1.338261 2.069017
v 1.708255 1.356714 1.781092
v 1.595888 1.034930 1.937610
v 1.692942 1.020028 1.854006
v 1.622057 1.489175 2.491942
v 1.416374 1.711636 1.912451
v 1.689155 1.716388 2.029576
v 1.655662 1.006562 2.114221
v 1.713613 1.557455 2.428871
v 1.529531 1.455977 1.973291
v 1.355919 1.769834 1.726782
v 1.647772 1.441086 2.211725
v 1.688364 1.420791 2.075943
v 1.800538 1.108549 1.721072
v 1.698237 1.796821 2.225091
v 1.658058 1.097615 1.904725
v 1.700361 1.050746 1.834749
v 1.412206 1.780498 2.125021
v 1.235996 1.786611 1.722670
v 1.689147 1.331557 1.856468
v 1.562509 1.699312 1.732945
v 1.593914 1.696524 1.736246
v 1.041386 2.014603 1.625447
v 1.896043 1.412038 2.074403
v 1.615295 1.225651 2.076967
v 1.582074 1.405719 1.691166
v 1.149090 1.882395 1.723902
v 1.562262 1.641084 1.805225
v 1.343381 1.930321 1.763626
v 1.731458 1.704437 2.473612
v 1.545606 1.168244 2.198026
v 1.610969 1.465508 2.213391
v 1.716657 2.097469 2.049861
v 1.704540 1.109648 1.940318
v 1.769959 1.569162 1.908178
v 1.522392 1.419507 1.707768
v 1.634218 1.907702 1.752428
v 1.835042 1.245945 2.071199
v 1.590868 1.771138 2.363504
v 1.543693 1.440928 1.690845
v 1.699035 1.179809 1.765067
v 1.062541 1.950490 1.691847
v 1.460961 1.706525 1.707582
v 1.676529 1.085861 1.855048
v 1.706139 1.426137 1.795707
v 1.445239 1.320308 2.022954
v 1.430526 1.612749 1.571788
v 1.594316 1.185797 1.852811
v 1.692074 0.343791 1.880507
v 1.721537 2.128952 1.799197
v 1.223239 1.659576 1.689905
v 1.616651 1.488722 2.245583
v 1.502938 1.206077 1.846197
v 1.269636 1.732310 1.652214
v 1.708264 1.344464 2.250283
v 1.180794 1.770929 1.910755
v 1.773322 1.460569 1.779993
v 1.695164 1.199980 1.770002
v 1.765059 1.576396 1.731958
v 1.444034 1.761688 1.948598
v 1.618780 1.582363 2.265873
v 1.682254 1.713760 2.328849
v 1.464288 1.516296 1.874091
v 1.289555 2.010435 1.893913
v 1.348696 1.438189 2.341812
v 1.708716 1.273264 2.129440
v 1.632740 1.416411 1.661011
v 1.541718 1.885846 1.879650
v 1.540820 1.499201 2.234003
v 1.175891 1.776544 1.858339
v 1.901213 1.970189 2.000447
v 1.587397 1.422147 1.703634
v 1.595231 2.002009 1.903544
v 1.576371 1.197928 1.487771
v 1.831975 2.081981 2.006665
v 1.697293 0.331935 1.870995
v 1.448722 1.361090 1.601335
v 1.572107 1.567915 2.230922
v 1.057334 1.772831 1.694410
v 1.353224 1.376707 2.177311
v 1.518780 1.450254 1.722278
v 1.697848 1.748179 1.908121
v 1.598745 1.392118 2.032796
v 1.447871 1.770120 1.871039
v 1.706391 1.343031 1.774436
v 1.434442 1.398721 2.437435
v 1.593107 1.782413 2.483450
v 1.612853 1.187459 1.759148
v 1.703359 1.354945 1.785674
v 1.774916 1.218741 2.071292
v 1.445632 1.791248 1.863534
v 1.705045 1.020233 1.862267
v 1.572500 1.266836 1.555075
v 1.154927 1.845100 1.753551
v 1.280829 1.902204 1.964898
v 1.706139 1.426137 1.795707
v 1.544275 1.167252 1.827009
v 1.674852 1.214006 1.923818
v 1.681437 1.640810 2.570767
v 1.610268 1.212766 1.853148
v 1.505121 1.453663 1.972998
v 1.829198 1.499139 2.142453
v 1.569407 1.792813 2.553513
v 1.296038 1.711165 1.739592
v 1.742212 1.979921 1.678734
v 1.615032 1.286155 1.799704
v 1.789073 1.999227 1.645899
v 1.641508 1.242373 2.137508
v 1.624537 1.707649 2.339203
v 1.695440 0.396242 1.858627
v 1.800661 1.265784 1.851474
v 1.300395 1.823425 1.481928
v 1.657434 1.647088 2.487622
v 1.579391 1.409114 1.700446
v 1.709047 1.346275 1.785055
v 1.673792 1.468722 1.590998
v 1.587274 1.539323 2.313453
v 1.606564 1.399743 2.006804
v 1.587743 1.524688 2.201066
v 1.733019 1.620214 1.800420
v 1.716885 1.990358 1.899731
v 1.224249 1.526082 1.544849
v 1.705004 1.203278 2.126417
v 1.752805 1.360336 2.134741
v 1.678226 0.431074 1.875734
v 1.728283 1.580932 1.798524
v 1.514515 1.505301 2.261163
v 1.421929 1.715306 1.793625
v 1.476290 1.703805 2.275787
v 1.541216 1.792709 2.341462
v 1.331985 1.548136 1.568020
v 1.529247 1.185466 2.076647
v 1.787277 1.466926 2.194523
v 1.856749 1.082603 1.928543
v 1.649587 1.369494 2.127880
v 1.815538 1.545062 1.944641
v 1.276469 1.682040 1.641712
v 1.410330 1.475801 1.735499
v 1.727915 1.627517 1.793474
v 1.623299 1.504398 2.458551
v 1.198728 1.759551 1.707966
v 1.189460 1.816881 1.870080
v 1.626435 1.850861 2.414533
v 1.365871 1.331303 1.752287
v 1.526581 1.838433 2.488683
v 1.348155 1.801657 1.678462
v 1.456771 1.677549 2.368296
v 1.463404 1.773207 1.425355
v 1.405323 1.675028 2.438400
v 1.630612 1.758772 2.021837
v 1.727390 2.039898 1.897870
v 1.508018 1.222877 1.856818
v 1.972357 1.846576 1.773380
v 1.506295 1.249756 1.594148
v 1.311628 1.942879 2.006257
v 1.673933 1.249548 2.008415
v 1.642129 1.793923 2.402515
v 1.225950 1.860751 1.726072
v 1.684527 0.338720 1.860969
v 1.705369 1.373566 1.780250
v 1.930936 1.984744 2.034672
v 1.706139 1.426137 1.795707
v 1.652441 1.491074 2.277094
v 1.300141 1.677089 1.630439
v 1.554957 1.203182 2.101353
v 1.793868 1.376857 2.149910
v 1.179980 1.780336 1.885188
v 1.687067 1.225392 1.786036
v 1.694609 1.385038 1.750488
v 1.457300 1.423095 2.139849
v 1.233081 1.962686 1.756863
v 1.687377 0.468496 1.882623
v 1.688249 1.131251 1.926127
v 1.879302 1.504575 2.034077
v 1.820616 2.012362 1.741712
v 1.717203 1.526662 2.492447
v 1.167935 1.960691 1.792041
v 1.845108 1.089333 1.916586
v 1.568259 1.381652 1.690582
v 1.618625 1.363247 2.000590
v 1.751011 1.626840 2.591228
v 1.716611 0.576848 1.884586
v 1.555077 1.671941 2.215834
v 1.788046 1.886549 1.812358
v 1.771189 1.502539 1.605219
v 1.587345 1.709702 2.201633
v 1.790932 1.160548 2.126072
v 1.463835 1.759531 2.219306
v 1.347422 1.706908 2.109962
v 1.822156 1.461666 1.701003
v 1.685355 1.142399 1.781828
v 1.890489 1.407053 1.697770
v 1.677739 1.310426 2.308019
v 1.607808 1.359706 1.718243
v 1.481160 1.140518 1.768953
v 1.904793 1.402500 1.812789
v 1.834837 1.703807 2.299647
v 1.496644 1.500684 1.671248
v 1.775520 1.566149 1.998849
v 1.739611 1.712222 2.032837
v 1.188498 1.983969 1.727498
v 1.476532 1.563464 1.729678
v 1.435030 1.569859 1.651359
v 1.753141 1.941772 1.860355
vn -0.9866 -0.0000 0.1629
vn 0.0060 1.0000 -0.0010
vn 0.0061 1.0000 0.0005
vn 0.0058 1.0000 -0.0018
vn 0.9866 -0.0000 -0.1629
vn -0.9109 -0.0000 0.4127
vn 0.0052 1.0000 -0.0032
vn 0.9109 -0.0000 -0.4127
vn -0.7730 -0.0000 0.6344
vn 0.0047 1.0000 -0.0039
vn 0.0037 1.0000 -0.0049
vn 0.7730 -0.0000 -0.6344
vn -0.5825 -0.0000 0.8128
vn 0.0035 1.0000 -0.0050
vn 0.0024 1.0000 -0.0056
vn 0.5825 -0.0000 -0.8128
vn -0.3523 -0.0000 0.9359
vn -0.3522 -0.0000 0.9359
vn 0.0020 1.0000 -0.0058
vn 0.0006 1.0000 -0.0061
vn 0.3523 -0.0000 -0.9359
vn -0.0980 -0.0000 0.9952
vn -0.0011 1.0000 -0.0060
vn 0.0980 -0.0000 -0.9952
vn 0.1629 -0.0000 0.9866
vn -0.0024 1.0000 -0.0056
vn -0.1629 -0.0000 -0.9866
vn 0.4127 -0.0000 0.9109
vn -0.0026 1.0000 -0.0056
vn -0.0038 1.0000 -0.0048
vn -0.4127 -0.0000 -0.9109
vn 0.6344 -0.0000 0.7730
vn -0.0039 1.0000 -0.0047
vn -0.0049 1.0000 -0.0037
vn -0.6344 -0.0000 -0.7730
vn 0.8128 -0.0000 0.5825
vn -0.0050 1.0000 -0.0035
vn -0.0057 1.0000 -0.0022
vn -0.8128 -0.0000 -0.5825
vn 0.9359 -0.0000 0.3523
vn -0.0058 1.0000 -0.0020
vn -0.0061 1.0000 -0.0006
vn -0.9359 -0.0000 -0.3523
vn 0.9952 -0.0000 0.0980
vn -0.0061 1.0000 -0.0004
vn -0.0061 1.0000 0.0010
vn -0.9952 -0.0000 -0.0980
vn -0.0060 1.0000 0.0010
vn -0.0056 1.0000 0.0025
vn -0.0055 1.0000 0.0026
vn -0.0047 1.0000 0.0039
vn -0.0046 1.0000 0.0040
vn -0.0037 1.0000 0.0049
vn -0.0035 1.0000 0.0050
vn -0.0022 1.0000 0.0057
vn 0.3522 -0.0000 -0.9359
vn -0.0006 1.0000 0.0061
vn -0.0005 1.0000 0.0061
vn 0.0010 1.0000 0.0060
vn 0.0011 1.0000 0.0060
vn 0.0023 1.0000 0.0056
vn 0.0025 1.0000 0.0056
vn 0.0038 1.0000 0.0048
vn 0.0040 1.0000 0.0046
vn 0.0050 1.0000 0.0036
vn 0.0050 1.0000 0.0035
vn 0.0057 1.0000 0.0023
vn 0.0057 1.0000 0.0021
vn 0.0061 1.0000 0.0007
vn -0.0000 -1.0000 -0.0000
vn -0.0000 1.0000 -0.0000
vn 0.9568 -0.0000 0.2907
vn 0.8490 -0.0000 0.5284
vn 0.8490 -0.0000 0.5285
vn 0.6833 -0.0000 0.7302
vn 0.4710 -0.0000 0.8821
vn 0.2266 -0.0000 0.9740
vn -0.0332 -0.0000 0.9994
vn -0.2907 -0.0000 0.9568
vn -0.5285 -0.0000 0.8490
vn -0.5285 -0.0000 0.8489
vn -0.7302 -0.0000 0.6833
vn -0.8822 -0.0000 0.4710
vn -0.8821 -0.0001 0.4710
vn -0.8822 -0.0000 0.4709
vn -0.9740 -0.0000 0.2267
vn -0.9740 -0.0000 0.2266
vn -0.9740 -0.0001 0.2267
vn -0.9995 -0.0000 -0.0332
vn -0.9994 -0.0000 -0.0332
vn -0.9995 -0.0000 -0.0331
vn -0.9568 -0.0000 -0.2907
vn -0.8490 -0.0000 -0.5285
vn -0.8489 -0.0000 -0.5285
vn -0.6833 -0.0000 -0.7302
vn -0.6833 -0.0000 -0.7301
vn -0.4710 0.0001 -0.8821
vn -0.4711 -0.0000 -0.8821
vn -0.2266 -0.0000 -0.9740
vn -0.2266 0.0001 -0.9740
vn -0.2265 0.0001 -0.9740
vn 0.0332 -0.0000 -0.9995
vn 0.0332 -0.0000 -0.9994
vn 0.0331 -0.0000 -0.9995
vn 0.2907 -0.0000 -0.9568
vn 0.5285 -0.0000 -0.8489
vn 0.5285 -0.0000 -0.8490
vn 0.5285 0.0001 -0.8489
vn 0.7302 -0.0000 -0.6833
vn 0.8821 -0.0000 -0.4710
vn 0.9740 -0.0000 -0.2266
vn 0.9994 -0.0000 0.0332
vn 0.9994 -0.0000 0.0333
vn -0.4326 0.8974 -0.0874
vn -0.0357 0.1586 -0.9867
vn -0.0816 0.4770 0.8751
vn -0.0822 0.4768 0.8752
vn -0.0820 0.4723 0.8776
vn -0.1858 0.9733 0.1351
vn 0.7823 0.6214 0.0441
vn 0.1068 0.7277 0.6775
vn 0.8868 0.4364 -0.1523
vn -0.6798 0.5046 -0.5323
vn -0.2932 0.6305 -0.7186
vn 0.2942 0.7501 -0.5922
vn 0.1595 0.4561 0.8755
vn 0.3886 0.6497 -0.6534
vn 0.9064 -0.1470 -0.3961
vn 0.4914 0.2208 -0.8425
vn -0.6647 0.5644 0.4895
vn -0.2007 0.9787 -0.0429
vn 0.1871 0.9823 -0.0044
vn 0.5895 0.5387 -0.6019
vn -0.8457 0.5232 0.1047
vn -0.0817 0.4721 0.8777
vn 0.9015 0.3394 -0.2687
vn 0.9006 0.3347 -0.2772
vn 0.9008 0.3358 -0.2752
vn 0.5458 0.4932 -0.6774
vn 0.9204 0.2880 -0.2642
vn -0.7140 0.4560 -0.5312
vn -0.6295 0.5465 -0.5524
vn 0.6748 0.5611 -0.4794
vn 0.9198 0.2158 -0.3279
vn -0.9524 0.2693 0.1429
vn -0.2879 0.0998 0.9524
vn 0.8427 0.3541 -0.4055
vn 0.9312 0.3557 0.0800
vn -0.6152 0.6026 0.5084
vn 0.6580 0.7243 0.2059
vn 0.9699 0.2096 0.1238
vn -0.8623 0.4974 0.0953
vn -0.4849 0.4971 0.7195
vn -0.4897 -0.0111 0.8718
vn 0.9016 0.3399 -0.2676
vn 0.9401 0.1719 -0.2945
vn -0.8418 0.3297 -0.4274
vn 0.9733 0.2098 0.0929
vn 0.9509 -0.1411 0.2754
vn 0.7778 -0.3179 0.5422
vn 0.1637 -0.1256 0.9785
vn 0.1652 -0.1355 0.9769
vn 0.1650 -0.1340 0.9771
vn -0.9558 0.2755 0.1028
vn -0.7630 0.3925 0.5135
vn -0.9416 -0.1702 0.2906
vn -0.6145 0.0182 0.7887
vn 0.7827 0.3933 -0.4825
vn 0.9397 0.3002 0.1638
vn -0.9907 0.1357 -0.0078
vn -0.6445 0.5617 0.5188
vn 0.8149 0.2648 0.5156
vn 0.7683 -0.1784 0.6147
vn 0.1636 -0.1245 0.9786
vn -0.2677 -0.2989 0.9160
vn -0.2614 -0.3042 0.9161
vn -0.2619 -0.3037 0.9160
vn -0.6913 0.6039 0.3967
vn -0.9176 -0.0015 0.3975
vn -0.8371 -0.2855 0.4667
vn -0.6227 0.0516 0.7807
vn 0.8355 0.2609 -0.4835
vn 0.9568 0.0981 -0.2738
vn -0.9202 0.3868 0.0603
vn -0.9389 0.1487 0.3103
vn -0.2684 -0.2983 0.9160
vn -0.4376 -0.3755 0.8170
vn -0.9042 -0.3041 0.2999
vn -0.6902 -0.4046 0.6000
vn 0.9882 0.1230 0.0909
vn 0.9475 0.2570 0.1902
vn -0.8328 0.2410 0.4984
vn -0.4201 -0.2175 0.8811
vn -0.7666 0.0769 0.6375
vn 0.6392 0.1580 -0.7526
vn 0.9829 0.0132 -0.1839
vn -0.6409 0.1968 0.7420
vn -0.6402 0.1952 0.7430
vn -0.6411 0.1973 0.7417
vn -0.3052 -0.3428 0.8885
vn -0.8828 -0.4122 0.2254
vn -0.5949 0.0148 0.8036
vn 0.2366 0.1730 -0.9561
vn 0.9692 0.1575 0.1895
vn -0.7507 0.1383 0.6461
vn -0.8045 -0.0388 0.5927
vn 0.4755 0.1008 -0.8739
vn 0.9983 -0.0557 -0.0159
vn -0.6060 0.1508 0.7811
vn -0.2249 -0.2378 0.9449
vn 0.3075 0.1118 -0.9450
vn 0.9926 0.0035 0.1216
vn 0.8832 -0.1301 0.4506
vn 0.6236 -0.0312 0.7811
vn 0.2140 -0.1664 0.9625
vn -0.3754 -0.0165 0.9267
vn -0.7157 0.0832 0.6934
vn -0.7573 0.0909 0.6467
vn -0.8816 -0.1715 0.4396
vn 0.0282 -0.0176 -0.9994
vn 0.8365 0.2622 0.4811
vn 0.6011 0.2509 0.7587
vn 0.2487 0.0943 0.9640
vn -0.4019 -0.3249 0.8561
vn -0.9094 -0.1490 0.3884
vn -0.9453 -0.3224 -0.0496
vn 0.5033 -0.0541 -0.8624
vn -0.9291 0.1631 0.3321
vn -0.9901 0.0487 -0.1317
vn -0.8525 -0.3865 -0.3520
vn 0.0902 -0.0719 -0.9933
vn 0.3106 0.0922 -0.9461
vn 0.3097 0.0927 -0.9463
vn 0.3102 0.0924 -0.9462
vn -0.7443 -0.1647 -0.6472
vn -0.4682 -0.3697 -0.8026
vn -0.1294 -0.2222 -0.9664
vn -0.1291 -0.2230 -0.9662
vn -0.1293 -0.2224 -0.9663
vn 0.1980 -0.0887 -0.9762
vn -0.4959 -0.2754 -0.8236
vn -0.1295 -0.2220 -0.9664
vn 0.1546 0.0146 -0.9879
vn 0.5197 0.8526 0.0540
vn -0.0533 -0.7738 -0.6311
vn 0.3059 0.0949 -0.9473
vn -0.9109 0.1693 0.3762
vn 0.9482 0.1897 0.2549
vn -0.8649 0.3636 0.3461
vn -0.9452 -0.3171 -0.0780
vn -0.2717 0.9151 0.2981
vn 0.8487 0.4189 0.3229
vn 0.9646 -0.1074 -0.2409
vn -0.9735 -0.0292 0.2269
vn -0.8304 -0.1137 0.5454
vn 0.5006 -0.1121 -0.8584
vn 0.9560 -0.0147 0.2932
vn 0.9819 0.0404 0.1850
vn -0.4520 0.3864 0.8040
vn 0.1864 -0.5458 -0.8169
vn -0.3606 0.2734 0.8917
vn 0.0310 -0.0198 0.9993
vn 0.3264 0.7206 -0.6117
vn 0.2500 -0.5223 0.8153
vn -0.7367 0.2841 -0.6137
vn 0.8729 -0.1151 -0.4741
vn 0.8961 0.3739 0.2390
vn -0.6163 0.5866 0.5254
vn -0.6283 0.3402 0.6996
vn -0.7404 -0.0856 0.6667
vn 0.8721 0.1213 -0.4740
vn 0.8762 0.1241 -0.4657
vn 0.8759 0.1239 -0.4662
vn 0.8708 0.1203 -0.4767
vn -0.6401 0.1949 0.7432
vn -0.6971 0.2116 -0.6850
vn -0.7466 0.2547 -0.6146
vn -0.9716 -0.0675 0.2267
vn 0.0657 -0.0546 -0.9963
vn -0.1081 -0.0384 -0.9934
vn 0.2341 0.1184 0.9650
vn -0.0307 0.0420 0.9986
vn 0.8805 -0.0054 -0.4740
vn 0.6790 -0.0442 -0.7328
vn -0.5282 -0.0271 0.8487
vn -0.8878 -0.0297 0.4593
vn -0.7621 0.0326 0.6466
vn 0.2167 -0.2545 -0.9425
vn -0.8814 -0.4700 0.0471
vn 0.6681 0.0863 -0.7391
vn 0.6690 0.0859 -0.7383
vn 0.6662 0.0870 -0.7407
vn -0.5139 -0.0365 -0.8571
vn -0.9588 0.0296 -0.2826
vn -0.9639 0.0292 -0.2647
vn -0.2479 -0.3663 -0.8969
vn 0.7555 -0.2902 -0.5874
vn 0.9885 -0.0344 -0.1475
vn -0.4170 0.0310 0.9084
vn -0.0525 -0.0019 0.9986
vn -0.0579 -0.0034 0.9983
vn -0.0603 -0.0040 0.9982
vn -0.5666 -0.0237 0.8237
vn -0.0391 0.4170 -0.9081
vn 0.0879 0.0498 -0.9949
vn 0.0292 -0.1005 0.9945
vn 0.0547 0.3707 0.9271
vn 0.5108 -0.1035 0.8534
vn 0.8433 0.0879 -0.5302
vn -0.0630 -0.4420 -0.8948
vn -0.9719 0.1057 0.2104
vn 0.6249 0.1170 0.7719
vn 0.9436 0.0823 -0.3207
vn 0.8479 0.3823 0.3674
vn 0.1431 0.5312 0.8351
vn -0.2398 -0.0351 0.9702
vn -0.2434 -0.0367 0.9692
vn -0.2449 -0.0374 0.9688
vn -0.9095 0.0762 -0.4087
vn 0.7893 -0.0731 0.6097
vn 0.9820 -0.1870 -0.0281
vn 0.9894 0.0106 -0.1450
vn 0.9765 0.0623 0.2064
vn -0.9699 0.1935 -0.1481
vn -0.5238 0.0133 -0.8518
vn 0.0625 -0.7878 -0.6127
vn -0.9786 -0.0343 -0.2031
vn 0.5640 -0.0564 0.8238
vn 0.4538 0.0944 0.8861
vn -0.8931 -0.0392 -0.4482
vn -0.1198 -0.1900 -0.9745
vn -0.6490 -0.5456 0.5302
vn 0.8909 0.3586 -0.2788
vn -0.5841 -0.4857 0.6504
vn 0.7570 -0.3165 0.5716
vn 0.9715 -0.1137 -0.2082
vn -0.4150 0.0994 -0.9044
vn 0.9724 -0.0480 -0.2285
vn -0.6543 -0.4482 -0.6091
vn -0.3013 -0.0538 0.9520
vn -0.8276 0.0929 0.5536
vn -0.9092 -0.1170 -0.3995
vn -0.9065 -0.1220 -0.4041
vn -0.9086 -0.1182 -0.4006
vn -0.9059 -0.1232 -0.4052
vn 0.1053 -0.0604 -0.9926
vn -0.6117 0.0840 -0.7866
vn -0.0931 0.0832 0.9922
vn 0.6940 -0.0529 0.7180
vn -0.1878 0.5759 0.7957
vn 0.2379 -0.4298 -0.8710
vn 0.5726 0.4157 0.7066
vn -0.8789 -0.4769 -0.0111
vn -0.0637 0.3399 0.9383
vn 0.9140 0.2231 0.3388
vn -0.2847 -0.6228 0.7288
vn -0.2290 0.5392 -0.8104
vn 0.9427 0.0274 0.3324
vn 0.9834 -0.1793 -0.0268
vn -0.0128 0.7250 -0.6887
vn 0.9634 -0.1350 0.2318
vn -0.2423 -0.0682 -0.9678
vn 0.0852 -0.0241 -0.9961
vn -0.5378 0.8388 -0.0849
vn -0.8057 0.2728 0.5258
vn -0.4810 -0.1001 0.8710
vn 0.5826 0.0387 -0.8119
vn -0.8849 -0.4619 0.0604
vn 0.5903 0.2024 -0.7814
vn 0.0396 -0.0510 -0.9979
vn 0.0395 -0.0511 -0.9979
vn 0.0394 -0.0511 -0.9979
vn 0.0399 -0.0508 -0.9979
vn 0.5372 0.1647 -0.8272
vn 0.8517 -0.0883 -0.5165
vn 0.9815 -0.1050 0.1602
vn -0.2381 -0.0343 0.9706
vn -0.2041 0.4118 0.8881
vn -0.4349 -0.3546 0.8277
vn 0.9141 0.3090 -0.2628
vn 0.9926 0.0452 0.1124
vn -0.8844 0.0364 0.4653
vn 0.0579 -0.0417 0.9975
vn 0.1906 0.0167 -0.9815
vn 0.2702 -0.0671 -0.9605
vn -0.7250 -0.6549 -0.2130
vn -0.7221 -0.6567 -0.2176
vn -0.7206 -0.6575 -0.2199
vn -0.3117 -0.4532 -0.8351
vn 0.7300 0.6804 0.0651
vn 0.8529 0.5049 -0.1330
vn 0.2300 0.3212 0.9187
vn -0.0145 -0.0614 -0.9980
vn -0.2589 0.5410 -0.8002
vn 0.1335 0.1884 0.9730
vn -0.9445 0.1703 -0.2809
vn 0.5830 0.0309 -0.8119
vn 0.5520 -0.1599 -0.8183
vn 0.9675 -0.0053 0.2527
vn 0.7462 0.4796 0.4616
vn 0.7572 0.5511 0.3506
vn 0.7716 0.1123 0.6262
vn 0.8171 -0.0801 0.5709
vn -0.4242 -0.1524 0.8926
vn 0.3746 0.0343 0.9266
vn -0.9123 0.2279 0.3403
vn -0.9863 -0.0113 -0.1643
vn -0.9550 -0.1971 -0.2216
vn -0.9007 0.0007 -0.4344
vn -0.5880 -0.2691 -0.7628
vn -0.8430 -0.4164 -0.3404
vn -0.8514 0.0607 0.5211
vn -0.9409 0.0513 0.3348
vn -0.9411 0.0516 0.3340
vn -0.9410 0.0515 0.3344
vn -0.4630 -0.0534 0.8848
vn -0.5698 -0.8011 0.1833
vn -0.7984 0.1610 -0.5802
vn 0.3152 -0.0887 0.9449
vn 0.9924 -0.0908 0.0833
vn 0.3201 -0.3463 -0.8818
vn -0.8808 0.0775 0.4671
vn -0.1766 -0.0005 0.9843
vn -0.1733 0.0012 0.9849
vn -0.1716 0.0020 0.9852
vn 0.4983 -0.1024 0.8609
vn 0.3092 -0.0566 0.9493
vn -0.4044 0.3939 0.8254
vn 0.2266 0.5479 0.8053
vn 0.4177 -0.4431 -0.7932
vn 0.9646 -0.0894 -0.2483
vn 0.8037 0.4316 0.4097
vn 0.2680 0.7480 0.6072
vn -0.9710 0.2390 -0.0085
vn -0.7777 -0.0780 -0.6238
vn 0.7927 -0.0985 0.6017
vn 0.7306 -0.1006 0.6754
vn 0.6847 -0.0652 -0.7259
vn -0.6019 0.1009 -0.7922
vn 0.8748 0.1586 0.4578
vn 0.8750 0.1584 0.4575
vn 0.8762 0.1569 0.4556
vn 0.8771 -0.2727 -0.3953
vn -0.0935 -0.2342 -0.9677
vn -0.4963 -0.3313 0.8025
vn -0.5641 -0.4366 -0.7008
vn -0.5667 -0.2370 0.7891
vn -0.2655 0.0109 0.9641
vn 0.9745 -0.0264 0.2230
vn 0.6135 0.0160 0.7896
vn 0.6180 -0.0802 0.7821
vn 0.5520 -0.5617 0.6163
vn 0.9780 0.1292 -0.1640
vn 0.4242 0.5997 0.6786
vn 0.4330 0.5126 0.7414
vn -0.7343 0.3552 -0.5784
vn -0.9746 0.0337 -0.2214
vn 0.1753 -0.0496 -0.9833
vn 0.9378 -0.0120 -0.3469
vn -0.0314 0.7254 -0.6876
vn 0.8097 -0.1643 0.5634
vn -0.9819 -0.1888 -0.0173
vn -0.0770 -0.7055 0.7045
vn 0.2843 -0.7224 0.6303
vn -0.9997 0.0087 0.0212
vn -0.5328 0.2189 0.8175
vn -0.9842 -0.0372 0.1732
vn -0.5428 0.2348 0.8063
vn -0.8936 -0.2418 0.3781
vn -0.9697 0.0627 -0.2362
vn -0.9922 -0.0977 -0.0778
vn -0.9981 0.0299 -0.0545
vn -0.7969 -0.5932 0.1142
vn 0.7542 0.5568 0.3480
vn -0.6134 -0.0253 -0.7893
vn -0.6711 -0.4297 -0.6041
vn -0.4172 -0.4800 -0.7717
vn 0.3995 -0.1125 -0.9098
vn 0.6040 0.7904 0.1022
vn -0.4585 -0.6329 0.6239
vn -0.4909 -0.6448 0.5859
vn -0.7265 -0.6540 -0.2106
vn 0.5457 0.6450 0.5350
vn 0.8102 0.4662 -0.3554
vn 0.0398 -0.5508 0.8337
vn 0.9355 0.2695 -0.2284
vn 0.2433 -0.0861 -0.9661
vn -0.8883 -0.4051 0.2164
vn -0.0881 0.8474 -0.5236
vn -0.8889 -0.3881 -0.2434
vn 0.7600 -0.6380 0.1243
vn 0.9643 0.0396 -0.2620
vn 0.9839 0.1766 -0.0268
vn 0.5538 -0.5283 0.6436
vn 0.3132 0.0094 -0.9496
vn -0.3084 0.0676 -0.9489
vn -0.9528 -0.1062 0.2846
vn -0.9756 -0.1019 0.1943
vn -0.8767 -0.3138 0.3646
vn -0.9846 0.1358 0.1101
vn -0.6128 0.0895 -0.7851
vn -0.3644 -0.1530 -0.9186
vn -0.3592 0.0075 -0.9332
vn 0.6653 0.0874 -0.7415
vn -0.4635 0.0066 -0.8861
vn -0.8158 -0.1029 0.5691
vn -0.1783 -0.0013 0.9840
vn -0.0259 0.9223 -0.3856
vn -0.8709 0.1867 -0.4547
vn 0.9346 0.3366 -0.1150
vn 0.9731 0.2092 -0.0965
vn 0.5481 0.3357 -0.7661
vn -0.9642 0.1999 0.1744
vn -0.0500 -0.0013 0.9987
vn 0.8079 0.5057 -0.3026
vn 0.7842 0.6181 0.0543
vn -0.6575 0.0655 -0.7506
vn 0.8141 -0.1841 -0.5507
vn 0.9450 -0.1049 0.3097
vn 0.1940 -0.0229 0.9807
vn -0.6515 0.0731 -0.7551
vn -0.9450 0.1049 -0.3097
vn 0.9851 -0.1203 0.1226
vn 0.9842 0.1505 -0.0938
vn 0.9971 -0.0674 -0.0359
vn 0.9363 -0.1798 -0.3016
vn 0.9557 0.2897 0.0525
vn -0.2498 0.5657 -0.7859
vn -0.0917 -0.8709 0.4828
vn 0.7618 0.6410 0.0932
vn -0.4258 -0.3007 -0.8534
vn -0.6825 -0.5739 -0.4525
vn 0.6825 0.5739 0.4525
vn 0.9761 -0.1262 0.1769
vn 0.9313 -0.1287 0.3407
vn -0.9313 0.1287 -0.3407
vn -0.9761 0.1262 -0.1769
vn -0.9146 0.0220 -0.4037
vn -0.7083 0.6669 -0.2315
vn 0.2307 -0.5180 -0.8237
vn -0.3317 -0.3481 -0.8768
vn -0.9484 0.0885 0.3046
vn -0.9971 0.0017 0.0756
vn 0.3032 -0.2773 0.9117
vn -0.5291 0.3262 -0.7833
vn 0.9720 0.0795 0.2209
vn 0.8543 0.4032 -0.3280
vn 0.9279 0.2934 -0.2302
vn 0.1253 0.4382 0.8901
vn -0.5105 -0.0426 0.8588
vn -0.0029 -0.6744 -0.7384
vn -0.1576 -0.0059 0.9875
vn 0.2494 -0.0053 0.9684
vn -0.2144 0.1162 -0.9698
vn -0.8406 -0.5346 -0.0871
vn 0.8406 0.5346 0.0871
vn 0.2144 -0.1162 0.9698
vn 0.1910 -0.5895 0.7849
vn -0.8942 -0.3384 0.2932
vn 0.7949 0.0079 -0.6067
vn 0.9711 -0.2387 -0.0007
vn 0.8783 -0.4585 0.1356
vn 0.5648 0.0517 0.8236
vn 0.3135 0.4632 0.8289
vn 0.1280 -0.0309 -0.9913
vn 0.8361 0.0413 -0.5470
vn -0.5689 -0.6525 -0.5006
vn 0.6895 0.4431 0.5730
vn 0.8767 0.1564 0.4549
vn 0.2285 -0.1235 -0.9657
vn 0.8522 -0.1936 -0.4860
vn 0.2215 0.0957 0.9705
vn -0.7556 0.1205 0.6439
vn -0.6214 0.7740 -0.1215
vn -0.9420 0.0528 0.3314
vn -0.7352 0.1751 0.6548
vn 0.7193 -0.1092 0.6860
vn 0.7192 -0.1096 0.6861
vn 0.7192 -0.1098 0.6861
vn 0.7195 -0.1085 0.6860
vn -0.1329 0.5179 0.8451
vn 0.8631 0.2130 0.4580
vn -0.3749 0.0901 -0.9227
vn -0.5387 0.0562 -0.8406
vn 0.1560 -0.5261 -0.8360
vn -0.6978 -0.7097 -0.0971
vn -0.7917 -0.5930 0.1469
vn 0.7181 0.0449 0.6945
vn 0.9279 0.3161 -0.1977
vn 0.2122 -0.1864 0.9593
vn -0.1879 0.4725 -0.8611
vn -0.1331 -0.3430 0.9299
vn -0.9906 0.0931 0.1002
vn -0.5862 0.8034 -0.1045
vn 0.4496 -0.4301 0.7829
vn -0.3574 -0.6751 0.6454
vn -0.0019 0.9446 0.3281
vn -0.4492 0.6867 -0.5715
vn -0.4041 0.9141 0.0351
vn -0.4819 0.8397 0.2502
vn -0.0937 0.9015 -0.4225
vn 0.0339 0.9969 -0.0706
vn -0.4208 0.6389 0.6440
vn 0.2020 0.6242 0.7547
vn -0.6541 0.4549 0.6043
vn -0.8630 0.5047 0.0253
vn -0.8633 0.5041 0.0249
vn -0.8632 0.5043 0.0251
vn -0.4715 0.8594 -0.1978
vn 0.0081 0.2665 0.9638
vn -0.5439 0.7412 -0.3934
vn -0.3406 0.8793 0.3330
vn -0.4543 0.4171 0.7872
vn 0.1939 0.6364 0.7466
vn -0.3061 -0.0755 0.9490
vn -0.0970 0.9953 -0.0025
vn 0.1385 0.8227 0.5513
vn -0.6036 0.7456 0.2823
vn 0.2134 0.9059 0.3657
vn 0.0992 0.9891 0.1084
vn 0.0735 0.2491 0.9657
vn -0.4286 0.7107 0.5578
vn -0.3464 -0.1497 0.9261
vn -0.6980 0.5205 -0.4918
vn -0.5721 0.8061 -0.1514
vn -0.5753 0.8031 -0.1550
vn -0.5751 0.8033 -0.1547
vn -0.4909 0.7051 0.5118
vn 0.1612 0.8906 -0.4252
vn -0.9084 0.4176 -0.0202
vn -0.6826 0.7195 0.1281
vn -0.6826 0.7194 0.1285
vn -0.2058 0.9728 -0.1060
vn -0.0749 0.9760 0.2046
vn 0.2460 0.9686 -0.0367
vn -0.6859 0.5839 0.4343
vn 0.1878 0.9363 -0.2968
vn -0.3746 0.9087 0.1844
vn -0.4271 0.9041 -0.0132
vn -0.5778 0.8160 0.0129
vn -0.9393 0.1967 -0.2810
vn -0.1153 0.2582 0.9592
vn -0.5097 0.4688 0.7214
vn -0.0090 0.7893 0.6140
vn 0.7939 0.1503 0.5891
vn -0.1339 0.9797 0.1495
vn 0.1654 0.8088 0.5643
vn -0.5911 0.8024 0.0826
vn 0.1077 0.9653 -0.2380
vn 0.1905 0.6834 0.7048
vn -0.5498 0.8351 0.0161
vn -0.8979 0.1127 0.4256
vn 0.2398 0.2826 0.9288
vn 0.0990 0.8984 0.4279
vn -0.3936 0.7834 0.4811
vn -0.7034 0.3753 -0.6037
vn 0.4848 0.7954 0.3638
vn 0.4624 0.8249 -0.3253
vn -0.4047 0.9081 0.1072
vn -0.7598 0.5107 -0.4024
vn -0.0939 0.4198 0.9028
vn 0.5201 0.5539 0.6501
vn -0.3060 0.3521 0.8845
vn 0.0314 0.4470 0.8940
vn -0.2260 0.7781 0.5860
vn -0.0340 0.8414 -0.5393
vn -0.9368 -0.2039 0.2844
vn -0.2240 0.4112 -0.8836
vn -0.9797 0.1998 -0.0180
vn 0.2877 0.9501 0.1209
vn -0.8386 0.3754 -0.3947
vn -0.6255 0.7316 0.2713
vn -0.3659 0.9306 0.0088
vn 0.4711 0.8798 -0.0630
vn -0.1259 0.8592 0.4958
vn 0.3495 0.5283 0.7738
vn -0.8609 0.3151 0.3995
vn -0.3099 0.9275 -0.2092
vn -0.2034 0.9432 -0.2626
vn -0.1965 0.9454 -0.2600
vn -0.2040 0.9430 -0.2629
vn -0.4053 0.8174 -0.4094
vn -0.2731 0.9550 0.1156
vn 0.2777 0.2535 -0.9266
vn 0.0537 0.9648 0.2575
vn 0.4123 0.9073 -0.0832
vn 0.5810 0.6201 0.5271
vn -0.3047 0.6222 0.7211
vn -0.5195 0.4699 0.7137
vn -0.4480 0.5126 0.7325
vn -0.4840 0.7323 -0.4791
vn 0.2265 0.7144 -0.6621
vn -0.2262 0.9637 -0.1418
vn -0.3652 0.6433 -0.6729
vn -0.7773 0.3280 0.5368
vn -0.1425 0.9746 0.1725
vn -0.6334 0.6336 0.4443
vn 0.2620 0.9605 -0.0937
vn -0.0751 0.5009 0.8622
vn -0.8052 0.5931 -0.0013
vn -0.9572 0.2431 0.1570
vn -0.3145 0.7764 -0.5462
vn -0.1663 0.4318 0.8865
vn -0.2878 0.7398 0.6082
vn -0.8200 0.5723 -0.0093
vn -0.4878 0.5021 -0.7141
vn 0.0569 0.6169 0.7849
vn -0.3749 0.2299 0.8981
vn -0.5632 0.7538 0.3384
vn -0.0296 0.3230 0.9459
vn 0.3487 0.6821 0.6427
vn 0.3457 0.6836 0.6428
vn 0.3485 0.6822 0.6427
vn 0.0444 0.8402 0.5405
vn -0.1731 0.9596 0.2218
vn -0.8952 0.3834 0.2273
vn -0.1114 0.9927 0.0452
vn -0.3674 -0.0135 0.9300
vn -0.8486 0.1995 0.4900
vn 0.0135 0.9701 -0.2422
vn -0.6568 0.6032 -0.4526
vn 0.5151 0.8553 0.0566
vn -0.1748 0.9621 -0.2095
vn -0.3599 0.9317 0.0494
vn -0.2695 0.9595 -0.0818
vn -0.3938 0.6053 0.6918
vn 0.6173 0.7626 0.1935
vn 0.6130 0.7672 0.1889
vn 0.6118 0.7685 0.1877
vn -0.6372 0.3962 0.6611
vn -0.3560 0.7924 0.4954
vn -0.0591 0.7737 -0.6307
vn -0.7493 0.6408 -0.1672
vn -0.6042 0.7409 -0.2932
vn -0.3332 0.9417 0.0465
vn -0.2857 0.9536 0.0950
vn -0.3685 0.4415 0.8181
vn 0.4809 0.5102 0.7131
vn 0.1579 0.5594 0.8137
vn 0.2857 0.5385 0.7927
vn -0.0985 0.9820 -0.1613
vn 0.0307 0.9649 0.2608
vn -0.6391 0.7155 0.2821
vn 0.0834 0.9676 -0.2383
vn -0.2156 0.4935 0.8426
vn -0.5064 0.8352 -0.2145
vn -0.2723 0.6900 0.6706
vn -0.5996 0.1957 0.7760
vn 0.3558 0.9328 -0.0566
vn -0.6299 0.7586 0.1668
vn -0.3895 -0.0952 0.9161
vn -0.6271 0.7416 0.2382
vn -0.1536 0.7688 -0.6207
vn 0.0568 0.9908 0.1231
vn 0.0350 0.4725 0.8806
vn 0.1834 0.8090 0.5585
vn 0.6671 0.6190 -0.4146
vn -0.0042 0.9018 0.4322
vn 0.5798 0.8067 0.1143
vn -0.3672 0.7065 0.6050
vn -0.7574 0.1442 0.6368
vn -0.3946 0.6491 0.6503
vn 0.2680 0.9631 0.0256
vn -0.4524 0.8021 0.3898
vn -0.7959 0.3478 -0.4956
vn -0.1274 0.9507 -0.2828
vn -0.3563 0.8815 -0.3097
vn -0.3615 0.9279 -0.0907
vn -0.4093 0.7497 -0.5201
vn 0.1783 0.8549 0.4871
vn 0.5636 0.6346 0.5288
vn 0.2427 0.9110 0.3334
vn -0.6268 0.7680 0.1319
vn -0.0190 0.6981 -0.7157
vn 0.6731 0.7336 -0.0936
vn 0.4357 0.7775 0.4535
vn -0.5992 0.7673 -0.2283
vn 0.0135 0.8326 -0.5537
vn -0.3653 0.5759 -0.7314
vn 0.1197 0.9713 0.2054
vn -0.2057 0.9545 -0.2159
vn -0.3781 0.7339 -0.5642
vn -0.5381 0.8406 -0.0624
vn -0.4057 0.8585 0.3137
vn -0.0956 0.8420 0.5309
vn -0.4468 0.2869 0.8474
vn -0.0934 0.6758 0.7311
vn -0.5504 0.7605 -0.3445
vn -0.6897 0.6965 -0.1979
vn 0.3083 0.5261 -0.7926
vn -0.3926 0.8301 0.3960
vn -0.4982 0.8116 0.3050
vn -0.7269 0.4921 -0.4790
vn -0.7343 0.6764 -0.0575
vn -0.0438 0.6247 -0.7797
vn 0.0590 0.9924 -0.1076
vn -0.9676 0.1313 0.2155
vn -0.9894 0.0292 -0.1420
vn -0.6417 0.7566 0.1252
vn -0.1765 0.9592 -0.2210
vn -0.2409 0.9288 -0.2816
vn -0.7367 0.6026 -0.3068
vn -0.5411 0.8177 -0.1963
vn -0.0497 0.7646 0.6426
vn -0.4696 0.7336 0.4913
vn -0.1038 0.9219 0.3732
vn -0.1108 0.9211 0.3731
vn -0.1009 0.9222 0.3733
vn -0.7377 0.5352 -0.4115
vn -0.1697 0.9775 -0.1252
vn 0.1315 0.7241 -0.6770
vn 0.8594 0.5113 0.0002
vn -0.3876 0.9206 0.0479
vn -0.4542 0.7715 -0.4454
vn -0.5124 0.8588 0.0018
vn 0.3386 0.7284 0.5957
vn 0.2903 0.2610 0.9207
vn -0.7221 0.4887 0.4897
vn -0.0869 0.7773 0.6231
vn 0.0725 0.8919 -0.4464
vn 0.0353 0.9445 0.3266
vn 0.0326 0.7812 0.6235
vn -0.8591 0.3947 0.3259
vn -0.7064 0.6967 0.1250
vn 0.4932 0.6925 0.5264
vn 0.5592 0.8264 0.0657
vn -0.6202 0.7076 -0.3386
vn 0.0387 0.9555 -0.2924
vn -0.9150 0.3964 -0.0757
vn -0.7793 0.4474 -0.4388
vn 0.1377 0.4890 0.8614
vn 0.1811 0.5386 0.8229
vn -0.2348 0.8941 0.3813
vn -0.0221 0.2804 0.9596
vn -0.1252 0.6359 0.7616
vn -0.2975 0.9546 -0.0160
vn -0.2971 0.9547 -0.0155
vn -0.2969 0.9548 -0.0153
vn 0.3765 0.7766 -0.5052
vn -0.7361 0.4174 0.5329
vn -0.7362 0.4175 0.5327
vn -0.7361 0.4174 0.5328
vn -0.9599 0.2728 -0.0649
vn -0.8093 0.5350 -0.2426
vn 0.4991 0.7121 0.4937
vn -0.5920 0.7829 -0.1915
vn -0.8870 0.4579 0.0599
vn 0.3279 0.5072 0.7970
vn 0.1368 0.8930 0.4289
vn -0.8194 0.5699 0.0622
vn -0.1655 0.4706 0.8667
vn -0.1658 0.4711 0.8663
vn -0.1697 0.4770 0.8624
vn 0.1097 0.8033 0.5853
vn -0.0369 0.9401 -0.3389
vn -0.3888 0.3182 0.8646
vn 0.1190 0.8801 0.4596
vn 0.1551 0.9850 0.0751
vn -0.1199 0.9496 0.2895
vn 0.1706 0.9700 0.1730
vn 0.0371 -0.0785 0.9962
vn 0.2507 0.4010 0.8811
vn 0.1339 0.9240 0.3581
vn 0.2001 0.6334 0.7475
vn 0.7291 0.6578 0.1891
vn 0.0428 0.9408 0.3362
vn 0.0601 0.9938 -0.0936
vn -0.0417 0.9923 -0.1170
vn -0.4993 0.6976 0.5139
vn -0.4139 0.0499 0.9090
vn 0.2351 0.8647 0.4439
vn 0.6245 0.7728 0.1134
vn 0.3929 0.7786 -0.4893
vn -0.0020 0.6293 0.7771
vn -0.0195 0.9559 -0.2931
vn -0.8852 0.1463 -0.4416
vn 0.5850 0.5916 0.5547
vn 0.3427 0.4708 0.8130
vn -0.9810 0.1789 -0.0748
vn 0.0661 0.9976 0.0202
vn 0.2944 0.9476 -0.1242
vn -0.8534 0.3174 -0.4134
vn 0.3734 0.1265 0.9190
vn -0.6143 0.7014 0.3614
vn 0.4108 0.8157 0.4073
vn -0.6422 0.1953 0.7412
vn 0.2762 0.6152 0.7384
vn 0.2345 0.7671 0.5971
vn -0.5470 0.3419 0.7641
vn 0.0100 0.9897 -0.1425
vn -0.4365 0.7970 -0.4173
vn -0.7354 -0.1210 0.6667
vn 0.1177 0.7457 0.6558
vn -0.6590 0.7323 0.1717
vn -0.0555 0.6562 -0.7525
vn 0.1339 0.9706 -0.2000
vn 0.3515 0.9327 0.0809
vn 0.4781 0.8711 0.1125
vn -0.7307 0.6045 0.3173
vn -0.1135 0.9900 -0.0832
vn 0.1201 0.7654 0.6323
vn 0.4110 0.3377 0.8468
vn -0.8808 0.3893 -0.2696
vn -0.6789 0.7343 -0.0003
vn 0.3597 0.6145 0.7021
vn -0.0871 0.9948 0.0520
vn -0.6467 0.7071 -0.2861
vn -0.6349 0.3326 0.6974
vn 0.4890 0.8601 -0.1455
vn -0.4084 0.8123 0.4165
vn -0.2245 0.9716 -0.0746
vn -0.8844 0.4353 -0.1682
vn -0.8602 0.5038 0.0789
vn -0.8595 0.5047 0.0806
vn -0.8601 0.5040 0.0792
vn -0.4703 0.8558 -0.2155
vn 0.2851 0.9419 -0.1776
vn 0.3488 0.9090 0.2283
vn -0.0255 0.9926 0.1186
vn -0.2610 0.9643 0.0457
vn -0.7295 0.6373 0.2483
vn -0.7249 0.6427 0.2479
vn -0.7246 0.6431 0.2479
vn 0.2611 0.7007 0.6639
vn 0.2547 0.7028 0.6642
vn 0.2554 0.7026 0.6642
vn -0.2912 0.9454 0.1464
vn -0.0693 0.9925 -0.1009
vn -0.0977 0.9129 -0.3964
vn -0.5546 0.6820 0.4767
vn 0.6076 0.7942 0.0060
vn 0.3370 0.9333 0.1240
vn -0.9220 0.3292 0.2038
vn -0.6049 0.2249 0.7639
vn -0.2247 0.7638 0.6051
vn -0.1198 0.8787 0.4621
vn 0.0678 0.9199 0.3862
vn 0.3083 0.9493 0.0617
vn 0.3032 0.7697 0.5618
vn 0.1121 0.9894 0.0918
vn -0.5884 0.7738 -0.2346
vn -0.2880 0.9559 -0.0572
vn 0.7127 -0.6104 0.3457
vn -0.9229 0.3820 0.0481
vn 0.5606 0.7924 -0.2405
vn -0.6558 0.7549 -0.0114
vn -0.7608 0.2803 -0.5854
vn -0.3008 0.8954 -0.3283
vn -0.2933 0.7149 0.6347
vn -0.8314 0.5442 0.1126
vn -0.4669 0.5279 0.7094
vn -0.2424 0.9540 0.1767
vn -0.1850 0.7661 0.6156
vn -0.0844 0.9250 0.3704
vn 0.1185 0.9583 0.2600
vn -0.5947 0.6119 0.5215
vn -0.1683 0.9186 -0.3575
vn -0.3913 0.6152 0.6844
vn 0.2618 0.7047 0.6594
vn -0.3036 0.4495 0.8401
vn -0.2396 0.7831 0.5739
vn 0.1259 0.9844 0.1227
vn -0.3917 0.8835 0.2568
vn -0.2568 0.8953 0.3641
vn 0.6201 0.5737 0.5352
vn 0.6698 0.7304 0.1339
vn -0.0729 0.2098 0.9750
vn -0.5150 0.5680 -0.6420
vn 0.9352 0.2831 -0.2127
vn -0.1998 0.8828 0.4252
vn -0.0347 0.7810 -0.6236
vn 0.3177 0.7393 -0.5938
vn 0.3695 0.8501 0.3753
vn 0.2623 0.9548 -0.1401
vn 0.0448 0.8589 -0.5102
vn -0.4729 0.4786 0.7398
vn -0.0778 0.8081 -0.5839
vn 0.1448 0.9809 -0.1302
vn -0.1761 -0.0303 0.9839
vn -0.4784 0.8771 0.0434
vn -0.3461 0.9381 0.0108
vn -0.3598 0.9250 -0.1224
vn -0.2674 0.8747 -0.4042
vn 0.5080 0.8608 -0.0308
vn -0.3984 0.6339 0.6629
vn -0.0875 0.3486 0.9332
vn -0.2032 0.2665 0.9422
vn -0.5124 0.6446 -0.5674
vn -0.1282 0.9160 -0.3802
vn -0.5580 0.2996 -0.7739
vn -0.7201 0.2773 -0.6361
vn -0.3669 0.8035 0.4689
vn -0.1420 0.8180 -0.5574
vn -0.7427 0.6688 -0.0332
vn -0.8063 0.5821 0.1053
vn -0.7574 -0.4087 0.5091
vn -0.8143 0.4132 -0.4077
vn -0.2728 0.5163 -0.8118
vn -0.3439 0.7387 -0.5797
vn -0.6877 0.5838 0.4315
vn -0.0117 0.9490 0.3151
vn -0.1550 0.7803 0.6059
vn 0.4589 0.8391 -0.2921
vn -0.1293 0.4402 0.8886
vn 0.0677 0.6078 0.7912
vn -0.8544 0.4782 -0.2032
vn -0.4918 0.8657 0.0929
vn -0.5077 0.0617 0.8593
vn 0.0229 0.3856 0.9224
vn -0.5139 0.4482 0.7314
vn -0.7732 0.4063 0.4869
vn -0.7450 0.6382 0.1939
vn -0.0897 0.9960 -0.0046
vn -0.2211 0.8915 0.3954
vn -0.2096 0.9570 -0.2004
vn 0.2449 0.4997 0.8309
vn -0.1688 0.4853 0.8579
vn -0.1602 0.6857 -0.7100
vn -0.0149 0.9877 -0.1554
vn 0.6599 0.7200 0.2145
vn -0.1331 0.7809 -0.6103
vn 0.5727 0.8131 -0.1040
vn 0.0015 0.6926 -0.7213
vn 0.1307 0.1729 0.9762
vn -0.4597 0.1702 0.8716
vn -0.4605 0.1755 0.8701
vn -0.4597 0.1704 0.8716
vn 0.1490 0.8386 0.5240
vn 0.0154 0.9551 -0.2957
vn 0.1026 0.8753 0.4725
vn 0.5896 0.7247 0.3567
vn 0.1339 0.7029 0.6985
vn -0.3035 0.6192 0.7242
vn -0.8084 0.0874 0.5820
vn -0.8115 0.0782 0.5791
vn -0.8087 0.0868 0.5818
vn 0.6240 0.7800 0.0471
vn 0.3951 0.9163 -0.0654
vn -0.8253 0.5630 0.0424
vn 0.2232 0.9370 -0.2689
vn 0.0668 -0.0411 0.9969
vn 0.2649 -0.0159 0.9641
vn 0.0004 0.8850 0.4656
vn -0.2905 0.9354 0.2014
vn 0.3190 0.8793 -0.3537
vn -0.2759 0.8963 0.3472
vn -0.8678 0.2329 -0.4389
vn -0.9876 -0.0171 -0.1564
vn -0.1362 0.3588 0.9234
vn -0.3421 0.9163 0.2083
vn 0.4013 0.9159 -0.0093
vn -0.5652 0.8243 -0.0321
vn -0.6487 0.6630 0.3737
vn 0.2332 0.7873 0.5708
vn -0.1985 0.9079 0.3691
vn -0.5056 0.6192 0.6008
vn -0.3408 0.9266 0.1588
vn -0.6182 0.7131 -0.3306
vn 0.1345 0.9749 0.1774
vn -0.3920 0.8583 -0.3312
vn -0.6323 0.4599 0.6235
vn 0.0537 0.8279 0.5583
vn -0.0049 0.6922 0.7217
vn 0.2965 0.8659 0.4029
vn -0.6595 0.1114 0.7434
vn -0.6599 0.1115 0.7430
vn -0.6637 0.1126 0.7395
vn 0.3809 0.6205 0.6854
vn -0.0396 0.7311 0.6811
vn 0.0296 0.5940 0.8040
vn 0.0082 0.8891 0.4575
vn -0.3748 0.2688 0.8873
vn -0.9733 0.2239 0.0502
vn -0.0871 0.2160 0.9725
vn -0.4174 0.6185 0.6657
vn 0.1519 0.8064 0.5715
vn -0.4522 0.8688 -0.2017
vn -0.5538 0.7438 0.3741
vn -0.4141 0.7509 0.5145
vn -0.7366 0.6438 -0.2070
vn 0.8276 0.4628 0.3177
vn 0.3919 0.8387 0.3781
vn -0.8955 0.4379 0.0802
vn -0.4473 0.3497 0.8232
vn -0.1794 0.5812 0.7937
vn -0.1330 0.9845 -0.1142
vn 0.3374 0.9299 -0.1465
vn 0.7355 0.5620 0.3785
vn -0.5141 0.8463 -0.1393
vn -0.6627 0.6253 -0.4120
vn -0.2671 0.9465 -0.1812
vn -0.8703 -0.1677 0.4631
vn -0.3608 -0.1040 0.9268
vn -0.9157 0.3625 -0.1735
vn -0.1822 -0.0313 -0.9828
vn 0.2301 0.9412 0.2474
vn -0.4673 0.1209 0.8758
vn -0.0634 0.5180 0.8530
vn -0.0804 0.8305 -0.5512
vn -0.9656 -0.2188 -0.1407
vn -0.7825 -0.2217 0.5818
vn 0.0142 0.8852 0.4651
vn 0.1201 0.8253 0.5517
vn 0.4192 0.8173 0.3953
vn 0.5428 0.7131 0.4436
vn -0.0932 0.9466 0.3086
vn -0.6544 0.7318 -0.1902
vn -0.4934 0.7820 -0.3807
vn 0.3048 0.9028 0.3035
vn -0.2712 0.9590 0.0821
vn 0.2124 0.9760 0.0477
vn -0.1951 0.9704 0.1423
vn -0.6370 0.3841 0.6684
vn -0.8576 0.5142 -0.0097
vn -0.5959 0.7807 0.1882
vn -0.9377 0.3032 -0.1697
vn -0.8824 0.3590 0.3041
vn -0.6666 0.7147 0.2117
vn -0.8829 0.4419 -0.1588
vn -0.3636 0.9313 0.0198
vn -0.1151 0.9934 0.0003
vn -0.9489 -0.0640 0.3089
vn -0.7810 0.5799 -0.2317
vn -0.4028 0.9053 0.1348
vn -0.8197 0.2563 -0.5122
vn -0.0638 0.9328 -0.3548
vn 0.5409 0.8391 -0.0587
vn 0.0096 0.1789 0.9838
vn 0.4227 0.7910 -0.4423
vn -0.2500 0.4638 0.8499
vn -0.5497 0.8042 0.2261
vn -0.3253 0.4776 0.8161
vn -0.5427 0.6595 -0.5202
vn -0.5454 0.6556 -0.5222
vn -0.5420 0.6604 -0.5197
vn -0.1133 0.9209 0.3731
vn -0.0827 0.9949 0.0569
vn -0.8748 0.0769 0.4783
vn -0.5411 0.8310 -0.1289
vn -0.0680 0.9375 0.3412
vn -0.3585 0.3558 0.8630
vn 0.1053 0.9911 0.0812
vn -0.4162 0.9018 -0.1162
vn -0.2456 0.7172 0.6521
vn -0.2497 0.9005 0.3561
vn -0.7825 -0.1853 0.5944
vn -0.9688 0.2448 -0.0379
vn 0.5832 0.3201 0.7466
vn 0.0504 0.5556 -0.8299
vn -0.4495 0.1294 -0.8839
vn 0.2780 0.9264 -0.2539
vn -0.7701 0.5134 -0.3787
vn -0.1138 0.9925 -0.0455
vn -0.3211 0.6679 -0.6714
vn -0.7877 0.4865 0.3779
vn -0.5290 0.8033 0.2734
vn 0.3693 0.6744 -0.6394
vn 0.8924 0.2807 0.3533
vn -0.4150 0.8930 -0.1743
vn 0.0548 0.4618 0.8853
vn 0.3119 0.6416 0.7008
vn -0.2115 0.9636 0.1635
vn -0.5688 0.7361 0.3668
vn -0.4362 0.7508 -0.4960
vn -0.4979 0.6106 -0.6158
vn 0.1446 0.8350 -0.5309
vn -0.2314 0.3836 0.8940
vn -0.1310 0.4274 0.8945
vn 0.0886 0.3767 0.9221
vn 0.2093 0.3928 0.8955
vn -0.8955 0.4435 -0.0380
vn -0.7396 0.6235 0.2534
vn -0.3602 -0.1150 0.9258
vn 0.0696 0.9591 -0.2745
vn 0.3686 0.8705 -0.3260
vn 0.0207 0.9618 0.2728
vn -0.3956 0.7841 0.4782
vn -0.8788 -0.4525 -0.1519
vn 0.3748 0.9139 0.1559
vn -0.1332 0.8881 0.4400
vn -0.4511 0.7325 0.5099
vn 0.6007 0.7662 0.2282
vn 0.6066 0.3211 0.7273
vn -0.5466 0.6539 -0.5230
vn 0.2252 0.4044 0.8864
vn -0.3085 0.2957 0.9041
vn 0.0560 0.9432 0.3276
vn 0.2746 0.9613 0.0216
vn 0.6446 0.7645 -0.0050
vn -0.4412 0.8095 -0.3873
vn -0.5772 0.2335 0.7825
vn -0.8667 0.2805 -0.4125
vn 0.3507 0.7896 0.5035
vn -0.0655 0.7490 0.6593
vn -0.3088 0.8752 -0.3723
vn -0.6065 0.6881 0.3984
vn -0.9853 0.0176 0.1698
vn -0.6719 0.1245 0.7301
vn -0.6474 0.6022 -0.4672
vn -0.3747 0.8640 -0.3364
vn -0.3509 0.8746 0.3346
vn 0.1752 0.4758 0.8619
vn 0.0142 0.2441 0.9696
vn 0.3378 0.8930 -0.2973
vn -0.5328 0.6469 -0.5456
vn -0.0554 0.9874 -0.1482
vn 0.3161 0.9321 -0.1769
vn -0.7268 0.6520 -0.2160
vn -0.7283 0.4035 0.5539
vn 0.7193 0.6945 0.0172
vn -0.6426 0.7638 -0.0607
vn -0.0606 0.9667 -0.2488
vn 0.0550 0.9708 -0.2336
vn -0.3102 0.7334 -0.6049
vn -0.1741 0.0728 0.9820
vn -0.6453 0.6492 0.4026
vn -0.3753 0.6889 0.6201
vn -0.3773 0.6999 0.6064
vn -0.0840 0.7547 0.6507
vn -0.4491 -0.2363 0.8617
vn 0.5489 0.8291 0.1062
vn -0.7920 0.1269 -0.5972
vn -0.6758 0.5597 -0.4796
vn -0.4093 0.7867 -0.4622
vn 0.0635 0.9658 0.2515
vn 0.4264 0.7895 0.4414
vn -0.6612 0.4811 -0.5757
vn -0.8831 0.2562 -0.3930
vn -0.0960 0.7684 0.6327
vn -0.6162 0.6572 -0.4340
vn -0.9815 -0.1323 0.1384
vn -0.1209 0.5423 0.8315
vn -0.4572 0.8587 0.2315
vn -0.4661 0.8543 0.2301
vn -0.2798 0.9543 0.1046
vn 0.1802 0.3681 0.9122
vn -0.0868 0.6537 0.7517
vn -0.9696 -0.1043 -0.2215
vn -0.3769 0.9244 0.0582
vn 0.0511 0.9975 0.0494
vn -0.2567 0.8498 -0.4604
vn -0.7255 0.6013 -0.3348
vn -0.4868 -0.1949 0.8515
vn -0.4858 -0.3170 0.8145
vn 0.0061 -0.0089 0.9999
vn -0.1948 0.0824 0.9774
vn -0.5967 0.2938 0.7468
vn -0.5968 0.2941 0.7465
vn -0.5943 0.2882 0.7509
vn -0.8850 0.2017 0.4195
vn -0.9730 0.0266 0.2294
vn -0.9233 0.2774 -0.2657
vn -0.9205 0.2738 -0.2787
vn -0.2401 0.9694 0.0505
vn 0.5305 0.7014 0.4760
vn -0.4340 0.6424 -0.6316
vn -0.2016 0.9214 -0.3323
vn -0.3252 0.9347 -0.1434
vn -0.6628 0.6450 0.3802
vn -0.8847 0.4453 0.1375
vn -0.4982 0.3784 0.7801
vn 0.0242 0.2216 0.9748
vn 0.6180 0.7618 0.1942
vn 0.0374 0.8159 0.5769
vn -0.1229 0.9370 0.3270
vn 0.2825 0.9588 0.0315
vn 0.4097 0.9049 -0.1149
vn -0.5433 0.8366 0.0703
vn -0.6190 0.6916 0.3722
vn -0.4185 0.8836 -0.2099
vn -0.0921 0.9845 -0.1496
vn -0.7502 0.6523 -0.1078
vn -0.7527 0.6492 -0.1094
vn -0.7498 0.6529 -0.1075
vn -0.2158 0.7487 -0.6268
vn -0.3625 0.7907 -0.4933
vn -0.0081 0.9806 -0.1957
vn -0.3076 0.9249 -0.2234
vn 0.1372 0.9814 0.1342
vn -0.5025 0.3778 -0.7776
vn -0.3636 0.8597 0.3587
vn 0.8992 0.4355 -0.0414
vn 0.1183 0.7531 0.6472
vn 0.4747 0.4718 0.7430
vn -0.2700 0.9625 -0.0252
vn -0.3677 0.9199 -0.1364
vn -0.6206 0.7839 -0.0167
vn -0.2555 0.5117 0.8203
vn 0.1364 0.8728 0.4685
vn -0.1014 0.9757 0.1943
vn 0.2163 0.9363 0.2765
vn 0.5408 0.5471 0.6389
vn 0.7074 0.7045 -0.0576
vn -0.0710 0.9973 0.0202
vn -0.3601 0.9091 0.2093
vn -0.1252 0.9854 0.1154
vn -0.1222 0.9857 0.1161
vn -0.1283 0.9851 0.1147
vn -0.5994 0.5163 0.6118
vn -0.1489 0.9553 0.2556
vn -0.0480 0.7475 0.6625
vn -0.4264 0.8442 0.3248
vn -0.4630 0.3775 0.8020
vn -0.6220 0.7549 -0.2081
vn 0.4387 0.3489 0.8282
vn -0.1610 0.8998 -0.4056
vn -0.0429 0.9711 0.2348
vn -0.4858 0.8733 -0.0358
vn 0.3784 0.5367 0.7541
vn -0.0571 0.7044 0.7075
vn -0.8594 0.5049 0.0810
vn 0.9139 0.1745 -0.3666
vn -0.3127 0.9175 -0.2459
vn -0.8687 0.4067 0.2828
vn -0.8690 0.4068 0.2817
vn -0.8677 0.4060 0.2870
vn -0.0707 0.9492 0.3067
vn -0.1020 0.9424 0.3184
vn -0.4514 0.5674 0.6887
vn -0.0606 0.9915 -0.1153
vn 0.1283 0.7529 0.6455
vn 0.1809 0.9799 0.0847
vn 0.2245 0.9699 -0.0939
vn -0.3532 0.8311 0.4296
vn -0.6727 0.7167 0.1836
vn -0.7247 0.2987 0.6209
vn -0.4464 0.7229 0.5274
vn -0.6183 0.6001 0.5076
vn -0.2385 0.8467 -0.4756
vn 0.2402 0.8854 0.3979
vn 0.2079 0.9234 0.3226
vn -0.7759 0.6022 -0.1878
vn -0.9792 0.2020 -0.0208
vn -0.9777 -0.1107 -0.1787
vn -0.3577 0.6928 -0.6261
vn -0.0371 0.9369 -0.3477
vn -0.1882 0.7706 0.6089
vn 0.1861 0.2025 0.9614
vn -0.0617 0.0808 0.9948
vn -0.2273 0.9350 0.2723
vn -0.4791 0.6251 0.6162
vn -0.0592 0.9218 0.3831
vn -0.2618 0.9312 0.2538
vn -0.5012 0.7914 0.3501
vn 0.2715 0.9370 0.2197
vn -0.3708 0.8573 -0.3571
vn -0.3086 0.9411 0.1378
vn -0.3087 0.9411 0.1379
vn -0.3087 0.9411 0.1381
vn 0.7784 0.6076 -0.1580
vn 0.7743 0.6284 -0.0748
vn -0.7553 0.5831 -0.2990
vn 0.2879 0.8692 0.4019
vn -0.2726 0.8690 -0.4128
vn -0.6666 0.5945 -0.4497
vn 0.0734 0.7942 -0.6033
vn -0.3233 0.6527 -0.6852
vn -0.9635 0.2647 0.0392
vn 0.4555 0.5124 0.7280
vn -0.1270 0.8824 0.4531
vn 0.1759 0.7544 0.6324
vn -0.1181 0.9527 -0.2802
vn -0.1645 0.9294 -0.3305
vn -0.3828 0.5553 0.7383
vn -0.2054 0.6450 0.7360
vn 0.1423 0.9039 -0.4034
vn -0.0680 0.7929 0.6055
vn -0.1710 0.6249 0.7617
vn 0.5071 0.8590 0.0700
vn 0.0395 0.9029 -0.4280
vn -0.7259 0.5502 -0.4128
vn -0.8748 0.4464 -0.1883
vn -0.1705 0.9722 -0.1603
vn -0.9212 0.2574 0.2917
vn 0.0664 0.7962 0.6014
vn 0.3335 0.8485 0.4108
vn -0.3757 0.7909 -0.4830
vn -0.3760 0.7912 -0.4824
vn -0.3778 0.7933 -0.4775
vn -0.2345 0.8785 0.4162
vn -0.8594 0.5086 0.0526
vn -0.6058 0.5817 0.5428
vn 0.0303 0.9942 -0.1033
vn 0.2211 0.9607 -0.1677
vn -0.6100 0.3992 0.6846
vn -0.0743 0.9470 -0.3127
vn -0.3772 0.6343 -0.6748
vn -0.8291 0.5499 0.1007
vn -0.8384 0.4873 -0.2442
vn 0.4487 0.8575 -0.2518
vn 0.1495 0.7577 0.6353
vn -0.6827 0.7195 0.1275
vn -0.5656 0.7514 -0.3397
vn -0.2696 0.7835 0.5599
vn 0.3971 0.6216 0.6752
vn 0.3485 0.7661 0.5401
vn 0.5460 0.7390 0.3947
vn 0.2163 0.5911 0.7770
vn -0.9509 -0.1338 0.2791
vn -0.1531 0.9623 0.2249
vn 0.1386 0.9261 0.3509
vn 0.2395 0.7824 0.5749
vn -0.5292 0.7822 -0.3287
vn 0.5593 0.4655 0.6860
vn 0.6595 0.7476 -0.0789
vn -0.0588 0.1912 0.9798
vn -0.3100 0.8933 -0.3255
vn -0.9014 0.1986 0.3847
vn 0.7251 0.6842 0.0778
vn 0.7651 0.5655 -0.3079
vn -0.1094 0.3793 0.9188
vn 0.3449 0.3063 0.8873
vn -0.5706 0.7129 -0.4078
vn -0.5864 0.7910 -0.1744
vn -0.2529 0.9236 -0.2882
vn -0.4152 0.9049 0.0933
vn -0.6480 0.7490 -0.1381
vn -0.5417 0.7986 0.2623
vn 0.2430 0.6958 0.6759
vn 0.1190 0.8813 0.4573
vn -0.5602 0.5528 -0.6169
vn -0.4601 0.8612 -0.2160
vn -0.3125 0.9477 0.0653
vn -0.1745 0.9186 -0.3547
vn 0.0792 0.6954 0.7142
vn 0.5873 0.7779 -0.2235
vn -0.2082 0.7297 0.6513
vn -0.6769 -0.3499 0.6477
vn -0.6299 0.6884 0.3596
vn -0.1304 0.9765 0.1716
vn 0.6314 0.0104 0.7754
vn 0.9483 0.2283 0.2204
vn 0.5361 0.6095 0.5841
vn -0.2216 0.9746 -0.0321
vn -0.2221 0.9741 -0.0431
vn -0.2220 0.9742 -0.0410
vn -0.1544 0.3386 0.9282
vn -0.1403 0.9768 0.1621
vn -0.1837 0.7551 0.6293
vn -0.7847 0.2212 -0.5790
vn -0.9793 -0.0924 0.1803
vn -0.4549 0.7390 0.4970
vn 0.4914 0.8424 0.2211
vn -0.1739 0.9232 -0.3427
vn -0.2755 0.7486 -0.6032
vn 0.3321 0.8792 -0.3417
vn 0.4441 0.8928 0.0755
vn -0.8607 0.5088 0.0191
vn -0.1691 0.7178 0.6754
vn 0.6162 0.7068 -0.3475
vn 0.0772 0.9959 0.0477
vn -0.9102 0.3368 -0.2410
vn -0.0790 0.6976 0.7122
vn -0.2409 0.6053 0.7587
vn 0.2297 0.9245 0.3041
vn -0.2596 0.9256 -0.2753
vn -0.9558 0.2555 0.1458
vn -0.8484 0.0322 0.5283
vn 0.0107 0.2832 0.9590
vn 0.9972 -0.0102 0.0737
vn -0.1825 0.9813 0.0604
vn -0.4521 0.8114 0.3704
vn 0.1476 0.7969 -0.5858
vn 0.0443 0.3235 0.9452
vn -0.2008 0.0877 0.9757
vn -0.2656 0.3617 0.8937
vn -0.6578 0.2970 0.6922
vn 0.4158 0.8453 0.3355
vn 0.1851 0.9795 -0.0795
vn 0.1280 0.9913 -0.0311
vn -0.9254 0.1792 0.3339
vn -0.5678 0.0403 0.8222
vn -0.7939 0.5875 -0.1568
vn -0.1714 0.9149 0.3656
vn -0.6687 0.6717 0.3188
vn 0.4138 0.8853 -0.2123
vn 0.3216 0.8584 -0.3996
vn -0.4976 0.8673 -0.0130
vn -0.2492 0.9599 0.1288
vn -0.0692 0.9291 0.3634
vn -0.6686 0.1500 0.7284
vn -0.8600 0.4967 -0.1166
vn -0.2127 0.8390 -0.5009
vn 0.0855 0.7594 0.6450
vn 0.4215 0.8822 0.2101
vn 0.4898 0.7727 0.4038
vn 0.3103 0.2257 0.9235
vn -0.4677 0.5836 0.6638
vn -0.7476 0.6059 0.2721
vn -0.1693 0.9545 -0.2456
vn -0.1730 0.9529 -0.2491
vn -0.1685 0.9548 -0.2448
vn -0.9205 0.3125 0.2346
vn 0.0840 0.9337 0.3481
vn 0.2711 0.9623 0.0213
vn -0.1628 0.3705 0.9145
vn 0.2161 0.3890 0.8955
vn -0.8314 0.3324 0.4453
vn -0.8187 0.3710 0.4382
vn -0.0416 0.5568 0.8296
vn -0.5256 0.7323 -0.4329
vn -0.0811 0.9659 -0.2460
vn -0.1039 0.9687 -0.2256
vn 0.1189 0.9313 -0.3442
vn -0.7988 0.6004 -0.0385
vn -0.8843 -0.2994 -0.3583
vn -0.9511 0.1173 -0.2856
vn -0.5339 0.7224 -0.4395
vn 0.1472 0.5663 0.8110
vn -0.2885 0.0287 0.9571
vn 0.7269 0.6646 0.1731
vn 0.0247 0.2845 0.9584
vn 0.4858 0.8617 -0.1465
vn 0.0420 0.8649 -0.5001
vn -0.3428 0.8945 -0.2871
vn -0.8030 0.5252 -0.2817
vn -0.4579 0.1416 0.8776
vn 0.2495 0.4030 0.8805
vn -0.0546 0.3530 0.9340
vn -0.8928 0.1728 0.4160
vn 0.1227 0.7401 0.6612
vn 0.4363 0.7850 0.4399
vn 0.1845 0.8079 0.5597
vn 0.0752 0.4470 0.8914
vn -0.3609 0.2107 0.9085
vn -0.4185 0.5404 -0.7299
vn -0.3388 0.7857 -0.5176
vn -0.0363 0.9460 0.3221
vn -0.2900 0.7329 0.6154
vn 0.0488 0.6138 0.7880
vn 0.5858 0.8092 -0.0449
vn 0.0868 0.9746 -0.2066
vn 0.0509 0.6469 -0.7609
vn 0.6412 0.1253 -0.7571
vn -0.2410 0.8216 0.5166
vn -0.0362 0.3366 0.9410
vn 0.2466 0.6264 0.7394
vn 0.5955 0.8016 -0.0536
vn 0.5751 0.7993 -0.1744
vn -0.8659 0.1739 -0.4689
vn -0.8401 0.5423 -0.0114
vn -0.8654 0.5005 0.0227
vn -0.1805 0.9830 0.0345
vn 0.2570 0.9568 0.1362
vn -0.1170 0.9907 0.0687
vn -0.0937 0.9852 -0.1438
vn -0.0220 0.9882 -0.1513
vn 0.2811 0.9583 0.0511
vn -0.6646 0.6868 -0.2944
vn -0.8007 0.5528 -0.2310
vn -0.3184 0.9357 0.1521
vn -0.4426 0.8931 0.0809
vn 0.4463 0.3972 0.8019
vn 0.0803 0.6118 0.7870
vn -0.1731 0.9536 0.2463
vn -0.6492 0.6937 -0.3121
vn 0.0316 0.8246 0.5648
vn -0.4627 0.8070 -0.3670
vn -0.5777 0.6596 0.4808
vn 0.0034 0.9484 -0.3170
vn 0.3002 0.8862 0.3529
vn 0.4603 0.3311 0.8237
vn -0.9942 -0.0500 -0.0949
vn -0.4596 0.7247 0.5134
vn -0.3723 0.8531 0.3655
vn 0.4774 0.8174 0.3225
vn -0.6538 0.6937 0.3023
vn -0.6550 0.6937 0.2997
vn -0.6548 0.6937 0.3001
vn -0.3832 0.9227 -0.0430
vn 0.1557 0.7201 0.6762
vn -0.5172 0.8537 -0.0615
vn -0.2332 0.9110 0.3402
vn 0.3541 0.7446 0.5659
vn -0.2555 0.9666 0.0202
vn -0.5860 0.6911 0.4232
vn 0.2068 0.9779 -0.0301
vn 0.4955 0.3592 0.7909
vn -0.1626 0.8533 0.4954
vn 0.7302 0.6829 0.0206
vn -0.2959 0.9299 -0.2187
vn -0.3226 0.2701 0.9072
vn -0.5633 0.6720 0.4807
vn -0.3957 0.8552 0.3347
vn 0.1640 0.5413 0.8247
vn -0.5337 0.7460 0.3983
vn -0.4942 0.3884 0.7777
vn -0.4998 0.3816 0.7776
vn -0.4999 0.3814 0.7776
vn -0.3845 0.9224 -0.0363
vn 0.0552 0.8352 0.5472
vn -0.5940 0.6087 -0.5260
vn -0.7234 0.4474 0.5259
vn -0.4573 0.8053 0.3774
vn -0.1172 0.9826 0.1443
vn -0.1863 0.9403 0.2849
vn 0.2459 0.4711 0.8471
vn -0.3080 0.9418 0.1349
vn 0.0536 0.9983 -0.0230
vn -0.4036 0.7877 -0.4655
vn -0.4137 0.8825 -0.2239
vn -0.5577 0.7434 0.3693
vn -0.0423 0.9600 0.2767
vn -0.3066 0.9452 0.1124
vn -0.1817 0.9655 -0.1866
vn -0.4439 0.6527 0.6140
vn 0.5652 0.7513 0.3407
vn -0.2262 0.9597 0.1668
vn -0.7539 -0.2252 -0.6171
vn -0.8560 0.3856 0.3444
vn -0.9437 0.1791 0.2781
vn -0.7868 0.6161 -0.0368
vn -0.6035 0.7568 0.2509
vn -0.6380 0.5242 0.5640
vn -0.2159 0.9311 0.2938
vn 0.2688 0.9628 0.0265
vn -0.1887 0.9074 0.3755
vn -0.2594 0.9190 -0.2968
vn 0.0860 0.9285 0.3613
vn -0.0537 0.9446 0.3238
vn 0.3881 0.9069 -0.1638
vn -0.3759 0.8726 0.3120
vn -0.1527 0.5718 0.8060
vn 0.0844 0.3576 0.9301
vn 0.3669 0.8000 0.4747
vn -0.4537 0.8619 -0.2267
vn -0.1897 0.9191 -0.3454
vn -0.3753 0.7148 0.5901
vn -0.5352 0.5231 0.6633
vn -0.6729 0.7265 0.1396
vn -0.7012 0.6506 -0.2916
vn -0.6513 0.6685 0.3590
vn -0.5505 0.8237 0.1355
vn -0.8544 0.5153 0.0663
vn -0.0656 0.9978 -0.0074
vn -0.6160 0.4352 0.6566
vn -0.8486 0.5289 0.0132
vn 0.4406 0.8096 0.3879
vn -0.0064 0.5198 0.8543
vn -0.0534 0.8954 -0.4421
vn -0.4241 -0.2122 0.8804
vn 0.2623 0.7003 0.6638
vn -0.5486 0.7011 -0.4556
vn -0.3220 0.8824 -0.3430
vn -0.0713 0.9336 0.3512
vn 0.0933 0.9452 0.3130
vn 0.0636 0.4886 0.8702
vn -0.0494 0.7555 0.6533
vn -0.1627 0.0108 0.9866
vn -0.3207 0.8207 0.4728
vn 0.1052 0.4887 0.8661
vn -0.4431 0.8367 0.3219
vn 0.1235 0.9775 0.1712
vn -0.3844 0.3784 0.8421
vn -0.0081 0.8381 0.5455
vn -0.1433 0.9321 -0.3327
vn 0.3509 0.1959 0.9157
vn -0.8671 0.4643 -0.1804
vn -0.8335 0.3614 -0.4179
vn -0.7679 0.2370 -0.5951
vn -0.1075 0.9178 -0.3821
vn -0.7527 0.3626 0.5495
vn -0.2005 0.3351 0.9206
vn -0.4047 0.0794 0.9110
vn 0.0411 0.0672 0.9969
vn -0.1110 0.2706 0.9563
vn -0.5656 0.2889 0.7724
vn -0.6763 0.2309 0.6995
vn -0.5941 0.2879 0.7511
vn -0.6615 0.3911 0.6399
vn 0.5394 0.6910 0.4812
vn 0.3940 0.1887 -0.8995
vn -0.4832 0.8175 0.3133
vn -0.3508 0.8108 0.4686
vn -0.6297 0.7757 0.0431
vn -0.5646 0.7952 0.2209
vn 0.5832 0.6732 0.4546
vn 0.4240 0.8022 0.4203
vn 0.0322 0.3216 0.9463
vn 0.4668 0.6541 0.5952
vn -0.7307 0.6359 0.2484
vn 0.1207 0.9673 0.2230
vn -0.2637 0.6355 -0.7257
vn -0.4081 0.8673 -0.2851
vn -0.3517 0.5248 -0.7752
vn 0.0630 0.7522 0.6559
vn -0.0381 0.9855 -0.1654
vn -0.9229 -0.0500 0.3818
vn -0.9230 -0.0498 0.3817
vn -0.9230 -0.0493 0.3815
vn -0.9231 -0.0490 0.3814
vn 0.0561 0.6264 0.7775
vn 0.0250 0.4879 0.8725
vn -0.4957 0.8389 -0.2250
vn -0.1143 0.7319 0.6717
vn -0.2343 0.9620 0.1403
vn 0.4660 0.8765 -0.1205
vn 0.0017 0.9667 -0.2559
vn 0.0020 0.9668 -0.2555
vn 0.0018 0.9668 -0.2557
vn 0.5405 0.4638 0.7020
vn 0.1197 -0.0305 0.9923
vn -0.4484 0.4680 0.7616
vn -0.3180 0.9452 -0.0745
vn -0.8286 0.4422 0.3433
vn -0.1813 0.9282 0.3248
vn -0.3513 0.9330 -0.0781
vn -0.0221 0.6450 0.7639
vn -0.2468 0.1087 0.9629
vn -0.5940 -0.2133 0.7757
vn -0.7760 0.2935 -0.5583
vn -0.9517 0.1553 -0.2648
vn 0.3350 0.7122 0.6169
vn 0.0094 0.9412 0.3377
vn 0.1583 0.9762 -0.1481
vn 0.5634 0.6867 -0.4594
vn -0.2472 0.4899 0.8360
vn -0.9417 0.2428 0.2329
vn -0.9002 0.2899 -0.3249
vn -0.1665 0.9734 0.1572
vn -0.3495 0.9112 -0.2183
vn -0.4985 0.4812 -0.7210
vn -0.1580 0.6967 -0.6997
vn -0.2763 0.5123 0.8131
vn -0.3190 0.5543 0.7688
vn -0.6204 0.7023 -0.3490
vn -0.7917 0.4938 -0.3596
vn -0.7920 0.4940 -0.3588
vn -0.7908 0.4934 -0.3621
vn 0.0699 0.9790 0.1917
vn -0.4793 0.8308 0.2830
vn 0.0185 0.8619 0.5067
vn 0.1743 0.3737 0.9110
vn 0.1709 0.3752 0.9111
vn -0.6892 0.1712 0.7040
vn -0.6593 0.1114 0.7436
vn 0.3944 0.6882 -0.6089
vn -0.4785 0.8610 -0.1723
vn -0.1132 0.9317 -0.3452
vn 0.4185 0.4900 0.7647
vn -0.2048 0.8991 0.3869
vn -0.2021 0.9004 0.3851
vn -0.2050 0.8990 0.3871
vn 0.0573 0.4223 0.9046
vn 0.5697 0.7110 0.4122
vn 0.1018 0.9293 0.3550
vn 0.0491 0.9701 0.2377
vn -0.3825 0.9147 -0.1301
vn -0.1696 0.9343 -0.3136
vn 0.4705 0.8201 0.3258
vn 0.5304 0.7607 0.3742
vn -0.0020 0.9518 0.3067
vn -0.1133 0.9822 -0.1497
vn -0.6405 0.7663 0.0500
vn 0.6262 0.4360 0.6464
vn -0.8567 0.3286 -0.3975
vn -0.6083 0.4275 -0.6687
vn -0.3625 0.9228 0.1302
vn 0.4293 0.3864 0.8163
vn -0.7167 0.6968 0.0280
vn 0.2140 0.7336 0.6450
vn -0.8960 -0.0204 0.4437
vn -0.7357 0.4419 -0.5133
vn -0.0477 0.6072 0.7931
vn 0.3563 0.7728 0.5252
vn 0.4020 0.8821 -0.2455
vn -0.4962 0.8676 -0.0325
vn -0.3526 0.8904 -0.2879
vn 0.0921 0.9927 -0.0779
vn -0.7970 0.3587 -0.4859
vn -0.2841 0.9424 0.1765
vn -0.2335 0.4365 0.8689
vn -0.0730 0.6969 0.7135
vn -0.4938 0.3890 0.7777
vn -0.1256 0.9553 0.2675
vn -0.1957 0.9258 0.3234
vn 0.0124 0.8675 -0.4972
vn 0.0287 0.8625 -0.5053
vn -0.9284 0.3220 0.1853
vn -0.8343 0.3229 -0.4468
vn -0.5313 0.8136 0.2359
vn 0.4121 0.2688 0.8706
vn 0.4341 0.5780 0.6910
vn -0.1605 0.9017 -0.4016
vn -0.7183 0.1429 -0.6809
vn 0.3142 0.2679 0.9108
vn -0.1727 0.4908 0.8540
vn -0.1728 0.7760 -0.6065
vn -0.1357 0.8405 -0.5246
vn 0.3640 0.9313 0.0101
vn -0.0993 0.8201 -0.5635
vn 0.2293 0.9732 0.0150
vn -0.5965 0.3356 -0.7291
vn -0.4588 0.2865 -0.8411
vn 0.1297 0.9403 -0.3148
vn 0.2267 0.9727 0.0485
vn -0.0149 0.9832 0.1820
vn -0.6878 0.5158 0.5107
vn -0.7998 0.4711 0.3721
vn 0.3393 0.1629 0.9265
vn -0.2149 0.9448 0.2475
vn -0.2903 0.8904 0.3506
vn 0.0821 0.9916 0.0995
vn 0.1118 0.9577 0.2650
vn 0.4464 0.8473 0.2878
vn 0.3604 0.8951 -0.2625
vn -0.4219 0.2419 0.8738
vn -0.1008 0.9835 0.1502
vn 0.1459 0.8288 0.5402
vn -0.9155 0.2536 -0.3123
vn -0.5672 0.6303 0.5301
vn -0.5180 0.8551 -0.0234
vn -0.5753 0.7862 0.2255
vn -0.3498 0.1591 0.9232
vn -0.4867 0.6949 -0.5293
vn -0.6558 0.5962 -0.4631
vn -0.0403 0.8696 -0.4920
vn -0.0955 0.8844 -0.4569
vn -0.7565 0.0245 0.6535
vn -0.7527 -0.1416 0.6430
vn -0.0432 0.9759 -0.2141
vn -0.2658 0.7392 -0.6188
vn -0.3079 0.9514 -0.0024
vn -0.3143 0.9493 0.0100
vn -0.8142 0.3554 0.4591
vn -0.9042 0.2139 0.3696
vn -0.8325 0.0840 0.5476
vn -0.8178 -0.2453 0.5206
vn -0.0416 0.9849 -0.1678
vn 0.1690 0.9502 0.2617
vn 0.1617 0.8947 0.4164
vn -0.5476 0.7813 0.2996
vn -0.4664 0.7577 0.4563
vn -0.0013 0.8583 0.5131
vn 0.0650 0.9049 0.4207
vn 0.1946 0.7215 0.6645
vn -0.1540 0.8632 0.4807
vn -0.3445 0.6219 0.7032
vn -0.7123 0.4821 0.5102
vn -0.7124 0.4809 0.5111
vn -0.7131 0.4758 0.5149
vn 0.2810 0.8628 -0.4203
vn 0.0811 0.9280 0.3637
vn -0.7340 0.6354 -0.2398
vn -0.7339 0.6357 -0.2392
vn -0.7342 0.6342 -0.2423
vn -0.7343 0.6340 -0.2427
vn -0.4783 0.8002 0.3619
vn -0.2889 0.8509 0.4387
vn -0.5019 0.8250 0.2596
vn 0.1291 0.9477 0.2920
vn 0.2086 0.8393 0.5021
vn 0.4762 0.6686 0.5711
vn -0.0669 0.9288 0.3645
vn -0.6519 0.7570 0.0443
vn -0.8629 0.4697 -0.1863
vn -0.0554 0.3042 0.9510
vn -0.8787 0.3177 -0.3563
vn -0.2054 0.5767 -0.7907
vn 0.0564 0.6640 0.7456
vn -0.1541 0.9088 0.3878
vn 0.3106 0.6223 0.7185
vn -0.5125 0.3656 0.7770
vn -0.6950 0.6584 0.2890
vn 0.0936 0.9528 -0.2887
vn 0.2792 0.2366 0.9306
vn -0.0203 0.9100 0.4141
vn -0.3585 0.8534 0.3784
vn -0.3539 0.8558 0.3774
vn -0.3541 0.8557 0.3775
vn 0.5661 0.6172 0.5465
vn 0.1172 0.9804 0.1584
vn -0.0695 0.9093 -0.4103
vn -0.5891 0.7820 -0.2037
vn -0.3960 0.8927 -0.2149
vn -0.0409 -0.0064 0.9991
vn -0.6904 0.5346 0.4874
vn -0.6902 0.6763 0.2573
vn -0.9350 0.1349 -0.3281
vn -0.7584 0.6104 -0.2287
vn -0.8553 0.4763 0.2038
vn -0.6510 0.6986 -0.2970
vn -0.8776 0.2990 -0.3746
vn -0.0012 0.8928 -0.4505
vn -0.2728 0.9554 -0.1127
vn 0.1193 0.9904 -0.0705
vn -0.2325 0.9218 -0.3101
vn -0.5688 0.8091 -0.1477
vn 0.6497 0.3698 0.6642
vn -0.2258 0.9439 -0.2408
vn -0.7535 0.6482 -0.1099
vn -0.7659 0.6429 0.0049
vn 0.4334 0.7969 -0.4208
vn 0.2828 0.5200 0.8060
vn 0.0082 0.9894 0.1447
vn 0.0369 0.9955 0.0873
vn 0.1082 0.8963 0.4301
vn 0.2823 0.8396 0.4641
vn -0.8550 0.5119 0.0834
vn -0.6547 0.7310 0.1923
vn -0.7077 0.6630 -0.2441
vn -0.3211 0.6648 -0.6745
vn -0.4567 0.7299 -0.5085
vn -0.1397 0.4831 0.8644
vn -0.4827 0.6944 0.5336
vn 0.1871 0.2961 0.9366
vn 0.0136 0.3231 0.9463
vn 0.1939 0.9054 0.3776
vn 0.0750 0.8240 -0.5616
vn 0.0371 0.4574 0.8885
vn 0.1897 0.8200 0.5401
vn 0.9925 0.1145 -0.0433
vn -0.9454 0.2835 -0.1609
vn -0.8672 0.4980 -0.0025
vn -0.6508 0.7517 -0.1065
vn -0.2577 0.6452 -0.7192
vn 0.5088 0.7158 0.4783
vn 0.4444 0.8141 0.3738
vn -0.8291 0.1196 0.5462
vn -0.7180 -0.0217 0.6957
vn -0.2201 0.8651 0.4507
vn -0.4615 0.8052 0.3723
vn -0.3179 0.7315 0.6032
vn -0.8127 0.4765 0.3353
vn -0.6485 0.7491 -0.1353
vn 0.2422 0.9579 -0.1541
vn -0.0832 0.8096 0.5811
vn 0.2231 0.9394 -0.2602
vn 0.3509 0.9362 -0.0221
vn -0.7547 0.2873 -0.5899
vn -0.7606 0.2589 -0.5953
vn -0.2521 0.5092 -0.8229
vn -0.3832 0.9173 0.1083
vn -0.3830 0.9173 0.1085
vn -0.3850 0.9170 0.1039
vn -0.4750 0.8728 0.1123
vn 0.1348 0.9550 -0.2643
vn 0.0281 0.9932 0.1134
vn 0.5713 0.8181 0.0652
vn -0.7268 -0.2281 0.6479
vn -0.8395 -0.0365 0.5421
vn -0.8258 0.0750 0.5590
vn -0.0848 0.7446 -0.6621
vn -0.3543 0.8774 -0.3235
vn -0.7359 0.6048 -0.3044
vn -0.3781 0.7936 -0.4767
vn -0.2050 0.9481 -0.2431
vn -0.0657 0.9907 0.1190
vn -0.8319 0.5063 0.2273
vn -0.8317 0.5066 0.2272
vn -0.8319 0.5061 0.2274
vn -0.8320 0.5059 0.2275
vn 0.6223 0.7185 0.3108
vn -0.3089 0.9511 0.0036
vn -0.5642 0.7503 -0.3447
vn -0.4311 0.3286 0.8403
vn 0.0993 0.9698 -0.2228
vn -0.6536 0.6937 0.3027
vn -0.9537 -0.0958 0.2851
vn -0.5926 0.7908 0.1532
vn -0.1133 0.6303 0.7680
vn -0.0311 0.7331 0.6794
vn 0.0860 0.9433 -0.3207
vn 0.1550 0.8343 -0.5290
vn -0.8076 0.3916 -0.4408
vn 0.2751 0.9144 0.2971
vn -0.4298 0.3675 0.8247
vn -0.3934 0.7496 0.5323
vn -0.1178 0.9488 0.2931
vn -0.2927 0.8377 0.4610
vn -0.7360 0.4173 0.5331
vn -0.8134 0.0266 -0.5811
vn -0.8001 0.4993 0.3325
vn -0.2042 0.8802 -0.4284
vn -0.0055 0.7242 -0.6896
vn -0.2376 0.3653 0.9000
vn -0.1531 0.0007 0.9882
vn -0.0900 0.8863 -0.4543
vn -0.5027 0.2426 0.8297
vn -0.3450 0.8139 0.4675
vn 0.3428 0.9150 -0.2126
vn -0.6982 0.6899 -0.1913
vn -0.7462 0.6458 -0.1618
vn 0.7632 0.6461 -0.0006
vn -0.0359 0.7264 -0.6863
vn 0.4252 0.8332 -0.3536
vn 0.3584 0.7242 -0.5891
vn -0.6658 0.2830 0.6904
vn -0.7089 0.5556 0.4345
vn -0.9156 0.2786 -0.2899
vn -0.5519 0.7871 -0.2754
vn -0.4085 0.7216 -0.5590
vn -0.9988 0.0378 0.0297
vn -0.8669 0.4138 0.2779
vn 0.5247 0.8306 0.1866
vn 0.2381 0.9702 -0.0438
vn -0.7720 0.3605 -0.5235
vn -0.3048 0.8741 0.3781
vn 0.1365 0.9531 -0.2700
vn -0.5775 0.6916 0.4338
vn 0.6129 0.7855 -0.0858
vn 0.4147 0.8811 -0.2275
vn -0.7967 -0.0753 0.5997
vn -0.0176 0.8769 0.4804
vn 0.0121 0.8831 0.4689
vn 0.3549 0.9324 0.0677
vn -0.0849 0.9782 -0.1896
vn -0.2988 0.5028 -0.8111
vn 0.1606 0.8428 -0.5137
vn -0.9698 0.2359 0.0615
vn -0.9221 0.3735 -0.1008
vn -0.3402 0.9303 0.1374
vn 0.4767 0.6396 -0.6030
vn -0.4000 -0.1692 0.9008
vn 0.0369 0.7576 0.6516
vn -0.1652 0.4701 0.8670
vn -0.4407 0.7654 -0.4691
vn -0.2918 0.9437 -0.1557
vn -0.1684 0.9823 0.0821
vn -0.2579 0.9641 -0.0632
vn -0.0378 0.9685 -0.2461
vn -0.8435 0.3510 -0.4065
vn -0.7132 0.2203 0.6655
vn -0.5664 0.7868 0.2453
vn -0.2058 0.4481 0.8700
vn 0.1726 0.4333 0.8846
vn -0.4768 0.8568 0.1962
vn -0.8493 0.3824 -0.3640
vn 0.0073 0.8732 -0.4874
vn -0.0198 0.9905 0.1359
vn -0.0099 0.7535 0.6573
vn -0.5312 0.6388 -0.5566
vn -0.3457 0.7378 -0.5798
vn -0.1282 0.4977 0.8578
vn -0.1001 0.1976 0.9752
vn -0.0160 -0.0673 0.9976
vn -0.5585 0.7865 0.2638
vn -0.4617 0.8318 0.3081
vn 0.2928 0.9441 -0.1511
vn 0.2852 0.9512 -0.1179
vn -0.1049 0.9099 0.4014
vn -0.3938 0.6776 0.6212
vn 0.5769 0.6898 0.4375
vn -0.8674 0.4058 0.2880
vn -0.8129 -0.1153 0.5709
vn -0.5157 0.8475 0.1257
vn -0.5165 0.7878 0.3356
vn -0.1419 0.5755 -0.8054
vn -0.2820 0.4208 -0.8622
vn -0.2238 0.9571 0.1840
vn 0.2889 0.8532 0.4344
vn -0.5672 0.7636 0.3086
vn -0.7141 0.6624 0.2265
vn -0.7128 0.3099 0.6291
vn -0.5239 0.7753 0.3527
vn -0.5282 0.6769 0.5125
vn -0.1278 0.5953 -0.7933
vn -0.1753 0.6499 -0.7395
vn -0.4309 0.9023 -0.0138
vn -0.6003 0.6716 -0.4342
vn -0.1423 0.9835 -0.1117
vn 0.0880 0.2205 0.9714
vn -0.3934 -0.1144 0.9122
vn -0.4605 0.1759 0.8700
vn -0.1232 0.2954 0.9474
vn -0.3016 0.4231 0.8544
vn 0.0660 -0.9695 0.2362
vn -0.2929 0.7977 0.5271
vn -0.3911 0.9203 -0.0034
vn 0.6142 0.7886 -0.0289
vn 0.1682 0.9638 -0.2070
vn -0.6264 0.7784 0.0418
vn -0.4833 0.5970 0.6403
vn 0.4302 0.6853 -0.5876
vn 0.6490 0.7025 0.2921
vn -0.2516 0.2607 0.9321
vn -0.6857 0.7262 0.0486
vn -0.3978 0.8732 0.2816
vn -0.2779 0.2006 0.9394
vn 0.0531 0.9339 -0.3536
vn -0.9551 0.2572 -0.1468
vn -0.0513 0.9890 -0.1388
vn -0.2214 0.9747 -0.0295
vn -0.1377 0.9799 0.1445
vn -0.4464 -0.0051 0.8948
vn -0.6727 -0.1262 0.7291
vn 0.2446 0.8293 0.5025
vn 0.3898 0.9194 0.0527
vn 0.0795 0.9740 0.2123
vn 0.1228 0.9912 0.0484
vn 0.0923 0.9684 -0.2315
vn 0.2807 0.9437 0.1751
vn -0.6604 0.7439 0.1027
vn -0.7671 0.5829 -0.2680
vn -0.0566 0.7117 0.7002
vn -0.1393 0.6700 0.7291
vn -0.6823 0.7280 -0.0666
vn -0.4942 0.6707 0.5531
vn -0.5036 0.6346 -0.5862
vn -0.6563 0.2949 -0.6944
vn -0.6562 0.2944 -0.6948
vn -0.6586 0.3013 -0.6895
vn 0.0867 0.8782 0.4704
vn -0.3863 0.7493 0.5379
vn -0.3144 0.9182 -0.2409
vn -0.0035 0.9510 0.3092
vn 0.1802 0.5749 0.7982
vn -0.1711 0.7068 0.6864
vn -0.5750 0.7080 -0.4101
vn 0.2777 0.9602 -0.0311
vn -0.6421 0.4059 0.6504
vn 0.3296 0.7991 0.5028
vn 0.1924 0.1574 0.9686
vn 0.4472 -0.4539 0.7707
vn -0.0643 0.5759 0.8150
vn -0.0733 0.6814 0.7282
vn -0.0971 0.9583 0.2686
vn -0.3327 0.9195 0.2093
vn -0.3259 0.6541 -0.6826
vn 0.2124 0.9765 -0.0375
vn 0.1171 0.9425 0.3131
vn 0.2101 0.8421 0.4967
vn -0.2600 0.9579 0.1214
vn -0.4311 0.7387 0.5182
vn -0.6185 0.7551 0.2175
vn -0.0810 0.9959 -0.0392
vn -0.2380 0.9684 0.0739
vn 0.1050 0.9942 0.0226
vn 0.1067 0.9939 0.0287
vn 0.1051 0.9942 0.0225
vn 0.1083 0.9935 0.0349
vn -0.7660 0.4606 0.4485
vn -0.3852 0.5245 0.7593
vn -0.2939 0.7966 -0.5282
vn -0.0849 0.6798 0.7285
vn 0.0549 0.4615 0.8854
vn -0.3137 0.9322 0.1808
vn -0.3352 0.7199 0.6078
vn -0.0088 0.6354 0.7721
vn -0.7729 0.4580 -0.4391
vn -0.2358 0.9056 -0.3526
vn 0.2434 0.9689 0.0455
vn 0.4269 0.8749 0.2289
vn 0.5136 0.7139 0.4760
vn -0.2158 0.9197 0.3279
vn -0.6411 0.7462 -0.1796
vn 0.5873 0.6919 0.4200
vn 0.1216 0.5961 0.7936
vn 0.3563 0.9260 -0.1245
vn 0.5100 0.6211 -0.5952
vn -0.6908 0.6921 0.2093
vn -0.5617 0.7144 0.4173
vn 0.4939 0.5887 -0.6399
vn 0.0324 0.2526 0.9670
vn -0.7934 0.4991 0.3484
vn 0.0589 0.9920 0.1119
vn 0.0760 0.9911 0.1095
vn -0.6046 0.7958 0.0344
vn -0.6123 0.7872 -0.0739
vn 0.6178 0.3117 0.7219
vn -0.7511 0.2158 0.6239
vn -0.8005 0.5477 -0.2433
vn -0.2945 0.9055 -0.3055
vn -0.2944 0.9054 -0.3058
vn -0.2945 0.9058 -0.3046
vn -0.2946 0.9060 -0.3040
vn 0.1793 0.9809 -0.0756
vn 0.0640 0.6863 0.7245
vn 0.2869 0.4392 0.8514
vn 0.4447 0.3721 0.8147
vn 0.1745 0.3736 0.9110
vn -0.4803 0.8610 0.1673
vn 0.3065 0.4902 0.8160
vn 0.0639 0.8627 -0.5017
vn -0.1737 0.9526 -0.2498
vn -0.6229 0.7384 0.2586
vn -0.8067 0.5610 -0.1858
vn 0.2095 0.2678 0.9404
vn 0.0569 -0.0395 0.9976
vn -0.5383 0.8420 -0.0360
vn -0.7251 0.6250 0.2893
vn 0.1772 0.9593 0.2197
vn -0.7491 0.4604 0.4762
vn 0.0831 0.9400 0.3309
vn 0.0892 0.6087 0.7884
vn -0.5769 0.7575 -0.3057
vn -0.0158 0.9722 -0.2336
vn -0.2850 0.8874 -0.3624
vn -0.5609 0.6094 0.5603
vn -0.5574 0.4215 0.7152
vn -0.3731 0.4982 0.7827
vn -0.1950 0.3684 0.9090
vn 0.6245 0.7807 -0.0222
vn -0.0649 0.3022 0.9510
vn -0.2261 0.4956 0.8386
vn 0.5615 0.7959 0.2262
vn -0.0839 0.9788 0.1870
vn -0.6158 0.7857 0.0586
vn -0.9585 -0.2754 0.0740
vn -0.7144 0.1313 -0.6873
vn -0.8619 0.1651 0.4795
vn -0.9942 -0.0015 0.1075
vn 0.3081 0.9270 -0.2141
vn 0.3065 0.8298 0.4664
vn -0.5101 0.8237 0.2478
vn -0.5226 0.8414 0.1379
vn 0.2514 0.5215 0.8154
vn 0.1595 0.6162 0.7713
vn 0.1015 0.6966 0.7103
vn 0.2128 0.5826 0.7844
vn 0.6817 0.4721 0.5590
vn -0.2052 0.8989 0.3872
vn 0.0355 0.8522 0.5220
vn 0.6419 0.7475 0.1710
vn -0.5015 0.4336 -0.7487
vn -0.4878 0.4504 -0.7478
vn 0.0387 0.9704 0.2384
vn -0.1830 0.9247 0.3338
vn 0.1005 -0.0781 0.9919
vn -0.9945 -0.0825 0.0643
vn -0.4050 0.8969 0.1777
vn -0.7349 0.4562 -0.5019
vn -0.6908 0.6447 -0.3274
vn -0.1650 0.8100 0.5627
vn -0.0916 0.6232 0.7766
vn -0.1346 0.9005 0.4134
vn 0.5175 0.6244 0.5850
vn 0.8720 0.4446 0.2047
vn -0.2016 0.0720 -0.9768
vn 0.1263 0.8144 0.5665
vn 0.5875 0.8066 -0.0653
vn -0.2969 0.7821 -0.5478
vn -0.4596 0.8131 -0.3572
vn -0.5839 -0.6848 0.4361
vn -0.9988 -0.0415 0.0243
vn -0.1947 0.9728 0.1254
vn -0.2072 0.9567 0.2045
vn -0.6341 0.7358 0.2378
vn -0.4120 0.9107 -0.0295
vn -0.0733 0.9271 -0.3675
vn 0.3724 0.9186 0.1318
vn 0.0348 0.9994 0.0070
vn 0.3488 0.6821 0.6427
vn -0.0030 0.7876 0.6161
vn -0.1248 0.9902 -0.0629
vn 0.0292 0.9779 -0.2068
vn -0.0691 0.9136 -0.4008
vn -0.3938 0.3145 0.8637
vn -0.1582 -0.7006 0.6958
vn 0.0640 0.9472 -0.3142
vn 0.1755 0.9011 -0.3965
vn 0.2804 0.9569 -0.0749
vn -0.5359 0.7435 -0.4001
vn -0.8001 0.3510 -0.4865
vn -0.8279 0.5609 0.0070
vn -0.8352 0.2817 0.4722
vn -0.3616 0.9318 0.0322
vn -0.6465 0.7459 -0.1602
vn -0.0441 0.7563 -0.6527
vn -0.2803 0.9568 0.0770
vn 0.3280 0.4680 0.8206
vn 0.3277 0.6461 0.6893
vn -0.0738 0.7034 0.7069
vn 0.2374 0.3344 0.9121
vn -0.4281 0.8986 0.0964
vn -0.3396 0.8212 0.4587
vn -0.0119 0.9544 -0.2983
vn 0.1149 0.9612 -0.2507
vn -0.9799 0.1814 -0.0827
vn -0.1315 0.9787 -0.1575
vn 0.1788 0.9494 -0.2582
vn -0.2925 0.9155 0.2763
vn -0.5787 0.3580 -0.7328
vn -0.8110 0.4753 0.3411
vn -0.9473 0.2289 0.2240
vn -0.8748 0.4844 0.0074
vn -0.1557 0.9863 0.0542
vn -0.1412 0.9860 0.0892
vn -0.4690 0.8599 0.2016
vn 0.2443 0.7840 0.5707
vn 0.1253 0.1313 0.9834
vn -0.2307 0.1819 0.9559
vn -0.0082 0.9871 0.1602
vn -0.0532 0.9809 0.1872
vn -0.1137 0.2103 0.9710
vn 0.6211 0.6732 0.4012
vn -0.6159 -0.0942 0.7822
vn -0.8437 0.3371 0.4178
vn 0.0074 0.9978 -0.0660
vn 0.0582 0.9977 -0.0342
vn -0.2645 0.9297 0.2565
vn -0.4811 0.5255 0.7017
vn -0.7581 0.6099 0.2309
vn -0.2938 0.9548 0.0450
vn -0.5044 0.8550 -0.1206
vn -0.2814 0.9439 0.1730
vn -0.9240 0.3419 0.1713
vn -0.5939 0.7768 -0.2094
vn -0.9025 0.2983 -0.3108
vn -0.6887 0.4898 -0.5346
vn -0.2675 0.7645 -0.5864
vn -0.2736 0.7648 -0.5833
vn -0.2690 0.7646 -0.5857
vn -0.2752 0.7649 -0.5824
vn -0.9456 0.3186 0.0655
vn -0.8114 0.5730 -0.1158
vn -0.2181 0.8950 0.3891
vn -0.2998 0.9285 0.2192
vn 0.8458 0.5262 0.0884
vn 0.1243 0.9813 -0.1470
vn -0.9132 0.3474 0.2130
vn -0.7840 0.4821 0.3910
vn -0.2764 0.8452 -0.4575
vn 0.6242 0.7590 0.1852
vn 0.0067 0.7277 0.6858
vn -0.2542 0.3859 0.8868
vn -0.1839 0.7797 0.5985
vn -0.0913 0.7015 0.7068
vn 0.4238 0.7959 0.4324
vn 0.5738 0.7402 0.3503
vn -0.2662 0.6538 0.7083
vn -0.5373 0.8084 -0.2404
vn -0.5768 0.6434 -0.5033
vn -0.6311 0.7565 0.1719
vn 0.3823 0.1724 0.9078
vn -0.2086 0.0754 0.9751
vn -0.0658 0.9606 -0.2701
vn -0.9015 -0.2532 0.3510
vn -0.6585 0.6609 0.3601
vn -0.5905 0.8070 -0.0105
vn -0.0004 0.9662 -0.2579
vn 0.4664 0.7332 -0.4949
vn 0.1280 0.9818 0.1406
vn -0.2835 0.4758 0.8326
vn -0.5008 0.5789 0.6435
vn -0.5073 0.5270 0.6818
vn -0.0101 0.3660 0.9306
vn -0.2854 0.8282 0.4824
vn -0.7311 0.2627 0.6296
vn -0.7756 0.4962 -0.3902
vn -0.7678 0.2220 -0.6010
vn 0.4666 0.7257 -0.5057
vn -0.0947 0.8398 -0.5346
vn 0.0402 0.8593 -0.5098
vn -0.0841 0.9443 0.3183
vn -0.2972 0.6532 -0.6964
vn 0.6468 0.3922 0.6541
vn -0.1630 0.5669 0.8075
vn -0.0186 0.4568 0.8894
vn -0.3100 0.7331 0.6053
vn -0.6109 0.4135 0.6752
vn -0.5637 0.5105 0.6493
vn -0.2074 0.9770 0.0498
vn 0.3583 0.9336 -0.0074
vn -0.7978 0.3407 -0.4974
vn -0.9786 0.2052 -0.0128
vn -0.0765 -0.0027 0.9971
vn -0.8169 0.0286 0.5760
vn 0.5376 0.8400 -0.0730
vn -0.3293 0.7097 -0.6228
vn 0.1336 0.9622 -0.2373
vn -0.1597 0.7474 0.6449
vn -0.6913 0.4317 0.5795
vn -0.2935 0.7080 -0.6424
vn -0.6587 0.3014 -0.6894
vn -0.1555 0.8060 -0.5712
vn -0.7606 0.4953 -0.4197
vn -0.6006 0.7891 0.1290
vn -0.4600 0.8587 0.2257
vn -0.5995 0.7377 0.3103
vn -0.4082 0.7281 0.5507
vn -0.9389 -0.0746 -0.3360
vn -0.9037 0.3805 0.1964
vn 0.1022 0.9657 0.2386
vn -0.2379 0.9713 -0.0066
vn -0.3986 0.8664 -0.3008
vn -0.0219 0.9939 -0.1085
vn -0.7960 0.0548 -0.6028
vn -0.7959 0.0028 0.6054
vn -0.7966 0.0015 0.6045
vn -0.7964 0.0019 0.6048
vn -0.7958 0.0031 0.6055
vn -0.9806 0.0113 0.1958
vn -0.8871 0.3484 0.3027
vn -0.9569 0.2118 -0.1989
vn 0.5980 0.3840 -0.7035
vn -0.4295 0.7914 0.4351
vn -0.2968 0.9548 -0.0152
vn -0.4882 0.8500 0.1979
vn -0.6171 0.7779 -0.1187
vn -0.3530 0.8562 0.3772
vn -0.5467 0.6457 0.5330
vn -0.9070 0.4103 -0.0945
vn -0.8387 0.5365 -0.0936
vn -0.3664 0.9179 -0.1522
vn -0.0685 0.9609 0.2682
vn 0.3050 0.9416 -0.1430
vn 0.2083 0.8398 0.5013
vn 0.5539 0.8242 -0.1178
vn -0.1523 0.8422 0.5173
vn -0.3498 0.9185 0.1841
vn -0.7663 0.4276 -0.4796
vn -0.7885 0.3512 -0.5049
vn -0.0096 0.5162 0.8564
vn 0.4219 0.7218 0.5486
vn 0.3606 0.8377 -0.4101
vn -0.3851 0.9171 0.1035
vn -0.6055 0.7096 0.3602
vn -0.5163 0.6344 -0.5753
vn -0.4718 0.7434 -0.4741
vn -0.9406 0.3018 0.1555
vn -0.4529 0.3208 0.8319
vn -0.7132 0.4746 0.5158
vn -0.4336 0.4695 -0.7692
vn -0.4996 0.6050 -0.6200
vn -0.3109 0.5704 0.7602
vn -0.1895 0.9808 -0.0472
vn 0.2775 0.6947 0.6637
vn 0.3531 0.9323 0.0785
vn 0.3270 0.8961 -0.3002
vn -0.7489 0.6413 0.1667
vn -0.7062 0.4558 0.5418
vn -0.0825 0.9955 -0.0474
vn -0.0743 0.9971 0.0148
vn 0.1676 0.1767 0.9699
vn -0.1240 0.1702 0.9776
vn 0.1634 0.8995 0.4052
vn 0.0856 0.9872 0.1345
vn -0.8119 0.0770 0.5787
vn -0.3903 -0.1701 0.9048
vn -0.8253 -0.0683 0.5605
vn -0.5970 0.2000 0.7769
vn -0.2105 0.4161 0.8846
vn -0.4833 0.4226 0.7667
vn -0.4853 0.4153 0.7694
vn -0.4827 0.4250 0.7657
vn -0.2596 0.0084 0.9657
vn 0.3805 0.8507 -0.3626
vn 0.4542 0.6604 -0.5980
vn 0.4586 0.4145 0.7860
vn 0.3987 0.4356 0.8071
vn -0.0344 0.9934 -0.1095
vn -0.2050 0.9427 -0.2632
vn 0.9594 0.2300 0.1631
vn 0.5145 0.8292 -0.2182
vn -0.7860 0.6148 0.0648
vn -0.3480 0.9275 -0.1367
vn -0.1683 0.9750 -0.1452
vn 0.0265 0.9901 -0.1379
vn -0.3412 0.4567 -0.8216
vn 0.4354 0.8632 0.2557
vn -0.2313 0.9348 0.2694
vn 0.3120 0.9035 0.2939
vn 0.2886 0.9416 0.1735
vn -0.4301 0.3800 0.8189
vn -0.4861 0.4125 0.7704
vn 0.0189 0.7318 0.6813
vn -0.0052 0.9384 0.3454
vn -0.5572 0.2032 0.8052
vn -0.5523 0.4700 0.6885
vn -0.0967 0.8479 0.5213
vn 0.2966 0.8115 0.5036
vn 0.1459 0.5277 0.8368
vn 0.1166 0.8935 -0.4337
vn -0.0798 0.9624 -0.2596
vn -0.0133 0.8578 0.5138
vn -0.3224 0.5949 -0.7363
vn -0.3346 0.4659 -0.8191
vn 0.9299 0.1410 -0.3397
vn -0.8616 0.5061 0.0377
vn -0.6327 0.6563 0.4111
vn -0.8418 0.3708 -0.3924
vn -0.7706 0.4585 -0.4426
vn 0.2266 0.8480 -0.4791
vn -0.3974 0.5080 -0.7642
vn 0.4277 -0.0590 0.9020
vn 0.3494 0.3068 0.8853
vn -0.4965 0.7283 -0.4723
vn -0.6825 0.6423 -0.3489
vn 0.7537 0.1320 0.6438
vn 0.7551 0.5918 0.2820
vn -0.7263 -0.1337 0.6742
vn 0.1022 0.9933 0.0534
vn -0.7560 0.6536 -0.0357
vn -0.4129 0.9104 -0.0252
vn -0.7059 0.7053 -0.0646
vn -0.1282 -0.1736 0.9764
vn -0.1808 0.8146 0.5511
vn -0.3051 0.8499 0.4296
vn 0.3070 0.9473 0.0916
vn 0.7076 0.7042 -0.0590
vn -0.1269 0.2981 0.9461
vn -0.8967 0.3927 -0.2041
vn -0.7905 0.4933 -0.3630
vn 0.3639 0.9301 0.0497
vn 0.0842 0.9755 0.2034
vn 0.3198 0.9354 0.1510
vn -0.7821 0.4427 0.4386
vn -0.1415 0.8214 0.5525
vn -0.3307 0.8674 0.3719
vn -0.2103 0.9717 -0.1081
vn -0.2717 0.8178 0.5073
vn -0.7503 0.4944 -0.4390
vn 0.8484 0.5290 0.0201
vn 0.7528 0.5921 -0.2876
vn -0.5943 0.8039 0.0236
vn -0.5184 0.8529 0.0617
vn -0.3159 0.9339 0.1672
vn -0.9868 -0.0967 0.1297
vn 0.0523 0.9672 0.2488
vn -0.0838 0.2657 0.9604
vn -0.1611 0.8130 0.5596
vn -0.5626 0.7520 0.3435
vn -0.1851 0.8219 0.5387
vn -0.0047 0.8161 0.5778
vn -0.2197 0.8921 0.3949
vn -0.2238 0.1840 0.9571
vn -0.0397 0.3487 0.9364
vn -0.6842 0.5286 -0.5024
vn -0.3496 0.1842 -0.9186
vn 0.4237 0.8882 -0.1776
vn -0.0219 0.9906 -0.1348
vn -0.8042 0.1737 -0.5683
vn 0.4147 0.9083 0.0545
vn 0.4310 0.9023 -0.0090
vn -0.6136 0.7887 0.0377
vn -0.8467 0.4962 0.1920
vn -0.6816 0.7294 -0.0575
vn -0.6146 0.7881 -0.0336
vn -0.5845 0.8013 -0.1275
vn -0.0617 0.9740 0.2180
vn -0.0686 0.9642 0.2560
vn -0.1573 0.4199 0.8938
vn -0.3301 0.4998 0.8008
vn -0.4144 0.1443 0.8986
vn 0.2121 0.8998 -0.3812
vn 0.3489 0.8989 -0.2650
vn 0.7651 0.6437 0.0153
vn 0.0401 0.9954 -0.0865
vn -0.2902 0.9107 0.2941
vn 0.1109 0.6475 0.7539
vn 0.5019 0.6870 0.5255
vn 0.5227 0.7862 0.3297
vn -0.2109 0.9539 -0.2134
vn -0.2241 0.8569 -0.4642
vn -0.2851 0.6528 0.7018
vn 0.3483 0.6225 0.7008
vn -0.1220 0.9857 0.1161
vn -0.2094 0.9645 -0.1609
vn -0.2478 0.3917 0.8861
vn -0.4276 0.2043 0.8806
vn 0.0036 0.9177 0.3974
vn 0.0451 0.7832 0.6202
vn 0.1366 0.9493 -0.2832
vn -0.4727 0.8072 0.3535
vn 0.4135 0.7748 0.4783
vn 0.8952 0.3399 0.2882
vn 0.1151 0.7265 0.6775
vn 0.1185 0.9302 0.3475
vn -0.4443 0.3904 0.8063
vn -0.5465 0.1940 0.8147
vn -0.9090 0.3768 -0.1784
vn 0.8064 0.5913 -0.0135
vn 0.6106 0.7765 0.1557
vn 0.3277 0.9232 0.2006
vn 0.1345 0.9137 0.3834
vn -0.3283 0.7836 -0.5274
vn 0.3916 0.5647 0.7265
vn 0.2452 0.7801 0.5756
vn -0.3195 0.8637 -0.3899
vn -0.0608 0.9330 -0.3546
vn 0.3254 0.7696 0.5494
vn 0.4576 0.8816 0.1155
vn -0.6940 0.1661 0.7006
s 1
usemtl Trunk_mtl_#0
f 1323//119 904//119 1800//119
f 717//121 1556//121 807//121
f 904//126 1541//126 1800//126
f 580//127 1323//127 1800//127
f 807//128 1556//128 1575//128
f 1207//130 717//130 807//130
f 1524//131 237//131 1276//131
f 237//132 1229//132 1276//132
f 1575//139 1050//139 474//139
f 1524//142 1276//142 1728//142
f 1276//143 1229//143 1425//143
f 1541//145 959//145 730//145
f 621//147 580//147 1800//147
f 474//148 1050//148 455//148
f 599//149 1207//149 1584//149
f 1425//150 284//150 1690//150
f 959//153 1200//153 1644//153
f 1690//158 284//158 742//158
f 1746//165 1728//165 413//165
f 1644//167 1200//167 870//167
f 1625//168 621//168 1800//168
f 474//169 455//169 552//169
f 1569//171 599//171 1584//171
f 742//172 1143//172 1333//172
f 1143//173 869//173 1393//173
f 869//161 984//163 1393//174
f 407//178 1746//178 413//178
f 1451//179 407//179 413//179
f 1644//181 870//181 1223//181
f 1302//184 1569//184 361//184
f 1393//186 984//175 533//177
f 1451//188 413//188 434//188
f 957//190 1625//190 1800//190
f 474//191 552//191 603//191
f 1302//192 361//192 1071//192
f 1393//200 533//200 166//200
f 166//201 434//201 413//201
f 1223//202 1696//202 1644//202
f 965//203 957//203 438//203
f 474//204 603//204 1744//204
f 1071//205 361//205 1606//205
f 1644//210 1696//210 299//210
f 845//211 965//211 438//211
f 474//212 1744//212 666//212
f 1726//217 1606//217 361//217
f 1644//218 299//218 1084//218
f 666//221 1704//221 1857//221
f 1704//222 1588//222 1857//222
f 1588//223 1831//223 1857//223
f 1831//224 1726//224 1857//224
f 1286//227 845//227 438//227
f 1084//228 465//228 1933//228
f 465//229 1494//229 1933//229
f 1286//232 438//233 1783//234
f 1933//235 1494//235 453//235
f 453//241 1688//241 1933//241
f 1688//237 574//239 196//242
f 574//243 1783//243 196//243
f 1276//244 1425//244 1690//244
f 1393//245 166//245 413//245
f 196//246 1783//234 438//233
f 1933//247 1644//247 1084//247
f 474//248 666//248 1857//248
f 361//249 1569//249 1584//249
f 807//252 1575//252 474//252
f 733//253 474//253 1827//253
f 1073//256 417//256 451//256
f 613//257 1618//257 314//257
f 773//258 1529//258 1658//258
f 661//259 932//259 566//259
f 572//260 1110//260 1616//260
f 1658//261 994//261 566//261
f 1072//266 572//266 1187//266
f 1690//267 742//267 1333//267
f 1207//268 807//268 1584//268
f 361//269 1584//269 1476//269
f 1516//278 1488//278 1030//278
f 878//279 435//279 508//279
f 1110//280 572//280 379//280
f 1618//281 534//281 1338//281
f 1488//282 1924//282 314//282
f 840//283 435//283 878//283
f 233//284 1191//284 614//284
f 1402//285 1914//285 1867//285
f 534//286 605//286 1338//286
f 1030//287 1488//287 314//287
f 613//290 878//291 1339//292
f 1339//293 850//293 1181//293
f 730//294 260//294 361//294
f 823//295 730//295 361//295
f 1933//296 1688//296 196//296
f 626//297 1187//297 461//297
f 417//298 398//298 451//298
f 398//299 774//299 1330//299
f 1724//300 293//301 1924//302
f 1402//303 1626//303 1914//303
f 957//304 1800//304 438//304
f 438//305 1800//305 823//305
f 1529//306 525//306 994//306
f 1529//307 994//307 1658//307
f 1626//308 1791//308 234//308
f 1528//309 1852//309 1536//309
f 461//310 340//310 359//310
f 413//311 841//311 340//311
f 314//312 1924//312 613//312
f 840//313 878//313 613//313
f 1759//314 1690//314 1333//314
f 661//315 1690//315 1759//315
f 774//316 688//317 1330//318
f 688//319 379//319 1330//319
f 293//320 614//320 840//320
f 1536//321 233//321 614//321
f 1072//322 1333//322 572//322
f 774//323 398//323 417//323
f 1516//324 221//324 1488//324
f 1191//325 1852//325 351//325
f 1901//326 1528//326 1818//326
f 1867//327 1901//327 1402//327
f 1857//328 463//328 1120//328
f 463//329 1263//329 1120//329
f 1330//330 379//330 605//330
f 605//331 1073//331 451//331
f 1827//336 474//336 1857//336
f 361//337 1827//337 693//337
f 1827//338 1857//338 1120//338
f 361//339 1476//339 1827//339
f 1030//340 314//340 581//340
f 1683//341 605//341 581//341
f 508//342 1030//343 850//344
f 850//344 1030//343 1181//345
f 1901//346 1852//346 1528//346
f 1852//347 1901//347 1867//347
f 1914//348 1626//348 293//348
f 1626//349 234//349 1536//349
f 807//350 1476//350 1584//350
f 1911//351 733//351 1827//351
f 661//354 1759//354 932//354
f 773//355 1658//355 626//355
f 1263//358 438//358 1120//358
f 196//359 438//359 1602//359
f 738//362 1265//362 1181//362
f 738//363 451//363 1265//363
f 1728//364 1276//364 413//364
f 413//365 661//365 841//365
f 878//370 850//371 1339//372
f 878//370 508//373 850//371
f 438//374 823//374 1120//374
f 1827//375 1120//375 693//375
f 417//376 995//376 774//376
f 774//316 1393//377 688//317
f 1857//378 361//378 449//378
f 1857//379 1726//379 361//379
f 221//382 1724//382 1488//382
f 1724//383 1924//383 1488//383
f 1265//398 891//398 613//398
f 891//399 1618//399 613//399
f 1924//402 840//402 613//402
f 293//403 840//403 1924//403
f 1683//404 581//404 314//404
f 1618//405 1683//405 314//405
f 994//406 1933//406 566//406
f 340//407 841//407 359//407
f 1110//408 413//408 1616//408
f 379//409 413//409 1110//409
f 1616//410 340//410 461//410
f 1616//411 413//411 340//411
f 730//412 959//412 1644//412
f 730//413 1644//414 525//415
f 1402//416 1791//416 1626//416
f 1402//417 1901//417 1818//417
f 614//420 435//420 840//420
f 614//421 645//421 435//421
f 361//422 260//422 449//422
f 260//423 1263//424 463//425
f 1602//426 1529//426 773//426
f 525//427 1529//427 1602//427
f 413//428 1276//428 661//428
f 1276//429 1690//429 661//429
f 359//430 196//430 773//430
f 773//431 196//431 1602//431
f 733//432 807//432 474//432
f 733//433 1476//433 807//433
f 1867//434 1914//434 351//434
f 1852//435 1867//435 351//435
f 293//436 1536//436 614//436
f 1626//437 1536//437 293//437
f 614//438 1191//438 645//438
f 645//439 1191//439 221//439
f 932//440 1759//441 626//442
f 626//443 1072//443 1187//443
f 1618//448 423//448 534//448
f 891//449 398//449 1618//449
f 1333//450 1393//450 774//450
f 1333//451 1143//451 1393//451
f 605//456 451//456 738//456
f 605//457 738//457 1181//457
f 572//458 417//458 1073//458
f 572//459 995//459 417//459
f 534//465 1330//465 605//465
f 423//466 1330//466 534//466
f 688//467 413//467 379//467
f 1393//468 413//468 688//468
f 1030//471 581//471 1181//471
f 581//472 605//472 1181//472
f 1933//475 196//475 359//475
f 1933//476 359//476 841//476
f 1911//489 1476//489 733//489
f 1476//490 1911//490 1827//490
f 1528//491 234//491 1818//491
f 234//492 1528//492 1536//492
f 435//495 645//495 508//495
f 508//496 1516//496 1030//496
f 351//500 1914//500 221//500
f 351//501 221//501 1191//501
f 605//502 379//502 1073//502
f 379//503 572//503 1073//503
f 1265//504 613//290 1339//292
f 1181//505 1265//505 1339//505
f 730//506 525//506 260//506
f 260//423 525//507 1263//424
f 221//513 1914//513 1724//513
f 1914//514 293//301 1724//300
f 693//517 823//517 361//517
f 1120//518 823//518 693//518
f 1333//523 774//523 995//523
f 572//524 1333//524 995//524
f 1800//538 730//538 823//538
f 1800//539 1541//539 730//539
f 1187//540 572//540 1616//540
f 1187//541 1616//541 461//541
f 566//542 1933//542 841//542
f 841//543 661//543 566//543
f 449//552 260//552 463//552
f 1857//553 449//553 463//553
f 233//560 1852//560 1191//560
f 1536//561 1852//561 233//561
f 1618//563 398//563 423//563
f 398//564 1330//564 423//564
f 451//565 891//565 1265//565
f 451//566 398//566 891//566
f 1759//568 1333//568 1072//568
f 1759//441 1072//569 626//442
f 359//570 773//570 461//570
f 773//571 626//571 461//571
f 1618//572 1338//572 1683//572
f 1338//573 605//573 1683//573
f 525//415 1644//414 994//575
f 994//576 1644//576 1933//576
f 566//581 932//581 1658//581
f 1658//582 932//582 626//582
f 645//583 1516//583 508//583
f 645//584 221//584 1516//584
f 1602//589 438//589 1263//589
f 525//590 1602//590 1263//590
f 234//595 1791//595 1818//595
f 1791//596 1402//596 1818//596
usemtl Leaves_01_mtl_#0
f 1796//597 588//597 362//597
f 914//598 1484//598 808//598
f 922//599 1218//599 1465//599
f 755//600 1141//600 1678//600
f 1873//601 796//601 1864//601
f 1230//602 617//602 971//602
f 708//603 663//603 384//603
f 283//604 871//604 1341//604
f 388//605 847//605 1310//605
f 539//606 514//607 916//608
f 1813//609 1147//609 1700//609
f 500//610 1532//610 1912//610
f 838//611 861//611 1005//611
f 1882//612 1713//612 709//612
f 1208//613 215//613 695//613
f 1422//614 1145//614 702//614
f 585//615 763//615 1256//615
f 1895//616 279//616 630//616
f 1384//617 500//617 1912//617
f 1547//618 874//618 1772//618
f 432//619 769//619 1491//619
f 1889//620 846//620 1891//620
f 1155//621 229//621 1490//621
f 1272//622 452//622 859//622
f 506//623 1669//623 1943//623
f 1258//624 513//624 1309//624
f 287//625 1716//626 689//627
f 825//628 1214//628 1854//628
f 1433//629 1269//629 1267//629
f 765//630 1650//630 219//630
f 1225//631 636//631 1093//632
f 1909//633 365//633 1812//633
f 1019//634 1161//634 454//634
f 440//635 669//635 1810//635
f 1213//636 664//636 1839//636
f 1147//637 1641//637 919//637
f 695//638 215//638 655//638
f 925//639 1048//639 459//639
f 1168//640 1627//640 1748//640
f 575//641 1870//641 795//641
f 1832//642 466//642 1780//642
f 1427//643 1465//643 1591//643
f 1939//644 1390//644 1661//644
f 1430//645 617//645 1774//645
f 310//646 643//646 701//646
f 1935//647 651//647 1797//647
f 1379//648 683//648 939//648
f 1198//649 1115//649 1303//649
f 1412//650 1075//650 517//650
f 1645//651 1639//651 527//651
f 1789//652 425//652 348//652
f 1769//653 1707//653 1366//653
f 279//654 1306//654 630//654
f 1477//655 518//655 467//655
f 1740//656 282//656 1202//656
f 849//657 1749//657 1655//657
f 1777//658 1589//658 993//658
f 1182//659 1590//659 1880//659
f 469//660 1613//660 1162//660
f 1925//661 1928//661 1510//661
f 276//662 1820//662 594//662
f 949//663 429//663 1461//663
f 1499//664 305//664 1474//664
f 1009//665 1843//665 1805//665
f 1829//666 1270//666 812//666
f 763//667 827//667 718//667
f 1552//668 1056//668 1848//668
f 169//669 663//669 216//669
f 1420//670 1417//670 1879//670
f 556//671 1634//671 247//671
f 275//672 456//672 1424//672
f 606//673 952//673 1178//673
f 1526//674 911//674 880//674
f 1527//675 495//675 555//675
f 294//676 941//676 300//676
f 722//677 480//677 1411//677
f 380//678 1044//678 1753//678
f 1100//679 1858//680 1424//681
f 532//682 1215//682 1246//682
f 1764//683 631//683 198//683
f 731//684 165//684 309//684
f 385//685 1855//685 1224//685
f 793//686 283//686 263//686
f 793//687 955//687 445//687
f 1159//688 961//688 1301//688
f 651//689 1415//689 1797//689
f 1458//690 1842//690 250//690
f 1673//691 865//691 1479//691
f 1887//692 510//692 424//692
f 1361//693 814//693 1809//693
f 1504//694 1152//694 1033//694
f 1346//695 1271//695 861//695
f 1855//696 1058//696 1565//696
f 1772//697 1089//697 1547//697
f 1148//698 677//698 618//698
f 714//699 1647//699 770//699
f 703//700 1065//700 1835//700
f 1379//701 564//701 1266//701
f 1386//702 1693//702 576//702
f 431//703 1405//703 1660//703
f 312//704 522//704 1490//704
f 1692//705 636//705 1053//705
f 781//706 1217//706 331//706
f 713//707 1628//707 204//707
f 388//708 1409//708 847//708
f 1677//709 1109//709 1539//709
f 864//710 1554//710 1103//710
f 1659//711 1612//712 1929//713
f 1566//714 475//714 669//714
f 1676//715 443//715 1277//715
f 551//716 203//716 890//716
f 326//717 836//717 1573//717
f 974//718 334//718 386//718
f 1329//719 1294//719 524//719
f 558//720 1883//720 632//720
f 363//721 365//721 460//721
f 320//722 1824//722 408//722
f 1506//723 433//723 1407//723
f 1751//724 653//724 709//724
f 1115//725 492//725 1303//725
f 347//726 1190//726 1354//726
f 1934//727 798//728 553//729
f 1465//730 1218//730 1517//730
f 557//731 1557//731 920//731
f 173//732 1078//732 1896//732
f 766//733 757//733 1046//733
f 222//734 1697//734 1670//734
f 604//735 1156//735 1091//735
f 343//736 484//736 1589//736
f 1312//737 816//737 764//737
f 1916//738 876//738 751//738
f 1288//739 522//739 312//739
f 1739//740 1268//740 748//740
f 462//741 1059//741 966//741
f 1458//742 250//742 1597//742
f 1231//743 1789//743 348//743
f 1321//744 1945//744 806//744
f 712//745 582//745 1739//745
f 1049//746 211//746 273//746
f 1491//747 1371//747 432//747
f 940//748 1499//748 1760//748
f 1052//749 1801//749 1742//749
f 1601//750 165//750 1678//750
f 638//751 923//751 1469//751
f 1147//752 1813//752 1280//752
f 1603//753 1873//753 1675//753
f 911//754 1511//754 1196//754
f 244//755 1293//755 1232//755
f 1930//756 445//756 1034//756
f 1691//757 798//757 252//757
f 1631//758 341//758 1622//758
f 1941//759 1406//759 1878//759
f 759//760 648//760 1765//760
f 170//761 983//761 185//761
f 1694//762 1653//762 1850//762
f 919//763 1641//763 228//763
f 1028//764 671//764 174//764
f 1634//765 217//765 991//765
f 1684//766 944//766 1239//766
f 1905//767 885//767 471//767
f 1193//768 471//768 885//768
f 1809//769 962//769 1361//769
f 391//770 315//770 304//770
f 1863//771 294//771 782//771
f 1297//772 1307//772 976//772
f 1127//773 922//773 1411//773
f 947//774 1085//774 867//774
f 1629//775 1189//775 1269//775
f 996//776 657//776 1317//776
f 486//777 481//777 469//777
f 1449//778 396//778 801//778
f 624//779 1008//779 328//779
f 879//780 1679//780 908//780
f 615//781 1839//781 1937//781
f 319//782 1846//782 1420//782
f 602//783 1587//783 1447//783
f 446//784 699//784 1066//784
f 926//785 699//785 1418//785
f 1832//786 737//786 734//786
f 1199//787 902//787 963//787
f 1160//788 1398//788 1091//788
f 1109//789 927//789 1160//789
f 460//790 1455//790 363//790
f 439//791 1655//791 1942//791
f 1847//792 859//792 1131//792
f 1484//793 914//793 1203//793
f 1300//794 173//794 1445//794
f 173//795 257//795 1586//795
f 657//796 875//796 1317//796
f 863//797 861//797 1253//797
f 1095//798 660//798 468//798
f 1907//799 1647//799 1874//799
f 219//800 248//800 1142//800
f 951//801 900//801 1234//801
f 210//802 697//802 1540//802
f 210//803 896//803 400//803
f 1428//804 1173//804 1188//804
f 1048//805 578//805 459//805
f 1157//806 1443//807 1923//808
f 1835//809 1065//809 1357//809
f 644//810 848//810 1273//810
f 800//811 374//811 424//811
f 877//812 374//812 675//812
f 1149//813 1067//813 1413//813
f 1778//814 1515//814 194//814
f 1819//815 194//815 1180//815
f 723//816 725//816 1111//816
f 1111//817 1174//817 723//817
f 203//818 1676//818 1252//818
f 1770//819 277//819 273//819
f 1417//820 1420//820 1419//820
f 629//821 1843//821 1009//821
f 859//822 921//822 1272//822
f 1806//823 564//823 289//823
f 1368//824 1470//824 489//824
f 1566//825 1779//825 1714//825
f 1394//826 1615//826 301//826
f 548//827 1633//827 352//827
f 667//828 352//828 593//828
f 1139//829 1040//829 765//829
f 1894//830 1233//830 1702//830
f 1497//831 1850//831 251//831
f 251//832 1850//832 253//832
f 1660//833 1405//833 1222//833
f 316//834 1574//834 1331//834
f 1163//835 1341//835 871//835
f 538//836 969//837 1244//838
f 1512//839 1097//839 530//839
f 1444//840 1344//841 874//842
f 1435//843 246//843 1701//843
f 1701//844 1289//844 1884//844
f 1431//845 500//845 1605//845
f 1019//846 989//846 1161//846
f 1346//847 861//847 838//847
f 901//848 261//848 1004//848
f 577//849 1138//849 1882//849
f 325//850 868//850 689//850
f 695//851 1372//852 1208//853
f 1472//854 1844//854 1875//854
f 1237//855 173//855 1586//855
f 1087//856 1132//856 185//856
f 1761//857 622//857 1301//857
f 1238//858 1047//858 395//858
f 167//859 888//859 364//859
f 1219//860 167//860 364//860
f 1780//861 1577//861 1832//861
f 864//862 1872//862 1554//862
f 596//863 291//863 975//863
f 928//864 1387//864 596//864
f 912//865 532//865 278//865
f 1604//866 1733//866 1259//866
f 1064//867 1259//867 397//867
f 535//868 408//868 1407//868
f 536//869 1822//869 1088//869
f 1532//870 419//870 1912//870
f 1288//871 1098//871 1766//871
f 1015//872 793//872 263//872
f 1629//873 1269//873 1735//873
f 1807//874 392//874 1039//874
f 776//875 1564//875 677//875
f 280//876 660//876 1095//876
f 1260//877 565//877 1090//877
f 1090//878 549//878 1581//878
f 1630//879 796//879 503//879
f 1473//880 1883//880 558//880
f 618//881 569//881 1148//881
f 1762//882 1220//882 909//882
f 1107//883 1461//883 429//883
f 1396//884 1721//884 1643//884
f 1920//885 901//885 787//885
f 1833//886 1627//886 1826//886
f 570//887 410//887 1568//887
f 304//888 315//888 1332//888
f 1931//889 856//889 1513//889
f 1891//890 1183//890 1519//890
f 227//891 1567//891 1793//891
f 1117//892 1793//892 625//892
f 1599//893 945//893 1671//893
f 1328//894 1657//894 288//894
f 1290//895 1176//895 1010//895
f 1010//896 342//896 1031//896
f 228//897 378//897 919//897
f 594//898 1462//898 276//898
f 325//899 1854//899 868//899
f 952//900 191//900 592//900
f 226//901 651//901 1935//901
f 1811//902 1774//902 1861//902
f 559//903 514//903 1478//903
f 681//904 1909//904 1812//904
f 1769//905 1366//905 1836//905
f 1921//906 1239//906 944//906
f 916//907 460//907 365//907
f 1448//908 887//908 288//908
f 1815//909 1269//909 540//909
f 709//910 1918//910 1751//910
f 848//911 644//911 1498//911
f 1498//912 326//912 1833//912
f 264//913 213//914 1620//915
f 948//916 1495//916 213//916
f 177//917 1799//917 1226//917
f 1226//918 1799//918 1932//918
f 1437//919 1179//919 1866//919
f 245//920 1017//920 1520//920
f 1354//921 1399//922 347//923
f 1412//924 1382//925 387//926
f 527//927 1639//927 726//927
f 245//928 1520//928 909//928
f 448//929 909//929 924//929
f 1293//930 1595//930 1232//930
f 529//931 1422//931 702//931
f 867//932 1092//932 521//932
f 968//933 827//933 1038//933
f 722//934 584//934 480//934
f 639//935 1420//935 1879//935
f 295//936 1906//936 1360//936
f 701//937 1255//937 317//937
f 975//938 291//938 1767//938
f 1138//939 577//939 1324//939
f 653//940 956//940 709//940
f 464//941 677//941 1722//941
f 758//942 1652//942 1486//942
f 1755//943 1245//943 1680//943
f 1399//944 1063//944 347//944
f 762//945 911//945 1196//945
f 219//946 1284//946 248//946
f 1284//947 1890//947 567//947
f 487//948 1607//948 375//948
f 825//949 588//949 1251//949
f 216//950 663//950 708//950
f 265//951 1351//951 1708//951
f 1723//952 1131//952 1849//952
f 1428//953 1188//953 670//953
f 1847//954 1734//954 859//954
f 921//955 859//955 1734//955
f 1454//956 609//956 1790//956
f 171//957 1480//957 1070//957
f 1850//958 1653//958 253//958
f 1301//959 622//959 1116//959
f 1415//960 651//960 682//960
f 926//961 1066//961 699//961
f 583//962 1892//962 1055//962
f 1332//963 1287//963 304//963
f 304//964 1292//964 1130//964
f 466//965 490//965 1612//965
f 1477//966 181//966 1260//966
f 401//967 442//967 545//967
f 1343//968 1369//968 788//968
f 1518//969 1186//969 980//969
f 1557//970 268//970 920//970
f 1858//971 1100//971 172//971
f 456//972 275//972 696//972
f 1306//973 279//973 1282//973
f 784//974 279//974 1895//974
f 285//975 800//975 812//975
f 1637//976 215//976 270//976
f 667//977 860//977 1147//977
f 228//978 938//978 482//978
f 1016//979 1256//979 302//979
f 1552//980 917//980 307//980
f 1552//981 724//981 658//981
f 879//982 908//982 547//982
f 1167//983 632//983 1452//983
f 1052//984 318//984 1801//984
f 1104//985 188//985 388//985
f 1388//986 1757//986 388//986
f 316//987 1331//987 1197//987
f 331//988 589//988 803//988
f 1403//989 1801//989 1440//989
f 1823//990 1515//990 1778//990
f 1258//991 1309//991 1348//991
f 627//992 1590//992 1182//992
f 310//993 192//993 643//993
f 186//994 165//994 731//994
f 513//995 1258//995 1381//995
f 1919//996 946//996 1525//996
f 175//997 1078//997 740//997
f 1032//998 905//998 1608//998
f 1364//999 1026//999 1740//999
f 1232//1000 1595//1000 1685//1000
f 1401//1001 934//1001 207//1001
f 633//1002 578//1002 934//1002
f 1468//1003 675//1003 1561//1003
f 1582//1004 1372//1004 1083//1004
f 802//1005 555//1005 495//1005
f 663//1006 498//1006 1507//1006
f 1587//1007 1291//1007 1447//1007
f 1163//1008 1436//1008 1341//1008
f 1245//1009 1490//1009 1737//1009
f 1037//1010 1061//1010 311//1010
f 311//1011 1061//1011 1860//1011
f 1926//1012 1633//1012 548//1012
f 883//1013 820//1013 669//1013
f 669//1014 475//1014 1545//1014
f 459//1015 1534//1015 925//1015
f 387//1016 1811//1016 612//1016
f 387//1017 1382//1017 1869//1017
f 1321//1018 488//1018 1945//1018
f 1020//1019 1079//1019 1619//1019
f 1705//1020 510//1020 1887//1020
f 1440//1021 1124//1021 1403//1021
f 322//1022 1742//1022 1438//1022
f 1445//1023 1086//1023 779//1023
f 496//1024 1820//1024 1035//1024
f 1474//1025 305//1026 1925//1027
f 1906//1028 1417//1028 1360//1028
f 1335//1029 844//1029 1259//1029
f 1418//1030 799//1030 1306//1030
f 1111//1031 839//1031 412//1031
f 1739//1032 1598//1032 1509//1032
f 1105//1033 1598//1033 1739//1033
f 386//1034 1450//1035 1738//1036
f 1137//1037 1777//1037 992//1037
f 1230//1038 971//1038 674//1038
f 1633//1039 1926//1039 1391//1039
f 494//1040 1219//1040 364//1040
f 745//1041 224//1041 1851//1041
f 1851//1042 1559//1042 745//1042
f 792//1043 692//1043 945//1043
f 945//1044 692//1044 1466//1044
f 192//1045 1553//1045 643//1045
f 620//1046 1104//1046 388//1046
f 1802//1047 1168//1047 1377//1047
f 421//1048 1168//1048 1802//1048
f 587//1049 1245//1049 1755//1049
f 1866//1050 1374//1050 1437//1050
f 1542//1051 948//1051 240//1051
f 357//1052 610//1052 1534//1052
f 357//1053 1316//1053 201//1053
f 1580//1054 1585//1054 366//1054
f 1513//1055 1537//1055 1041//1055
f 1843//1056 476//1056 1805//1056
f 1539//1057 1109//1057 1743//1057
f 1743//1058 1109//1058 1160//1058
f 521//1059 1378//1059 1717//1059
f 1717//1060 1240//1060 235//1060
f 406//1061 1730//1061 1216//1061
f 586//1062 710//1062 1384//1062
f 476//1063 1752//1063 794//1063
f 1843//1064 1125//1064 698//1064
f 1132//1065 1376//1066 185//1067
f 1615//1068 1394//1068 441//1068
f 1784//1069 1366//1069 1707//1069
f 1211//1070 1636//1070 1126//1070
f 787//1071 1211//1071 1126//1071
f 288//1072 887//1072 600//1072
f 827//1073 1720//1073 1038//1073
f 842//1074 545//1074 442//1074
f 1711//1075 857//1075 1340//1075
f 1521//1076 1882//1076 1138//1076
f 1234//1077 1007//1077 1036//1077
f 649//1078 939//1078 683//1078
f 1190//1079 347//1079 1830//1079
f 927//1080 1109//1080 1503//1080
f 1112//1081 1885//1081 1042//1081
f 189//1082 1282//1082 1113//1082
f 1354//1083 329//1083 892//1083
f 241//1084 915//1084 1731//1084
f 816//1085 560//1085 719//1085
f 1404//1086 1234//1086 900//1086
f 1775//1087 1600//1087 900//1087
f 294//1088 1863//1088 1204//1088
f 1317//1089 875//1089 1578//1089
f 514//1090 668//1090 1478//1090
f 287//1091 659//1091 735//1091
f 1329//1092 524//1092 1771//1092
f 386//1093 334//1093 763//1093
f 1161//1094 989//1094 247//1094
f 989//1095 936//1095 353//1095
f 1597//1096 250//1096 1059//1096
f 1087//1097 1707//1097 1132//1097
f 983//1098 1784//1098 1707//1098
f 1176//1099 634//1099 1010//1099
f 1500//1100 1158//1100 1057//1100
f 1346//1101 1363//1101 512//1101
f 180//1102 550//1102 1622//1102
f 1832//1103 749//1103 902//1103
f 950//1104 902//1104 749//1104
f 764//1105 1485//1105 1570//1105
f 248//1106 1410//1106 523//1106
f 248//1107 1284//1107 1236//1107
f 724//1108 1552//1108 1848//1108
f 278//1109 532//1109 1246//1109
f 1849//1110 982//1110 1723//1110
f 1723//1111 982//1111 573//1111
f 528//1112 945//1112 1466//1112
f 1157//1113 249//1113 1089//1113
f 977//1114 1225//1114 1093//1114
f 1789//1115 1231//1115 806//1115
f 411//1116 890//1116 203//1116
f 687//1117 1837//1117 1897//1117
f 939//1118 649//1118 1837//1118
f 210//1119 400//1119 697//1119
f 1413//1120 617//1120 1149//1120
f 527//1121 726//1121 617//1121
f 771//1122 1840//1122 1184//1122
f 485//1123 1005//1123 502//1123
f 485//1124 1057//1124 1005//1124
f 679//1125 282//1125 1687//1125
f 570//1126 1196//1126 1511//1126
f 367//1127 1099//1127 702//1127
f 1409//1128 1803//1128 847//1128
f 817//1129 1424//1129 456//1129
f 1739//1130 748//1130 712//1130
f 1657//1131 1328//1131 1205//1131
f 887//1132 1448//1132 1583//1132
f 1095//1133 1666//1134 280//1135
f 1443//807 1157//806 1347//1136
f 1347//1137 1157//1137 1224//1137
f 1118//1138 1336//1138 303//1138
f 211//1139 1049//1139 767//1139
f 1855//1140 385//1140 1058//1140
f 1592//1141 1103//1141 1554//1141
f 956//1142 653//1142 1859//1142
f 836//1143 326//1143 1134//1143
f 393//1144 484//1144 650//1144
f 655//1145 1875//1145 1844//1145
f 1919//1146 805//1146 835//1146
f 1373//1147 1919//1147 266//1147
f 1885//1148 491//1148 1314//1148
f 953//1149 1662//1149 1886//1149
f 953//1150 1886//1150 1348//1150
f 854//1151 997//1151 1794//1151
f 1357//1152 1065//1152 988//1152
f 669//1153 894//1153 883//1153
f 1358//1154 1416//1154 1419//1154
f 676//1155 1139//1155 551//1155
f 551//1156 219//1156 1142//1156
f 677//1157 1564//1157 618//1157
f 1564//1158 1165//1158 618//1158
f 1115//1159 1022//1159 492//1159
f 1135//1160 1807//1160 1039//1160
f 617//1161 1135//1161 527//1161
f 1370//1162 920//1162 268//1162
f 922//1163 1127//1163 1285//1163
f 309//1164 1763//1164 731//1164
f 788//1165 1763//1165 1343//1165
f 611//1166 328//1166 910//1166
f 1925//1167 1510//1167 1474//1167
f 1912//1168 419//1168 786//1168
f 928//1169 596//1169 1362//1169
f 1628//1170 1661//1170 1390//1170
f 796//1171 1475//1171 503//1171
f 1873//1172 1475//1172 796//1172
f 737//1173 368//1173 734//1173
f 1247//1174 243//1174 1456//1174
f 1342//1175 404//1175 1015//1175
f 789//1176 588//1176 592//1176
f 1854//1177 588//1177 825//1177
f 1209//1178 990//1178 405//1178
f 1841//1179 1443//1179 1347//1179
f 1797//1180 1023//1180 1611//1180
f 1023//1181 1797//1181 665//1181
f 458//1182 320//1182 408//1182
f 745//1183 1559//1183 373//1183
f 1666//1134 1095//1133 1150//1184
f 651//1185 226//1185 516//1185
f 682//1186 651//1186 1011//1186
f 725//1187 839//1187 1111//1187
f 1810//1188 711//1188 440//1188
f 867//1189 1085//1189 1092//1189
f 1614//1190 1663//1190 949//1190
f 429//1191 949//1191 1694//1191
f 676//1192 551//1192 1699//1192
f 818//1193 871//1193 1871//1193
f 818//1194 1163//1194 871//1194
f 1735//1195 1322//1195 1629//1195
f 452//1196 344//1196 1257//1196
f 1913//1197 1900//1197 1459//1197
f 1365//1198 1808//1198 1029//1198
f 1480//1199 531//1199 865//1199
f 186//1200 198//1200 310//1200
f 1678//1201 310//1201 1255//1201
f 1151//1202 1175//1202 466//1202
f 1175//1203 1780//1203 466//1203
f 184//1204 971//1204 617//1204
f 1091//1205 1398//1205 369//1205
f 1424//1206 1423//1206 1621//1206
f 1424//1207 817//1207 1423//1207
f 1046//1208 1520//1208 766//1208
f 274//1209 190//1209 376//1209
f 1682//1210 593//1210 1635//1210
f 647//1211 1147//1211 1280//1211
f 1481//1212 1027//1212 1068//1212
f 1530//1213 1873//1213 1603//1213
f 1710//1214 217//1214 1201//1214
f 1669//1215 1558//1215 1943//1215
f 1839//1216 903//1216 1937//1216
f 1676//1217 1277//1217 1252//1217
f 1560//1218 1359//1218 701//1218
f 1003//1219 1255//1219 701//1219
f 1522//1220 1111//1220 906//1220
f 391//1221 908//1221 1679//1221
f 498//1222 216//1222 852//1222
f 242//1223 852//1223 216//1223
f 867//1224 209//1224 1686//1224
f 1942//1225 1655//1225 1749//1225
f 1749//1226 350//1226 1389//1226
f 1202//1227 1364//1227 1740//1227
f 1464//1228 821//1228 1572//1228
f 934//1229 1401//1229 633//1229
f 1701//1230 568//1230 1289//1230
f 1000//1231 855//1231 1579//1231
f 1206//1232 1497//1232 1773//1232
f 307//1233 1795//1233 1552//1233
f 1700//1234 1695//1234 1903//1234
f 174//1235 919//1235 1414//1235
f 1126//1236 1636//1236 1318//1236
f 1301//1237 1014//1237 715//1237
f 1919//1238 1525//1238 266//1238
f 1486//1239 1096//1239 758//1239
f 1843//1240 1281//1240 286//1240
f 1687//1241 1693//1241 1386//1241
f 282//1242 1740//1242 1687//1242
f 585//1243 545//1243 842//1243
f 402//1244 545//1244 585//1244
f 1522//1245 1174//1245 1111//1245
f 316//1246 1174//1246 1522//1246
f 708//1247 384//1248 640//1249
f 242//1250 216//1250 708//1250
f 863//1251 660//1251 861//1251
f 502//1252 1753//1252 1044//1252
f 1944//1253 481//1253 486//1253
f 439//1254 1407//1254 1655//1254
f 1055//1255 849//1255 1655//1255
f 1543//1256 469//1256 1162//1256
f 1264//1257 326//1257 1498//1257
f 1264//1258 1400//1258 326//1258
f 1114//1259 1819//1259 1180//1259
f 1610//1260 165//1260 1601//1260
f 1593//1261 330//1261 761//1261
f 244//1262 1060//1262 1293//1262
f 1932//1263 798//728 1934//727
f 1912//1264 586//1264 1384//1264
f 586//1265 1912//1265 786//1265
f 482//1266 938//1266 1380//1266
f 938//1267 1147//1267 860//1267
f 999//1268 514//1268 539//1268
f 514//1269 999//1269 668//1269
f 464//1270 776//1270 677//1270
f 1411//1271 1102//1271 1127//1271
f 471//1272 1411//1273 480//1274
f 1397//1275 1603//1275 1675//1275
f 1864//1276 1217//1276 1397//1276
f 1361//1277 1031//1277 814//1277
f 784//1278 501//1278 641//1278
f 1113//1279 784//1279 641//1279
f 554//1280 1008//1280 1673//1280
f 1539//1281 1743//1281 1788//1281
f 1865//1282 950//1282 1108//1282
f 181//1283 1477//1283 467//1283
f 1668//1284 181//1284 1153//1284
f 674//1285 296//1285 202//1285
f 202//1286 1754//1286 674//1286
f 1825//1287 1721//1287 1396//1287
f 1513//1288 563//1288 940//1288
f 1585//1289 1580//1289 1513//1289
f 639//1290 625//1290 1793//1290
f 1035//1291 276//1291 1462//1291
f 1820//1292 276//1292 1035//1292
f 958//1293 702//1293 1099//1293
f 1927//1294 349//1294 1621//1294
f 1212//1295 1127//1295 1102//1295
f 966//1296 1839//1297 615//1298
f 250//1299 1213//1299 1839//1299
f 1472//1300 1563//1300 223//1300
f 1582//1301 1083//1301 1472//1301
f 1218//1302 268//1302 1557//1302
f 1708//1303 1517//1303 1076//1303
f 610//1304 357//1304 1946//1304
f 1432//1305 1268//1305 1739//1305
f 1420//1306 1793//1306 1567//1306
f 639//1307 1793//1307 1420//1307
f 1287//1308 1332//1308 354//1308
f 283//1309 793//1309 445//1309
f 1930//1310 1871//1310 445//1310
f 1620//915 213//914 1344//1311
f 1571//1312 1002//1312 762//1312
f 1238//1313 395//1313 716//1313
f 718//1314 1329//1315 1771//1316
f 1384//1317 1605//1317 500//1317
f 1384//1318 710//1318 619//1318
f 665//1319 1797//1319 1415//1319
f 1429//1320 900//1320 1600//1320
f 542//1321 477//1321 1387//1321
f 1542//1322 1058//1322 1495//1322
f 1542//1323 1495//1323 948//1323
f 1019//1324 672//1324 1054//1324
f 1019//1325 1054//1325 882//1325
f 384//1326 754//1326 640//1326
f 1291//1327 1587//1327 897//1327
f 1141//1328 755//1328 1320//1328
f 172//1329 1100//1329 986//1329
f 1251//1330 588//1330 1796//1330
f 1064//1331 1604//1331 1259//1331
f 1701//1332 1884//1332 1379//1332
f 1701//1333 1379//1333 1266//1333
f 863//1334 468//1334 660//1334
f 1673//1335 1008//1335 611//1335
f 1480//1336 801//1336 396//1336
f 1545//1337 475//1337 561//1337
f 1925//1338 923//1338 1928//1338
f 1925//1339 366//1339 496//1339
f 1537//1340 1513//1340 1140//1340
f 1866//1341 1179//1341 1908//1341
f 312//1342 907//1342 1672//1342
f 726//1343 1639//1343 1067//1343
f 1639//1344 1828//1344 473//1344
f 1414//1345 1028//1345 174//1345
f 924//1346 909//1346 1220//1346
f 1115//1347 1732//1348 1022//1349
f 1137//1350 1589//1350 1777//1350
f 1878//1351 1406//1351 1622//1351
f 757//1352 1762//1352 909//1352
f 432//1353 594//1353 769//1353
f 375//1354 1607//1354 652//1354
f 1161//1355 247//1355 1634//1355
f 1709//1356 954//1356 875//1356
f 875//1357 954//1357 1578//1357
f 1833//1358 795//1358 1870//1358
f 1598//1359 507//1359 1509//1359
f 1797//1360 1611//1360 1935//1360
f 1935//1361 744//1361 226//1361
f 631//1362 372//1362 198//1362
f 198//1363 372//1363 310//1363
f 270//1364 389//1364 1637//1364
f 1208//1365 831//1365 389//1365
f 1438//1366 1742//1366 504//1366
f 1471//1367 648//1367 983//1367
f 983//1368 648//1368 1784//1368
f 1317//1369 1269//1369 1815//1369
f 1267//1370 1269//1370 1317//1370
f 333//1371 1203//1371 914//1371
f 1833//1372 1870//1372 1498//1372
f 482//1373 1380//1373 893//1373
f 1253//1374 861//1374 1271//1374
f 1272//1375 921//1375 1069//1375
f 1241//1376 298//1376 1317//1376
f 848//1377 1498//1378 371//1379
f 1531//1380 1377//1380 836//1380
f 1531//1381 836//1381 1134//1381
f 254//1382 1312//1382 764//1382
f 269//1383 1458//1383 1597//1383
f 1597//1384 1059//1384 269//1384
f 665//1385 1632//1385 1023//1385
f 346//1386 808//1386 1484//1386
f 1814//1387 962//1387 1768//1387
f 1610//1388 1369//1388 165//1388
f 1343//1389 165//1389 1369//1389
f 570//1390 367//1390 702//1390
f 1145//1391 1453//1391 702//1391
f 1053//1392 636//631 1225//631
f 791//1393 1710//1393 1201//1393
f 1713//1394 1711//1394 1340//1394
f 1199//1395 963//1395 1929//1395
f 1832//1396 490//1396 466//1396
f 782//1397 294//1397 1307//1397
f 670//1398 1188//1398 294//1398
f 1919//1399 1373//1399 805//1399
f 1490//1400 522//1400 1155//1400
f 1288//1401 1155//1401 522//1401
f 964//1402 1453//1402 1145//1402
f 1038//1403 1720//1403 780//1403
f 680//1404 470//1404 793//1404
f 1456//1405 243//1405 793//1405
f 1018//1406 1175//1406 377//1406
f 1332//1407 1248//1407 354//1407
f 687//1408 1897//1408 289//1408
f 1468//1409 1887//1409 424//1409
f 424//1410 374//1410 877//1410
f 1081//1411 587//1411 1755//1411
f 1755//1412 1680//1412 1081//1412
f 1250//1413 988//1413 1065//1413
f 1250//1414 1300//1414 1209//1414
f 1793//1415 1576//1415 227//1415
f 653//1416 1751//1416 741//1416
f 1716//1417 325//1417 689//1417
f 325//1418 735//1418 1854//1418
f 366//1419 1585//1419 769//1419
f 594//1420 366//1420 769//1420
f 194//1421 1258//1421 1348//1421
f 1697//1422 194//1422 1670//1422
f 1130//1423 547//1423 304//1423
f 547//1424 1853//1424 1106//1424
f 1148//1425 569//1425 985//1425
f 1667//1426 798//1426 1691//1426
f 969//1427 472//1427 478//1427
f 1525//1428 946//1428 1311//1428
f 1396//1429 1643//1429 655//1429
f 1875//1430 655//1430 1082//1430
f 1885//1431 1899//1431 491//1431
f 390//1432 1885//1432 1112//1432
f 1612//1433 1151//1433 466//1433
f 487//1434 454//1435 1161//1436
f 388//1437 1757//1437 1409//1437
f 1589//1438 484//1438 993//1438
f 393//1439 993//1439 484//1439
f 556//1440 1460//1440 1634//1440
f 1579//1441 1789//1441 1000//1441
f 1789//1442 806//1442 267//1442
f 1705//1443 1845//1443 1020//1443
f 558//1444 632//1444 363//1444
f 1094//1445 363//1445 1455//1445
f 951//1446 530//1446 900//1446
f 180//1447 1622//1447 1406//1447
f 1790//1448 1842//1448 1454//1448
f 1458//1449 1313//1449 1842//1449
f 1047//1450 979//1450 395//1450
f 814//1451 430//1451 1768//1451
f 1044//1452 1434//1452 502//1452
f 1235//1453 273//1453 277//1453
f 1798//1454 681//1454 668//1454
f 1307//1455 1297//1455 782//1455
f 952//1456 606//1456 191//1456
f 687//1457 564//1457 1379//1457
f 289//1458 564//1458 687//1458
f 1485//1459 1581//1459 549//1459
f 1664//1460 1570//1460 1485//1460
f 629//1461 1009//1461 323//1461
f 1009//1462 399//1462 323//1462
f 1586//1463 1086//1463 1237//1463
f 500//1464 1331//1464 1532//1464
f 1331//1465 500//1465 1197//1465
f 1739//1466 582//1466 1105//1466
f 1663//1467 1694//1467 949//1467
f 1519//1468 1889//1468 1891//1468
f 283//1469 1341//1469 1889//1469
f 783//1470 1473//1470 558//1470
f 1411//1471 1427//1471 722//1471
f 1427//1472 584//1472 722//1472
f 1609//1473 796//1473 1630//1473
f 1573//1474 836//1474 1377//1474
f 1573//1475 1377//1475 1168//1475
f 1219//1476 239//1476 167//1476
f 1222//1477 691//1477 750//1477
f 1660//1478 1222//1478 716//1478
f 1027//1479 799//1479 446//1479
f 630//1480 1306//1480 799//1480
f 1665//1481 288//1481 600//1481
f 1665//1482 206//1482 288//1482
f 800//1483 843//1483 374//1483
f 1747//1484 1521//1484 857//1484
f 387//1485 1869//1485 1811//1485
f 1811//1486 1430//1486 1774//1486
f 429//1487 1206//1487 1773//1487
f 1694//1488 1850//1488 429//1488
f 977//1489 1093//1489 1128//1489
f 1299//1490 806//1491 1873//1492
f 890//1493 1699//1493 551//1493
f 1306//1494 1392//1494 1418//1494
f 1392//1495 1306//1495 1282//1495
f 1388//1496 388//1496 188//1496
f 1661//1497 1628//1497 713//1497
f 590//1498 1484//1498 1203//1498
f 382//1499 264//1499 1620//1499
f 422//1500 1116//1500 622//1500
f 1284//1501 567//1501 1236//1501
f 632//1502 365//1502 363//1502
f 365//1503 632//1503 1167//1503
f 1763//1504 1764//1504 731//1504
f 1209//1505 1300//1505 1445//1505
f 1209//1506 1445//1506 990//1506
f 1507//1507 498//1507 1613//1507
f 176//1508 1361//1508 962//1508
f 793//1509 470//1509 955//1509
f 1738//1510 974//1510 386//1510
f 1786//1511 692//1511 792//1511
f 1232//1512 866//1512 1745//1512
f 1096//1513 1144//1513 214//1513
f 972//1514 1198//1514 1303//1514
f 1303//1515 1350//1515 1482//1515
f 1888//1516 1094//1516 1455//1516
f 1665//1517 600//1517 436//1517
f 1489//1518 1872//1518 864//1518
f 1103//1519 1146//1519 864//1519
f 256//1520 1095//1520 468//1520
f 1566//1521 669//1521 440//1521
f 1779//1522 1566//1522 1615//1522
f 540//1523 1269//1523 1024//1523
f 1638//1524 1532//1524 1331//1524
f 1681//1525 1532//1525 1638//1525
f 331//1526 1217//1526 589//1526
f 1217//1527 1864//1527 796//1527
f 1672//1528 1288//1528 312//1528
f 190//1529 274//1529 1232//1529
f 274//1530 866//1530 1232//1530
f 1097//1531 1512//1531 1775//1531
f 1873//1532 1530//1532 1299//1532
f 1172//1533 488//1533 1321//1533
f 1874//1534 1227//1534 1907//1534
f 714//1535 1874//1535 1647//1535
f 1707//1536 1769//1536 506//1536
f 1836//1537 255//1537 1769//1537
f 1511//1538 911//1538 1526//1538
f 570//1539 1511//1539 1526//1539
f 460//1540 916//1540 1242//1540
f 559//1541 1439//1541 916//1541
f 559//1542 916//608 514//607
f 1652//1543 1722//1543 1486//1543
f 830//1544 698//1544 1125//1544
f 207//1545 1326//1545 1401//1545
f 1534//1546 1326//1546 925//1546
f 652//1547 1239//1547 704//1547
f 577//1548 956//1548 1324//1548
f 481//1549 1880//1549 469//1549
f 1880//1550 1291//1550 1507//1550
f 1127//1551 1727//1551 1285//1551
f 1127//1552 1212//1552 1727//1552
f 300//1553 1792//1553 294//1553
f 1387//1554 477//1554 1647//1554
f 291//1555 1647//1555 1907//1555
f 646//1556 579//1556 1096//1556
f 1942//1557 1749//1557 1389//1557
f 1942//1558 1389//1558 777//1558
f 872//1559 825//1559 1251//1559
f 372//1560 631//1560 1553//1560
f 1756//1561 278//1561 1246//1561
f 1756//1562 912//1562 278//1562
f 568//1563 1701//1563 246//1563
f 1316//1564 459//1564 578//1564
f 578//1565 370//1565 1316//1565
f 1824//1566 320//1566 583//1566
f 838//1567 1057//1568 1158//1569
f 1057//1570 838//1570 1005//1570
f 1871//1571 1930//1571 818//1571
f 446//1572 1068//1572 1027//1572
f 190//1573 1232//1573 1685//1573
f 261//1574 901//1574 1920//1574
f 1736//1575 1215//1575 532//1575
f 847//1576 444//1576 685//1576
f 1230//1577 674//1577 1754//1577
f 1774//1578 623//1578 1861//1578
f 1939//1579 262//1579 178//1579
f 1661//1580 1104//1580 1939//1580
f 1466//1581 692//1581 1594//1581
f 851//1582 520//1582 584//1582
f 602//1583 1447//1583 356//1583
f 1903//1584 1695//1584 671//1584
f 1426//1585 555//1585 802//1585
f 691//1586 1222//1586 1405//1586
f 1405//1587 1640//1588 1821//1589
f 846//1590 969//1590 538//1590
f 1436//1591 969//1591 1341//1591
f 403//1592 1056//1592 1552//1592
f 1601//1593 1678//1593 1141//1593
f 536//1594 786//1594 1822//1594
f 604//1595 1091//1595 369//1595
f 203//1596 1252//1596 772//1596
f 1004//1597 1636//1597 1211//1597
f 364//1598 1732//1348 1115//1347
f 1115//1599 494//1599 364//1599
f 1100//1600 1927//1600 986//1600
f 349//1601 1927//1601 1100//1601
f 200//1602 254//1602 764//1602
f 1452//1603 632//1603 811//1603
f 1907//1604 1767//1604 291//1604
f 296//1605 674//1605 971//1605
f 859//1606 452//1606 1131//1606
f 1189//1607 1629//1607 913//1607
f 1273//1608 1531//1608 1134//1608
f 1264//1609 1273//1609 1400//1609
f 1450//1610 386//1610 524//1610
f 763//1611 524//1611 386//1611
f 493//1612 689//1612 868//1612
f 1062//1613 1136//1613 689//1613
f 1383//1614 1216//1614 1730//1614
f 883//1615 662//1615 820//1615
f 711//1616 1810//1616 662//1616
f 894//1617 669//1617 1545//1617
f 273//1618 1335//1618 1259//1618
f 273//1619 1259//1619 1770//1619
f 341//1620 1589//1620 1622//1620
f 1622//1621 1589//1621 1878//1621
f 658//1622 724//1622 1119//1622
f 748//1623 1012//1623 1446//1623
f 768//1624 748//1624 1268//1624
f 441//1625 1779//1625 1615//1625
f 1101//1626 1064//1626 397//1626
f 1440//1627 826//1627 338//1627
f 1477//1628 816//1628 719//1628
f 1581//1629 816//1629 1477//1629
f 548//1630 345//1630 1926//1630
f 1147//1631 647//1631 548//1631
f 868//1632 1854//1632 1214//1632
f 439//1633 1942//1633 777//1633
f 537//1634 513//1634 1381//1634
f 248//1635 523//1635 443//1635
f 1731//1636 329//1636 1354//1636
f 1910//1637 1596//1637 1013//1637
f 1121//1638 622//1638 1761//1638
f 622//1639 1121//1639 422//1639
f 909//1640 448//1640 245//1640
f 402//1641 585//1641 1256//1641
f 1412//924 387//926 1075//1642
f 1562//1643 266//1643 1525//1643
f 1452//1644 420//1644 1167//1644
f 681//1645 1812//1645 420//1645
f 447//1646 1011//1646 516//1646
f 516//1647 1011//1647 651//1647
f 343//1648 1589//1648 341//1648
f 544//1649 749//1649 368//1649
f 450//1650 408//1650 1642//1650
f 229//1651 876//1651 1916//1651
f 1798//1652 1909//1652 681//1652
f 999//1653 365//1653 1909//1653
f 1760//1654 1499//1654 1474//1654
f 315//1655 1308//1655 1332//1655
f 812//1656 1619//1656 285//1656
f 251//1657 1365//1657 236//1657
f 173//1658 1835//1658 1078//1658
f 1816//1659 1078//1659 1835//1659
f 1654//1660 230//1660 332//1660
f 416//1661 761//1661 330//1661
f 1595//1662 1293//1662 761//1662
f 1367//1663 1216//1663 1383//1663
f 1367//1664 1261//1664 1216//1664
f 1060//1665 330//1665 1593//1665
f 305//1666 1499//1666 1580//1666
f 1499//1667 940//1667 563//1667
f 170//1668 1471//1668 983//1668
f 708//1247 640//1249 242//1669
f 1184//1670 1313//1670 1458//1670
f 1932//1671 987//1671 1226//1671
f 1433//1672 1735//1672 1269//1672
f 454//1673 487//1673 672//1673
f 1019//1674 454//1674 672//1674
f 919//1675 1700//1675 1147//1675
f 1700//1676 919//1676 1695//1676
f 1892//1677 849//1677 1055//1677
f 350//1678 1749//1678 849//1678
f 366//1679 1820//1679 496//1679
f 366//1680 594//1680 1820//1680
f 1399//922 1354//921 892//1681
f 1259//1682 1733//1682 1770//1682
f 1032//1683 1608//1683 1896//1683
f 257//1684 173//1684 1896//1684
f 1267//1685 598//1685 1433//1685
f 1349//1686 1272//1686 1069//1686
f 1342//1687 1519//1687 1183//1687
f 1720//1688 827//1689 585//1690
f 585//1690 827//1689 763//1691
f 1039//1692 1645//1692 527//1692
f 1135//1693 1039//1693 527//1693
f 471//1694 480//1694 1905//1694
f 1565//1695 1443//1695 1841//1695
f 1855//1696 1565//1696 1841//1696
f 1020//1697 1829//1697 1705//1697
f 1270//1698 1829//1699 1020//1700
f 1175//1701 1151//1701 899//1701
f 377//1702 1175//1702 899//1702
f 1931//1703 1513//1703 940//1703
f 1224//1704 213//1704 1495//1704
f 213//1705 1224//1705 1344//1705
f 1312//1706 560//1706 816//1706
f 446//1707 1066//1707 597//1707
f 1645//1708 1039//1708 392//1708
f 763//1709 302//1709 1256//1709
f 763//1710 334//1710 302//1710
f 1890//1711 1284//1711 1650//1711
f 1650//1712 1284//1712 219//1712
f 526//1713 1092//1713 1085//1713
f 744//1714 1935//1714 1611//1714
f 1571//1715 1196//1715 1527//1715
f 762//1716 1196//1716 1571//1716
f 1360//1717 1417//1717 218//1717
f 513//1718 537//1718 1169//1718
f 1662//1719 953//1719 513//1719
f 615//1720 462//1720 966//1720
f 1937//1721 1514//1721 615//1721
f 1548//1722 1364//1722 1464//1722
f 1548//1723 1026//1723 1364//1723
f 1415//1724 1493//1724 1164//1724
f 1415//1725 1164//1725 665//1725
f 1498//1726 914//1726 808//1726
f 333//1727 914//1728 1498//1729
f 1847//1730 573//1730 1734//1730
f 1205//1731 1583//1731 1448//1731
f 1766//1732 1155//1732 1288//1732
f 876//1733 229//1734 1155//1733
f 1558//1735 1132//1735 1707//1735
f 1376//1066 1132//1065 1558//1736
f 1858//1737 172//1737 696//1737
f 1178//1738 659//1738 606//1738
f 735//1739 659//1739 1178//1739
f 1221//1740 764//1740 1570//1740
f 1491//1741 1041//1742 1537//1743
f 1491//1744 769//1744 1585//1744
f 945//1745 912//1745 1671//1745
f 907//1746 312//1746 1908//1746
f 1908//1747 312//1747 1490//1747
f 938//1748 228//1748 1641//1748
f 1641//1749 1147//1749 938//1749
f 414//1750 1332//1750 1308//1750
f 1629//1751 1283//1751 913//1751
f 789//1752 362//1752 588//1752
f 1761//1753 656//1753 1121//1753
f 1109//1754 1677//1754 1503//1754
f 565//1755 549//1755 1090//1755
f 944//1756 1710//1756 791//1756
f 991//1757 944//1757 1684//1757
f 975//1758 168//1758 596//1758
f 751//1759 1766//1759 1098//1759
f 1687//1760 1540//1760 679//1760
f 926//1761 1674//1761 1066//1761
f 1450//1762 1294//1762 499//1762
f 524//1763 1294//1763 1450//1763
f 445//1764 1871//1764 283//1764
f 1871//1765 871//1765 283//1765
f 1423//1766 817//1766 637//1766
f 1495//1767 1058//1767 385//1767
f 1495//1768 385//1768 1224//1768
f 171//1769 531//1769 1480//1769
f 333//1770 1785//1770 1203//1770
f 267//1771 806//1771 1945//1771
f 1752//1772 698//1772 794//1772
f 431//1773 1660//1773 715//1773
f 431//1774 1640//1588 1405//1587
f 1732//1775 364//1775 888//1775
f 1732//1776 888//1776 1385//1776
f 1031//1777 1298//1777 814//1777
f 1298//1778 1031//1778 342//1778
f 1806//1779 1266//1779 564//1779
f 280//1780 380//1780 1753//1780
f 1368//1781 489//1781 649//1781
f 1197//1782 723//1782 1174//1782
f 1197//1783 1174//1783 316//1783
f 1754//1784 202//1784 308//1784
f 353//1785 225//1785 989//1785
f 989//1786 225//1786 247//1786
f 1708//1787 557//1787 265//1787
f 576//1788 1740//1788 1026//1788
f 209//1789 867//1789 1717//1789
f 867//1790 521//1790 1717//1790
f 1094//1791 558//1791 363//1791
f 1094//1792 783//1792 558//1792
f 1886//1793 1504//1793 1348//1793
f 1348//1794 1504//1794 1033//1794
f 798//1795 177//1795 252//1795
f 1113//1796 279//1796 784//1796
f 279//1797 336//1797 1282//1797
f 1772//1798 1157//1798 1089//1798
f 1224//1799 1157//1799 1772//1799
f 1107//1800 429//1800 1773//1800
f 977//1801 1231//1801 348//1801
f 977//1802 806//1802 1231//1802
f 1149//1803 617//1803 726//1803
f 1067//1804 1149//1804 726//1804
f 1799//1805 798//1805 1932//1805
f 1799//1806 177//1806 798//1806
f 1325//1807 680//1807 483//1807
f 875//1808 657//1808 1709//1808
f 657//1809 298//1809 1709//1809
f 1357//1810 1816//1810 1835//1810
f 1790//1811 609//1811 543//1811
f 1224//1812 1855//1812 1347//1812
f 1841//1813 1347//1813 1855//1813
f 179//1814 224//1814 745//1814
f 991//1815 1684//1815 1634//1815
f 1634//1816 1684//1816 1161//1816
f 776//1817 832//1817 1165//1817
f 1564//1818 776//1818 1165//1818
f 1669//1819 1913//1819 1558//1819
f 1669//1820 1900//1820 1913//1820
f 1010//1821 1031//1821 1361//1821
f 1290//1822 1010//1822 1361//1822
f 1486//1823 1722//1823 677//1823
f 1148//1824 1486//1824 677//1824
f 1620//1825 1804//1825 382//1825
f 1344//1826 1804//1826 1620//1826
f 1329//1827 718//1827 968//1827
f 827//1828 968//1828 718//1828
f 1853//1829 547//1829 1130//1829
f 1288//1830 1672//1830 355//1830
f 355//1831 1098//1831 1288//1831
f 735//1832 592//1832 1854//1832
f 592//1833 588//1833 1854//1833
f 1563//1834 1875//1834 1082//1834
f 1875//1835 1563//1835 1472//1835
f 1836//1836 193//1836 255//1836
f 495//1837 1527//1837 1568//1837
f 1708//1838 1351//1838 1517//1838
f 1465//1839 1517//1840 1591//1841
f 1893//1842 530//1842 951//1842
f 797//1843 1369//1843 1610//1843
f 309//1844 165//1845 1343//1846
f 309//1844 1343//1846 1763//1847
f 399//1848 1009//1848 1805//1848
f 1255//1849 1320//1849 755//1849
f 1255//1850 755//1850 1678//1850
f 976//1851 271//1851 1297//1851
f 1188//1852 1173//1852 976//1852
f 1929//1853 1832//1853 1199//1853
f 1199//1854 1832//1854 902//1854
f 384//1855 663//1855 1291//1855
f 663//1856 1507//1856 1291//1856
f 442//1857 1295//1857 842//1857
f 1176//1858 290//1858 634//1858
f 290//1859 1176//1859 1290//1859
f 771//1860 1184//1860 1458//1860
f 1157//1861 1923//1861 249//1861
f 226//1862 447//1862 516//1862
f 601//1863 1598//1863 1105//1863
f 457//1864 1677//1864 1539//1864
f 784//1865 1481//1865 501//1865
f 1035//1866 1336//1866 496//1866
f 1747//1867 1882//1867 1521//1867
f 1713//1868 1882//1869 1711//1870
f 725//1871 723//1871 1431//1871
f 725//1872 1431//1872 839//1872
f 352//1873 667//1873 1147//1873
f 1147//1874 548//1874 352//1874
f 273//1875 211//1875 1335//1875
f 195//1876 1861//1876 623//1876
f 215//1877 1037//1877 311//1877
f 1825//1878 1396//1878 311//1878
f 1507//1879 1613//1879 469//1879
f 1880//1880 1507//1880 469//1880
f 194//1881 1819//1881 1670//1881
f 1250//1882 1065//1882 1300//1882
f 1300//1883 1065//1883 703//1883
f 1456//1884 404//1884 1247//1884
f 653//1885 741//1885 819//1885
f 653//1886 819//1886 1859//1886
f 1136//1887 659//1887 287//1887
f 1136//1888 287//625 689//627
f 1781//1889 321//1889 1006//1889
f 972//1890 1303//1890 1482//1890
f 1102//1891 1411//1273 471//1272
f 1193//1892 1102//1892 471//1892
f 684//1893 418//1893 1081//1893
f 1559//1894 1554//1894 1872//1894
f 922//1895 1285//1895 268//1895
f 922//1896 268//1896 1218//1896
f 1135//1897 1412//1897 517//1897
f 1412//1898 1135//1898 1382//1898
f 939//1899 687//1899 1379//1899
f 939//1900 1837//1900 687//1900
f 796//1901 1609//1901 589//1901
f 796//1902 589//1902 1217//1902
f 781//1903 1397//1903 1217//1903
f 714//1904 967//1904 1227//1904
f 1227//1905 1874//1905 714//1905
f 1581//1906 764//1906 816//1906
f 1485//1907 764//1907 1581//1907
f 1125//1908 1843//1908 286//1908
f 1449//1909 801//1909 910//1909
f 1757//1910 1388//1910 204//1910
f 1739//1911 1509//1911 1432//1911
f 1518//1912 833//1912 1186//1912
f 1712//1913 1484//1913 590//1913
f 539//1914 916//1914 365//1914
f 365//1915 999//1915 539//1915
f 535//1916 1407//1916 433//1916
f 1865//1917 963//1917 902//1917
f 1865//1918 902//1918 950//1918
f 983//1919 1087//1919 185//1919
f 1087//1920 983//1920 1707//1920
f 1866//1921 587//1921 1374//1921
f 1866//1922 1908//1922 1490//1922
f 1213//1923 250//1923 1790//1923
f 1842//1924 1790//1924 250//1924
f 882//1925 1054//1925 936//1925
f 1527//1926 1196//1926 570//1926
f 1527//1927 570//1927 1568//1927
f 1777//1928 993//1928 980//1928
f 980//1929 992//1929 1777//1929
f 282//1930 679//1930 821//1930
f 821//1931 1464//1931 282//1931
f 905//1932 1032//1932 175//1932
f 1128//1933 1093//1934 1873//1935
f 1093//1936 1475//1936 1873//1936
f 643//1937 1553//1937 824//1937
f 643//1938 1560//1938 701//1938
f 958//1939 529//1939 702//1939
f 906//1940 1111//1940 1185//1940
f 863//1941 1253//1941 732//1941
f 1271//1942 732//1942 1253//1942
f 488//1943 426//1943 1945//1943
f 1687//1944 1386//1944 210//1944
f 1687//1945 210//1945 1540//1945
f 808//1946 371//1379 1498//1378
f 808//1947 346//1947 371//1947
f 1285//1948 1370//1948 268//1948
f 1381//1949 1697//1950 222//1951
f 222//1951 537//1952 1381//1949
f 240//1953 948//1953 1166//1953
f 1091//1954 1156//1954 1743//1954
f 1160//1955 1091//1955 1743//1955
f 1860//1956 1061//1956 1492//1956
f 1010//1957 634//1957 342//1957
f 838//1567 1158//1569 1346//1958
f 1158//1959 1500//1959 1346//1959
f 1328//1960 288//1960 206//1960
f 1784//1961 648//1961 759//1961
f 1784//1962 759//1962 1366//1962
f 801//1963 1480//1963 611//1963
f 910//1964 801//1964 611//1964
f 1233//1965 403//1965 1702//1965
f 1462//1966 571//1966 1035//1966
f 241//1967 1190//1967 915//1967
f 1190//1968 1830//1968 915//1968
f 295//1969 625//1969 639//1969
f 295//1970 639//1970 1879//1970
f 1547//1971 1444//840 874//842
f 247//1972 225//1972 353//1972
f 676//1973 1040//1973 1139//1973
f 1237//1974 1445//1974 173//1974
f 1445//1975 1237//1975 1086//1975
f 734//1976 749//1976 1832//1976
f 368//1977 749//1977 734//1977
f 896//1978 313//1978 400//1978
f 1681//1979 337//1979 786//1979
f 337//1980 1822//1980 786//1980
f 1394//1981 301//1981 918//1981
f 1046//1982 909//1982 1520//1982
f 909//1983 1046//1983 757//1983
f 1635//1984 593//1984 505//1984
f 505//1985 593//1985 352//1985
f 1858//1986 275//1986 1424//1986
f 275//1987 1858//1987 696//1987
f 620//1988 388//1988 685//1988
f 664//1989 903//1989 1839//1989
f 703//1990 173//1990 1300//1990
f 1835//1991 173//1991 703//1991
f 208//1992 1085//1992 947//1992
f 421//1993 1826//1993 1168//1993
f 1826//1994 1627//1994 1168//1994
f 1055//1995 1655//1995 1407//1995
f 1824//1996 583//1996 1055//1996
f 1650//1997 765//1997 1890//1997
f 223//1998 1582//1998 1472//1998
f 1905//1999 854//1999 885//1999
f 182//2000 1369//2000 797//2000
f 1742//2001 322//2001 1052//2001
f 1052//2002 1698//2002 318//2002
f 638//2003 1469//2003 1118//2003
f 1585//2004 1041//2004 1491//2004
f 1041//2005 1585//2005 1513//2005
f 826//2006 1801//2006 232//2006
f 1801//2007 826//2007 1440//2007
f 1846//2008 720//2008 1419//2008
f 1419//2009 1420//2009 1846//2009
f 551//2010 1139//2010 219//2010
f 219//2011 1139//2011 765//2011
f 273//2012 1235//2012 1049//2012
f 593//2013 1682//2013 667//2013
f 1680//2014 933//2014 1081//2014
f 1083//2015 1844//2015 1472//2015
f 695//851 1083//2016 1372//852
f 962//2017 1809//2017 1768//2017
f 1768//2018 1809//2018 814//2018
f 592//2019 735//2019 952//2019
f 735//2020 1178//2020 952//2020
f 980//2021 993//2021 1518//2021
f 766//2022 1654//2022 332//2022
f 1277//2023 1706//2023 1252//2023
f 772//2024 1252//2024 1706//2024
f 1490//2025 229//2025 1737//2025
f 1916//2026 1737//2026 229//2026
f 1013//2027 347//2027 1063//2027
f 481//2028 1944//2028 1080//2028
f 504//2029 1403//2029 1124//2029
f 1660//2030 716//2030 395//2030
f 1660//2031 1301//2031 715//2031
f 1348//2032 1033//2032 194//2032
f 194//2033 1033//2033 1778//2033
f 714//2034 770//2034 967//2034
f 1175//2035 1018//2035 1780//2035
f 1577//2036 1780//2036 1018//2036
f 384//2037 1291//2037 897//2037
f 754//2038 384//2038 897//2038
f 1878//2039 1137//2039 1941//2039
f 1589//2040 1137//2040 1878//2040
f 1653//2041 1808//2041 253//2041
f 1254//2042 627//2042 481//2042
f 849//2043 1892//2043 350//2043
f 1771//1316 763//2044 718//1314
f 763//2045 1771//2045 524//2045
f 1849//2046 1131//2046 930//2046
f 930//2047 982//2047 1849//2047
f 176//2048 1290//2048 1361//2048
f 176//2049 290//2049 1290//2049
f 304//2050 547//2050 908//2050
f 304//2051 908//2051 391//2051
f 1645//2052 1828//2052 1639//2052
f 1465//2053 1411//2053 922//2053
f 1411//2054 1465//2054 1427//2054
f 1676//2055 551//2055 443//2055
f 551//2056 1676//2056 203//2056
f 1032//2057 1078//2057 175//2057
f 1032//2058 1896//2058 1078//2058
f 658//2059 917//2059 1552//2059
f 832//2060 776//2060 464//2060
f 1743//2061 1156//2061 1788//2061
f 1769//2062 255//2062 506//2062
f 1669//2063 506//2063 1900//2063
f 305//1026 366//2064 1925//1027
f 366//2065 305//2065 1580//2065
f 1681//2066 786//2066 419//2066
f 1681//2067 419//2067 1532//2067
f 648//2068 1471//2068 1765//2068
f 462//2069 615//2069 1514//2069
f 1015//2070 263//2070 1342//2070
f 263//2071 1519//2071 1342//2071
f 1917//2072 930//2072 1131//2072
f 1131//2073 452//2073 1917//2073
f 1144//2074 1096//2074 985//2074
f 553//2075 798//2075 1667//2075
f 470//2076 680//2076 1325//2076
f 1386//2077 896//2077 210//2077
f 1520//2078 1017//2078 1353//2078
f 1461//2079 1614//2079 949//2079
f 1905//2080 997//2080 854//2080
f 997//2081 1905//2081 480//2081
f 1684//2082 1607//2082 1161//2082
f 487//1434 1161//1436 1607//2083
f 846//2084 538//2084 1891//2084
f 1016//2085 334//2085 974//2085
f 302//2086 334//2086 1016//2086
f 1023//2087 884//2087 1611//2087
f 301//2088 1615//2088 711//2088
f 427//2089 1126//2089 1776//2089
f 378//2090 1414//2090 919//2090
f 1906//2091 295//2091 1879//2091
f 1906//2092 1879//2092 1417//2092
f 1643//2093 1082//2093 655//2093
f 683//2094 1379//2094 1884//2094
f 1255//2095 1003//2095 721//2095
f 1320//2096 1255//2096 721//2096
f 602//2097 754//2097 1587//2097
f 897//2098 1587//2098 754//2098
f 1762//2099 757//2099 862//2099
f 1220//2100 1762//2101 862//2102
f 467//2103 1153//2103 181//2103
f 467//2104 518//2104 1153//2104
f 192//2105 310//2105 372//2105
f 372//2106 1553//2106 192//2106
f 253//2107 1365//2107 251//2107
f 1365//2108 253//2108 1808//2108
f 1380//2109 860//2109 667//2109
f 860//2110 1380//2110 938//2110
f 201//2111 1946//2111 357//2111
f 500//2112 1431//2112 723//2112
f 500//2113 723//2113 1197//2113
f 1337//2114 1245//2114 1737//2114
f 698//2115 1752//2115 1843//2115
f 1752//2116 476//2116 1843//2116
f 573//2117 1847//2117 1723//2117
f 1847//2118 1131//2118 1723//2118
f 1033//2119 1152//2119 1778//2119
f 367//2120 570//2120 1526//2120
f 1526//2121 1099//2121 367//2121
f 912//2122 945//2122 532//2122
f 945//2123 1736//2123 532//2123
f 1596//2124 1830//2124 347//2124
f 1013//2125 1596//2125 347//2125
f 630//2126 1027//2126 1895//2126
f 1027//2127 630//2127 799//2127
f 1810//2128 820//2129 662//2130
f 669//2131 820//2129 1810//2128
f 1837//2132 489//2132 1470//2132
f 489//2133 1837//2133 649//2133
f 1420//2134 1567//2134 319//2134
f 1881//2135 1192//2135 1064//2135
f 517//2136 1807//2136 1135//2136
f 934//2137 1048//2137 207//2137
f 578//2138 1048//2138 934//2138
f 993//2139 393//2139 822//2139
f 740//2140 1078//2140 1816//2140
f 1106//2141 879//2141 547//2141
f 879//2142 1106//2142 1679//2142
f 1188//2143 976//2143 1307//2143
f 1188//2144 1307//2144 294//2144
f 1736//2145 945//2145 528//2145
f 758//2146 1096//2146 579//2146
f 445//2147 955//2147 1034//2147
f 955//2148 470//2148 1034//2148
f 1775//2149 900//2149 1097//2149
f 900//2150 530//2150 1097//2150
f 1448//2151 288//2151 1657//2151
f 1448//2152 1657//2152 1205//2152
f 397//2153 1259//2153 844//2153
f 294//2154 1204//2154 941//2154
f 1037//2155 215//2155 1637//2155
f 1096//2156 1486//2156 1148//2156
f 1096//2157 1148//2157 985//2157
f 1764//2158 198//2158 731//2158
f 186//2159 731//2159 198//2159
f 1042//2160 1885//2160 1314//2160
f 406//2161 1216//2161 1261//2161
f 1439//2162 1242//2162 916//2162
f 716//2163 1222//2164 750//2165
f 750//2165 1238//2166 716//2163
f 1113//2167 641//2167 189//2167
f 1497//2168 1206//2168 1850//2168
f 1206//2169 429//2169 1850//2169
f 1766//2170 751//2170 876//2170
f 1766//2171 876//1733 1155//1733
f 167//2172 736//2172 888//2172
f 612//2173 1811//2173 1861//2173
f 1321//2174 1299//2174 1172//2174
f 806//1491 1299//1490 1321//2175
f 1677//2176 1549//2176 1503//2176
f 1503//2177 1549//2177 927//2177
f 866//2178 274//2178 1758//2178
f 1021//2179 1758//2179 274//2179
f 1515//2180 1180//2180 194//2180
f 1180//2181 1515//2181 1114//2181
f 543//2182 1213//2182 1790//2182
f 1213//2183 543//2183 664//2183
f 1453//2184 964//2184 410//2184
f 964//2185 1568//2185 410//2185
f 1434//2186 485//2186 502//2186
f 632//2187 1883//2187 811//2187
f 235//2188 209//2188 1717//2188
f 1089//2189 673//2189 1547//2189
f 673//2190 1089//2190 249//2190
f 1830//2191 1596//2191 628//2191
f 928//2192 542//2192 1387//2192
f 1561//2193 1887//2193 1468//2193
f 1661//2194 713//2194 1388//2194
f 204//2195 1388//2195 713//2195
f 310//2196 317//2196 1255//2196
f 701//2197 317//2197 310//2197
f 1225//2198 977//2198 348//2198
f 498//2199 663//2199 169//2199
f 498//2200 169//2200 216//2200
f 1897//2201 1837//2201 1470//2201
f 1579//2202 425//2202 1789//2202
f 1815//2203 540//2203 1241//2203
f 1317//2204 1815//2204 1241//2204
f 1880//2205 1590//2205 1447//2205
f 1447//2206 1291//2206 1880//2206
f 1146//2207 1489//2207 864//2207
f 1929//2208 1612//2208 490//2208
f 490//2209 1832//2209 1929//2209
f 785//2210 1679//2210 1106//2210
f 785//2211 391//2211 1679//2211
f 1371//2212 1491//1741 1537//1743
f 1122//2213 550//2213 180//2213
f 1406//2214 1122//2214 180//2214
f 1464//2215 1202//2215 282//2215
f 1464//2216 1364//2216 1202//2216
f 291//2217 596//2217 1387//2217
f 1647//2218 291//2218 1387//2218
f 1592//2219 1851//2219 224//2219
f 421//2220 1833//2220 1826//2220
f 1407//2221 439//2221 1506//2221
f 502//2222 861//2222 1753//2222
f 502//2223 1005//2223 861//2223
f 472//2224 969//2224 1436//2224
f 472//2225 1436//2225 1163//2225
f 1939//2226 1104//2226 262//2226
f 1422//2227 607//2227 1145//2227
f 1781//2228 675//2228 321//2228
f 996//2229 1317//2229 298//2229
f 298//2230 657//2230 996//2230
f 1024//2231 1269//2231 1189//2231
f 1740//2232 576//2232 1693//2232
f 1687//2233 1740//2233 1693//2233
f 863//2234 1467//2234 1623//2234
f 1467//2235 863//2235 732//2235
f 326//2236 1400//2236 1134//2236
f 1400//2237 1273//2237 1134//2237
f 1280//2238 1813//2238 1903//2238
f 1813//2239 1700//2239 1903//2239
f 1045//2240 206//2240 1665//2240
f 1889//2241 1519//2241 283//2241
f 263//2242 283//2242 1519//2242
f 963//2243 1659//711 1929//713
f 1939//2244 178//2244 1390//2244
f 1079//2245 1020//2245 1845//2245
f 1215//2246 1736//2246 205//2246
f 1246//2247 1215//2247 205//2247
f 1592//2248 1508//2248 1103//2248
f 1508//2249 1146//2249 1103//2249
f 800//2250 424//2250 812//2250
f 424//2251 1829//2251 812//2251
f 1632//2252 665//2252 943//2252
f 554//2253 1673//2253 1479//2253
f 1435//2254 1701//2254 1266//2254
f 1627//2255 326//2255 1748//2255
f 326//2256 1627//2256 1833//2256
f 1475//2257 1093//2257 636//2257
f 1692//2258 1475//2258 636//2258
f 1686//2259 947//2259 867//2259
f 343//2260 650//2260 484//2260
f 1477//2261 1090//2261 1581//2261
f 1477//2262 1260//2262 1090//2262
f 1232//2263 1745//2263 244//2263
f 1745//2264 866//2264 244//2264
f 1182//2265 1880//2265 481//2265
f 1182//2266 481//2266 627//2266
f 1374//2267 418//2267 1437//2267
f 494//2268 1115//2268 1198//2268
f 405//2269 1250//2269 1209//2269
f 1027//2270 1481//2270 1895//2270
f 1481//2271 784//2271 1895//2271
f 1447//2272 1590//2272 356//2272
f 989//2273 882//2273 936//2273
f 882//2274 989//2274 1019//2274
f 1141//2275 1279//2275 1601//2275
f 1610//2276 1601//2276 1279//2276
f 207//2277 1048//2277 925//2277
f 1326//2278 207//2278 925//2278
f 1193//2279 1212//2279 1102//2279
f 1043//2280 1689//2280 315//2280
f 1689//2281 1308//2281 315//2281
f 737//2282 1832//2282 1577//2282
f 1812//2283 365//2283 1167//2283
f 420//2284 1812//2284 1167//2284
f 1638//2285 1331//2285 1574//2285
f 243//2286 680//2286 793//2286
f 506//2287 1943//2287 1707//2287
f 1943//2288 1558//2288 1707//2288
f 969//2289 846//2289 1341//2289
f 846//2290 1889//2290 1341//2290
f 473//2291 1067//2291 1639//2291
f 715//2292 1640//2292 431//2292
f 689//2293 493//2293 1062//2293
f 492//2294 1350//2294 1303//2294
f 1022//2295 1350//2295 492//2295
f 652//2296 704//2296 375//2296
f 1543//2297 1944//2297 486//2297
f 469//2298 1543//2298 486//2298
f 1662//2299 513//2299 1169//2299
f 1094//2300 1888//2300 616//2300
f 217//2301 1710//2302 991//2303
f 944//2304 991//2303 1710//2302
f 1630//2305 503//2305 1496//2305
f 1609//2306 1630//2306 1496//2306
f 1576//2307 1117//2307 625//2307
f 1576//2308 1793//2308 1117//2308
f 448//2309 981//2309 245//2309
f 981//2310 448//2310 924//2310
f 892//2311 329//2311 306//2311
f 892//2312 306//2312 1399//2312
f 450//2313 183//2313 408//2313
f 408//2314 183//2314 458//2314
f 1604//2315 1064//2315 1192//2315
f 748//2316 1446//2316 712//2316
f 475//2317 1714//2317 561//2317
f 1714//2318 475//2318 1566//2318
f 1774//2319 617//2319 1230//2319
f 1230//2320 623//2320 1774//2320
f 701//2321 1359//2321 1003//2321
f 1273//2322 1264//2322 644//2322
f 1498//2323 644//2323 1264//2323
f 741//2324 292//2324 819//2324
f 1559//2325 1851//2325 1554//2325
f 1592//2326 1554//2326 1851//2326
f 1292//2327 304//2327 1287//2327
f 1500//2328 1363//2328 1346//2328
f 459//2329 1316//2329 357//2329
f 1534//2330 459//2330 357//2330
f 1020//1700 1619//2331 1270//1698
f 1270//2332 1619//2332 812//2332
f 1717//2333 1378//2333 1240//2333
f 682//2334 1493//2334 1415//2334
f 1208//2335 389//2335 270//2335
f 270//2336 215//2336 1208//2336
f 587//2337 1490//2337 1245//2337
f 587//2338 1866//2338 1490//2338
f 886//2339 382//2339 1804//2339
f 953//2340 1309//2340 513//2340
f 953//2341 1348//2341 1309//2341
f 1893//2342 951//2342 1036//2342
f 1234//2343 1036//2343 951//2343
f 1530//2344 1172//2344 1299//2344
f 619//2345 1605//2345 1384//2345
f 1896//2346 1608//2346 257//2346
f 181//2347 1668//2347 1260//2347
f 1372//2348 831//2348 1208//2348
f 1388//2349 188//2349 1661//2349
f 1104//2350 1661//2350 188//2350
f 1731//2351 1354//2351 241//2351
f 1354//2352 1190//2352 241//2352
f 1600//2353 706//2353 1429//2353
f 1775//2354 706//2354 1600//2354
f 724//2355 1848//2355 746//2355
f 383//2356 1459//2356 1900//2356
f 1469//2357 496//2357 1336//2357
f 1118//2358 1469//2358 1336//2358
f 1137//2359 992//2359 1941//2359
f 1642//2360 535//2360 433//2360
f 408//2361 535//2361 1642//2361
f 1842//2362 1313//2362 1454//2362
f 1454//2363 1313//2363 1184//2363
f 1358//2364 1419//2364 720//2364
f 1220//2100 862//2102 654//2365
f 924//2366 1220//2366 654//2366
f 1894//2367 1552//2367 1795//2367
f 311//2368 1396//2368 215//2368
f 655//2369 215//2369 1396//2369
f 1695//2370 919//2370 174//2370
f 671//2371 1695//2371 174//2371
f 863//2372 1623//2372 468//2372
f 256//2373 468//2373 1623//2373
f 824//2374 1560//2374 643//2374
f 1413//2375 184//2375 617//2375
f 1423//2376 1210//2376 1621//2376
f 1404//2377 1817//2377 1234//2377
f 575//2378 1785//2378 333//2378
f 1271//2379 1346//2380 512//2381
f 1271//2379 512//2381 732//2382
f 267//2383 1000//2383 1789//2383
f 890//2384 1421//2384 1699//2384
f 1421//2385 890//2385 411//2385
f 374//2386 321//2386 675//2386
f 1477//2387 719//2387 518//2387
f 478//2388 1244//838 969//837
f 1022//2389 1732//2389 1385//2389
f 1385//2390 1350//2390 1022//2390
f 1747//2391 1711//1870 1882//1869
f 857//2392 1711//2392 1747//2392
f 1692//2393 1496//2393 503//2393
f 503//2394 1475//2394 1692//2394
f 396//2395 1070//2395 1480//2395
f 1660//2396 395//2396 1301//2396
f 1761//2397 1301//2397 395//2397
f 1301//2398 961//2398 1014//2398
f 1416//2399 1417//2399 1419//2399
f 699//2400 799//2400 1418//2400
f 799//2401 699//2401 446//2401
f 1552//2402 1702//2402 403//2402
f 1894//2403 1702//2403 1552//2403
f 768//2404 1012//2404 748//2404
f 768//2405 1750//2405 1012//2405
f 177//2406 1226//2406 729//2406
f 1873//1935 806//2407 1128//1933
f 977//2408 1128//2408 806//2408
f 1673//2409 611//2409 1480//2409
f 1480//2410 865//2410 1673//2410
f 1356//2411 1803//2411 1409//2411
f 1591//2412 1351//2412 747//2412
f 1351//2413 1591//1841 1517//1840
f 1026//2414 1533//2414 576//2414
f 1386//2415 576//2415 1533//2415
f 294//2416 1792//2416 670//2416
f 900//2417 1429//2417 1404//2417
f 1116//2418 1159//2418 1301//2418
f 1456//2419 793//2419 1015//2419
f 1015//2420 404//2420 1456//2420
f 874//2421 1224//2421 1772//2421
f 874//2422 1344//2422 1224//2422
f 1142//2423 248//2423 443//2423
f 551//2424 1142//2424 443//2424
f 1925//2425 496//2425 923//2425
f 1469//2426 923//2426 496//2426
f 709//2427 577//2427 1882//2427
f 709//2428 956//2428 577//2428
f 1738//1036 1450//1035 499//2429
f 499//2430 974//2430 1738//2430
f 1720//2431 585//2431 842//2431
f 747//2432 1427//2432 1591//2432
f 557//2433 1708//2433 1557//2433
f 1076//2434 1557//2435 1708//2436
f 255//2437 1900//2437 506//2437
f 1691//2438 1938//2438 1667//2438
f 1691//2439 252//2439 1938//2439
f 1432//2440 1750//2440 1268//2440
f 1268//2441 1750//2441 768//2441
f 1621//2442 349//2442 1424//2442
f 1424//681 349//2443 1100//679
f 1899//2444 1885//2444 390//2444
f 1698//2445 1052//2445 322//2445
f 647//2446 345//2446 548//2446
f 1675//2447 1864//2447 1397//2447
f 1864//2448 1675//2448 1873//2448
f 1888//2449 1455//2449 895//2449
f 460//2450 895//2450 1455//2450
f 1230//2451 1754//2451 623//2451
f 656//2452 1761//2452 979//2452
f 395//2453 979//2453 1761//2453
f 819//2454 1243//2454 1859//2454
f 1517//2455 1218//2455 1076//2455
f 1218//2456 1557//2435 1076//2434
f 1798//2457 668//2457 999//2457
f 1909//2458 1798//2458 999//2458
f 1310//2459 847//2459 685//2459
f 388//2460 1310//2460 685//2460
f 271//2461 976//2461 1173//2461
f 1382//2462 1135//2462 617//2462
f 617//2463 1869//2463 1382//2463
f 1742//2464 1403//2464 504//2464
f 1801//2465 1403//2465 1742//2465
f 550//2466 1631//2466 1622//2466
f 624//2467 328//2467 611//2467
f 624//2468 611//2468 1008//2468
f 569//2469 618//2469 163//2469
f 1573//2470 1748//2470 326//2470
f 1168//2471 1748//2471 1573//2471
f 1753//2472 660//2472 280//2472
f 1753//2473 861//2473 660//2473
f 456//2474 297//2474 817//2474
f 1515//2475 1823//2475 1352//2475
f 1664//2476 1485//2476 549//2476
f 1664//2477 549//2477 565//2477
f 1678//2478 186//2478 310//2478
f 165//2479 186//2479 1678//2479
f 1043//2480 391//2480 785//2480
f 1043//2481 315//2481 391//2481
f 946//2482 1919//2482 835//2482
f 555//2483 1571//2483 1527//2483
f 1825//2484 311//2484 1860//2484
f 1353//2485 1654//2485 1520//2485
f 1520//2486 1654//2486 766//2486
f 402//2487 401//2487 545//2487
f 586//2488 536//2488 1088//2488
f 536//2489 586//2489 786//2489
f 880//2490 1099//2490 1526//2490
f 880//2491 958//2491 1099//2491
f 1395//2492 1362//2492 596//2492
f 1870//2493 575//2493 333//2493
f 1498//1729 1870//2494 333//1727
f 318//2495 232//2495 1801//2495
f 427//2496 787//2496 1126//2496
f 787//2497 427//2497 1876//2497
f 1595//2498 761//2498 416//2498
f 1179//2499 907//2499 1908//2499
f 1545//2500 1345//2500 894//2500
f 1345//2501 883//2501 894//2501
f 1140//2502 1513//2502 856//2502
f 1548//2503 1464//2503 1572//2503
f 877//2504 675//2504 1468//2504
f 877//2505 1468//2505 424//2505
f 819//2506 292//2506 858//2506
f 567//2507 1410//2507 1236//2507
f 1236//2508 1410//2508 248//2508
f 728//2509 1840//2509 771//2509
f 1281//2510 1843//2510 629//2510
f 1599//2511 792//2511 945//2511
f 710//2512 586//2512 1088//2512
f 1821//2513 691//2513 1405//2513
f 655//2514 1844//2514 695//2514
f 1083//2515 695//2515 1844//2515
f 633//2516 370//2516 578//2516
f 477//2517 770//2517 1647//2517
f 967//2518 770//2518 477//2518
f 217//2519 1634//2519 1460//2519
f 1201//2520 217//2520 1460//2520
f 753//2521 167//2521 239//2521
f 272//2522 1778//2522 1152//2522
f 272//2523 1823//2523 1778//2523
f 1407//2524 1824//2524 1055//2524
f 408//2525 1824//2525 1407//2525
f 194//2526 1697//2526 1258//2526
f 1381//2527 1258//2527 1697//2527
f 1716//2528 735//2528 325//2528
f 735//2529 1716//2529 287//2529
f 948//2530 213//2530 264//2530
f 789//2531 592//2531 191//2531
f 789//2532 191//2532 362//2532
f 1593//2533 1293//2533 1060//2533
f 1293//2534 1593//2534 761//2534
f 1928//2535 923//2535 638//2535
f 1380//2536 667//2536 893//2536
f 893//2537 667//2537 1682//2537
f 1635//2538 505//2538 437//2538
f 1458//2539 269//2539 705//2539
f 709//2540 1713//2540 1918//2540
f 1713//2541 1340//2541 1918//2541
f 1430//2542 1869//2542 617//2542
f 1869//2543 1430//2543 1811//2543
f 652//2544 1684//2544 1239//2544
f 1684//2545 652//2545 1607//2545
f 1272//2546 344//2546 452//2546
f 1349//2547 344//2547 1272//2547
f 250//2548 1839//1297 966//1296
f 250//2549 966//2549 1059//2549
f 563//2550 1513//2550 1580//2550
f 563//2551 1580//2551 1499//2551
f 570//2552 1453//2552 410//2552
f 702//2553 1453//2553 570//2553
f 1374//2554 1081//2554 418//2554
f 587//2555 1081//2555 1374//2555
f 336//2556 279//2556 1113//2556
f 1282//2557 336//2557 1113//2557
f 901//2558 1004//2558 1211//2558
f 787//2559 901//2559 1211//2559
f 940//2560 873//2560 1931//2560
f 940//2561 1760//2561 873//2561
f 1609//2562 803//2562 589//2562
f 510//2563 1829//2563 424//2563
f 1829//2564 510//2564 1705//2564
f 1876//2565 1920//2565 787//2565
f 1876//2566 261//2566 1920//2566
f 1633//2567 505//2567 352//2567
f 1355//2568 1145//2568 607//2568
f 1145//2569 1355//2569 964//2569
f 598//2570 1267//2570 1578//2570
f 1317//2571 1578//2571 1267//2571
f 1615//2572 1566//2572 440//2572
f 711//2573 1615//2573 440//2573
f 584//2574 520//2574 480//2574
usemtl Leaves_02_mtl_#0
f 1624//464 853//464 1715//464
f 837//479 595//479 1177//479
f 1457//484 809//484 727//484
f 1249//499 1275//499 515//499
f 1555//508 327//508 1315//508
f 281//510 1051//510 775//510
f 197//511 707//511 1228//511
f 1304//512 898//512 1936//512
f 960//529 562//529 259//529
f 1262//544 1194//544 1703//544
f 834//551 998//551 813//551
f 1523//562 358//562 409//562
f 929//567 1501//567 1505//567
f 1408//574 810//574 1782//574
f 335//585 428//585 1296//585
f 1648//588 1915//588 479//588
f 1334//591 1877//591 942//591
f 511//592 1274//592 778//592
usemtl Branches_mtl_#0
f 937//114 904//114 1323//114
f 1902//115 1556//115 717//115
f 904//116 937//117 1541//118
f 694//120 1323//120 580//120
f 1556//122 324//122 1050//122
f 1305//123 717//123 1207//123
f 1719//124 237//124 1524//124
f 237//125 1463//125 1229//125
f 1556//129 1050//129 1575//129
f 1229//133 1463//133 1425//133
f 1319//134 1524//134 1728//134
f 1541//118 937//117 959//135
f 694//136 580//137 621//138
f 1050//140 324//140 455//140
f 1305//141 1207//141 599//141
f 1425//144 1463//144 284//144
f 959//146 937//146 1200//146
f 284//151 1834//151 742//151
f 1319//152 1728//152 1746//152
f 1200//154 937//154 870//154
f 694//136 621//138 1625//155
f 455//156 324//156 552//156
f 1305//157 599//157 1569//157
f 742//159 1834//159 1143//159
f 1143//160 1834//160 869//160
f 869//161 1834//162 984//163
f 1319//164 1746//164 407//164
f 1319//166 407//166 1451//166
f 1305//170 1569//170 1302//170
f 984//175 1319//176 533//177
f 1319//180 1451//180 434//180
f 694//182 1625//182 957//182
f 552//183 324//183 603//183
f 1305//185 1302//185 1071//185
f 533//187 1319//187 434//187
f 1223//189 870//189 1154//189
f 533//193 434//193 166//193
f 1223//194 1154//194 1696//194
f 694//195 957//195 965//195
f 603//196 324//196 1744//196
f 1617//197 1071//198 1606//199
f 1696//206 1154//206 299//206
f 694//207 965//207 845//207
f 1744//208 324//208 666//208
f 1617//209 1606//209 1726//209
f 666//213 324//213 1704//213
f 1704//214 324//214 1588//214
f 1588//215 1617//215 1831//215
f 1831//216 1617//216 1726//216
f 299//219 1154//219 465//219
f 694//220 845//220 1286//220
f 1084//225 299//225 465//225
f 465//226 1154//226 1494//226
f 1494//230 1550//230 453//230
f 1550//231 1286//231 574//231
f 453//236 1550//236 1688//236
f 1688//237 1550//238 574//239
f 574//240 1286//240 1783//240
f 1154//250 1550//250 1494//250
f 694//251 937//251 1323//251
f 937//254 1550//254 1154//254
f 870//255 937//255 1154//255
f 1834//262 1319//262 984//262
f 1719//263 1463//263 237//263
f 642//264 1546//264 199//264
f 1719//265 752//265 1656//265
f 1617//270 1838//270 1305//270
f 1902//271 1838//272 324//273
f 1556//274 1902//271 324//273
f 1305//275 1071//198 1617//197
f 1838//276 1902//276 1305//276
f 1902//277 717//277 1305//277
f 1487//288 678//288 935//288
f 829//289 935//289 678//289
f 1546//332 760//332 212//332
f 1898//333 1646//333 739//333
f 752//334 199//334 1546//334
f 509//335 1656//335 690//335
f 694//352 1649//352 937//352
f 678//353 937//353 829//353
f 752//356 1546//356 212//356
f 1656//357 752//357 690//357
f 1646//360 1898//360 1133//360
f 1646//361 760//361 739//361
f 935//366 1327//366 700//366
f 1856//367 1487//367 187//367
f 1327//368 935//368 829//368
f 1856//369 187//369 815//369
f 642//380 1656//380 509//380
f 1463//381 1834//381 284//381
f 1550//384 694//384 1286//384
f 1487//385 694//385 678//385
f 700//386 815//387 187//388
f 743//389 1741//389 1278//389
f 815//390 339//390 1856//390
f 1741//391 743//391 881//391
f 970//392 828//392 881//392
f 1729//393 931//393 970//393
f 541//394 690//394 752//394
f 546//395 1898//395 1483//395
f 212//396 1133//396 1898//396
f 1898//397 541//397 1483//397
f 1487//400 1649//400 694//400
f 1487//401 1856//401 1649//401
f 1651//418 1171//418 1025//418
f 1077//419 1651//419 1025//419
f 743//444 1278//444 1729//444
f 881//445 828//445 1278//445
f 828//446 1729//446 1278//446
f 1278//447 1741//447 881//447
f 1546//452 739//452 760//452
f 690//453 739//453 509//453
f 1856//454 339//454 1327//454
f 1856//455 1327//455 829//455
f 1646//460 1133//460 231//460
f 231//461 1441//461 1535//461
f 231//462 1535//462 1646//462
f 231//463 760//463 1441//463
f 642//469 1719//469 1319//469
f 1719//470 1524//470 1319//470
f 360//473 591//473 931//473
f 828//474 970//474 360//474
f 700//477 187//477 935//477
f 935//478 187//478 1487//478
f 760//480 1133//480 212//480
f 1133//481 760//481 231//481
f 815//387 700//386 339//482
f 339//483 700//483 1327//483
f 1319//485 1834//485 642//485
f 1656//486 642//486 1834//486
f 694//487 1550//487 678//487
f 937//488 678//488 1550//488
f 509//493 1546//493 642//493
f 1546//494 509//494 739//494
f 541//497 546//497 1483//497
f 212//498 541//498 752//498
f 1544//509 1725//509 1074//509
f 743//515 1729//515 881//515
f 1729//516 970//516 881//516
f 1904//519 686//519 1001//519
f 1077//520 1025//520 790//520
f 1025//521 1171//521 790//521
f 1787//522 258//522 1129//522
f 1171//525 1651//525 1077//525
f 1077//526 790//526 1171//526
f 690//527 1898//527 739//527
f 1898//528 690//528 541//528
f 360//530 970//530 591//530
f 970//531 931//531 591//531
f 1940//532 608//532 220//532
f 394//533 889//533 238//533
f 1123//534 1862//534 1538//534
f 1170//535 635//535 497//535
f 804//536 978//536 1551//536
f 1868//537 1718//537 973//537
f 1463//545 1719//545 1656//545
f 1834//546 1463//546 1656//546
f 1441//547 1646//547 1535//547
f 1646//548 1441//548 760//548
f 1856//549 829//549 1649//549
f 829//550 937//550 1649//550
f 1922//554 415//554 1375//554
f 1502//555 1195//555 519//555
f 415//556 1922//556 756//556
f 1442//557 164//557 381//557
f 1719//558 642//558 199//558
f 199//559 752//559 1719//559
f 324//577 1617//578 1588//579
f 324//577 1838//580 1617//578
f 1729//586 828//586 931//586
f 931//587 828//587 360//587
f 546//593 541//593 212//593
f 212//594 1898//594 546//594
usemtl Soil_mtl_#0.001
f 137//71 142//71 4//71
f 4//71 60//71 99//71
f 99//71 42//71 74//71
f 4//71 99//71 74//71
f 74//71 21//71 61//71
f 61//71 43//71 80//71
f 74//71 61//71 80//71
f 80//71 113//71 38//71
f 38//71 75//71 111//71
f 80//71 38//71 111//71
f 74//71 80//71 111//71
f 4//71 74//71 111//71
f 111//71 100//71 69//71
f 4//71 111//71 69//71
f 137//71 4//71 69//71
f 92//71 137//71 69//71
usemtl Pot_Ceramic_mtl_#0
f 107//1 52//1 127//1
f 127//1 145//1 107//1
f 145//2 103//3 136//4
f 136//4 107//4 145//2
f 57//5 11//5 136//5
f 136//5 103//5 57//5
f 119//6 85//6 52//6
f 52//6 107//6 119//6
f 136//4 124//7 119//7
f 119//7 107//4 136//4
f 11//8 149//8 124//8
f 124//8 136//8 11//8
f 106//9 7//9 85//9
f 85//9 119//9 106//9
f 119//7 124//7 6//10
f 6//10 106//11 119//7
f 149//12 23//12 6//12
f 6//12 124//12 149//12
f 78//13 87//13 7//13
f 7//13 106//13 78//13
f 106//11 6//10 160//14
f 160//14 78//15 106//11
f 23//16 94//16 160//16
f 160//16 6//16 23//16
f 18//17 48//18 87//18
f 87//18 78//17 18//17
f 78//15 160//14 31//19
f 31//19 18//20 78//15
f 94//21 16//21 31//21
f 31//21 160//21 94//21
f 66//22 132//22 48//22
f 48//22 18//22 66//22
f 18//20 31//19 68//20
f 68//20 66//23 18//20
f 16//24 81//24 68//24
f 68//24 31//24 16//24
f 30//25 152//25 132//25
f 132//25 66//25 30//25
f 66//23 68//20 84//23
f 84//23 30//26 66//23
f 81//27 104//27 84//27
f 84//27 68//27 81//27
f 86//28 76//28 152//28
f 152//28 30//28 86//28
f 30//26 84//23 82//29
f 82//29 86//30 30//26
f 104//31 77//31 82//31
f 82//31 84//31 104//31
f 56//32 88//32 76//32
f 76//32 86//32 56//32
f 86//30 82//29 126//33
f 126//33 56//34 86//30
f 77//35 54//35 126//35
f 126//35 82//35 77//35
f 70//36 157//36 88//36
f 88//36 56//36 70//36
f 56//34 126//33 144//37
f 144//37 70//38 56//34
f 54//39 131//39 144//39
f 144//39 126//39 54//39
f 71//40 89//40 157//40
f 157//40 70//40 71//40
f 70//38 144//37 101//41
f 101//41 71//42 70//38
f 131//43 9//43 101//43
f 101//43 144//43 131//43
f 110//44 35//44 89//44
f 89//44 71//44 110//44
f 71//42 101//41 39//45
f 39//45 110//46 71//42
f 9//47 28//47 39//47
f 39//47 101//47 9//47
f 40//5 153//5 35//5
f 35//5 110//5 40//5
f 110//46 39//45 10//48
f 10//48 40//49 110//46
f 28//1 62//1 10//1
f 10//1 39//1 28//1
f 51//8 49//8 153//8
f 153//8 40//8 51//8
f 40//49 10//48 64//50
f 64//50 51//51 40//49
f 62//6 138//6 64//6
f 64//6 10//6 62//6
f 55//12 143//12 49//12
f 49//12 51//12 55//12
f 51//51 64//50 53//52
f 53//52 55//53 51//51
f 138//9 46//9 53//9
f 53//9 64//9 138//9
f 162//16 5//16 143//16
f 143//16 55//16 162//16
f 55//53 53//52 24//54
f 24//54 162//55 55//53
f 46//13 36//13 24//13
f 24//13 53//13 46//13
f 29//56 146//21 5//21
f 5//21 162//56 29//56
f 162//55 24//54 65//55
f 65//55 29//57 162//55
f 36//17 125//17 65//18
f 65//18 24//18 36//17
f 25//24 133//24 146//24
f 146//24 29//24 25//24
f 29//57 65//55 37//58
f 37//58 25//59 29//57
f 125//22 45//22 37//22
f 37//22 65//22 125//22
f 148//27 120//27 133//27
f 133//27 25//27 148//27
f 25//59 37//58 161//60
f 161//60 148//61 25//59
f 45//25 90//25 161//25
f 161//25 37//25 45//25
f 134//31 44//31 120//31
f 120//31 148//31 134//31
f 148//61 161//60 128//62
f 128//62 134//63 148//61
f 90//28 33//28 128//28
f 128//28 161//28 90//28
f 13//35 97//35 44//35
f 44//35 134//35 13//35
f 134//63 128//62 141//64
f 141//64 13//65 134//63
f 33//32 50//32 141//32
f 141//32 128//32 33//32
f 121//39 8//39 97//39
f 97//39 13//39 121//39
f 13//65 141//64 72//66
f 72//66 121//67 13//65
f 50//36 114//36 72//36
f 72//36 141//36 50//36
f 154//43 67//43 8//43
f 8//43 121//43 154//43
f 121//67 72//66 2//68
f 2//68 154//69 121//67
f 114//40 105//40 2//40
f 2//40 72//40 114//40
f 145//47 127//47 67//47
f 67//47 154//47 145//47
f 154//69 2//68 103//3
f 103//3 145//2 154//69
f 105//44 57//44 103//44
f 103//44 2//44 105//44
f 114//70 50//70 33//70
f 33//70 90//70 45//70
f 45//70 125//70 36//70
f 33//70 45//70 36//70
f 36//70 46//70 138//70
f 138//70 62//70 28//70
f 36//70 138//70 28//70
f 28//70 9//70 131//70
f 131//70 54//70 77//70
f 28//70 131//70 77//70
f 36//70 28//70 77//70
f 77//70 104//70 81//70
f 81//70 16//70 94//70
f 77//70 81//70 94//70
f 94//70 23//70 149//70
f 149//70 11//70 57//70
f 94//70 149//70 57//70
f 77//70 94//70 57//70
f 36//70 77//70 57//70
f 33//70 36//70 57//70
f 114//70 33//70 57//70
f 105//70 114//70 57//70
f 127//71 52//71 85//71
f 85//71 7//71 87//71
f 127//71 85//71 87//71
f 87//71 48//71 132//71
f 132//71 152//71 76//71
f 87//71 132//71 76//71
f 127//71 87//71 76//71
f 76//71 88//71 157//71
f 157//71 89//71 35//71
f 76//71 157//71 35//71
f 35//71 153//71 49//71
f 49//71 143//71 5//71
f 35//71 49//71 5//71
f 76//71 35//71 5//71
f 127//71 76//71 5//71
f 5//71 146//71 133//71
f 133//71 120//71 44//71
f 5//71 133//71 44//71
f 127//71 5//71 44//71
f 44//71 97//71 8//71
f 127//71 44//71 8//71
f 127//71 8//71 67//71
usemtl Pot_Base_mtl_#0
f 130//70 41//70 151//70
f 151//70 22//70 122//70
f 122//70 98//70 32//70
f 151//70 122//70 32//70
f 32//70 158//70 17//70
f 17//70 102//70 58//70
f 32//70 17//70 58//70
f 58//70 112//70 15//70
f 15//70 135//70 79//70
f 58//70 15//70 79//70
f 32//70 58//70 79//70
f 79//70 156//70 108//70
f 108//70 118//70 139//70
f 79//70 108//70 139//70
f 139//70 155//70 129//70
f 129//70 19//70 93//70
f 139//70 129//70 93//70
f 79//70 139//70 93//70
f 32//70 79//70 93//70
f 151//70 32//70 93//70
f 130//70 151//70 93//70
f 83//70 130//70 93//70
f 95//71 63//71 34//71
f 34//71 20//71 1//71
f 1//71 140//71 96//71
f 34//71 1//71 96//71
f 96//71 91//71 47//71
f 47//71 26//71 117//71
f 96//71 47//71 117//71
f 117//71 73//71 27//71
f 27//71 150//71 147//71
f 117//71 27//71 147//71
f 96//71 117//71 147//71
f 147//71 3//71 115//71
f 115//71 116//71 12//71
f 147//71 115//71 12//71
f 12//71 123//71 59//71
f 59//71 109//71 159//71
f 12//71 59//71 159//71
f 147//71 12//71 159//71
f 96//71 147//71 159//71
f 34//71 96//71 159//71
f 95//71 34//71 159//71
f 14//71 95//71 159//71
f 109//72 59//72 41//72
f 41//72 130//72 109//72
f 59//73 123//74 151//73
f 151//73 41//73 59//73
f 123//75 12//75 22//75
f 22//75 151//75 123//75
f 12//76 116//76 122//76
f 122//76 22//76 12//76
f 116//77 115//77 98//77
f 98//77 122//77 116//77
f 115//78 3//78 32//78
f 32//78 98//78 115//78
f 3//79 147//79 158//79
f 158//79 32//79 3//79
f 147//80 150//80 17//80
f 17//80 158//81 147//80
f 150//82 27//82 102//82
f 102//82 17//82 150//82
f 27//83 73//84 58//85
f 58//85 102//85 27//83
f 73//86 117//87 112//86
f 112//86 58//88 73//86
f 117//89 26//90 15//91
f 15//91 112//91 117//89
f 26//92 47//92 135//92
f 135//92 15//92 26//92
f 47//93 91//93 79//94
f 79//94 135//94 47//93
f 91//95 96//95 156//95
f 156//95 79//96 91//95
f 96//97 140//97 108//97
f 108//97 156//98 96//97
f 140//99 1//99 118//100
f 118//100 108//101 140//99
f 1//102 20//103 139//102
f 139//102 118//104 1//102
f 20//105 34//105 155//105
f 155//105 139//105 20//105
f 34//106 63//107 129//106
f 129//106 155//108 34//106
f 63//109 95//109 19//109
f 19//109 129//109 63//109
f 95//110 14//110 93//110
f 93//110 19//110 95//110
f 14//111 159//111 83//111
f 83//111 93//111 14//111
f 159//112 109//112 130//112
f 130//112 83//113 159//112
